Code,Constituency,District,Candidate,Party,EVM Votes,Postal Votes,Total Votes,% Votes,Round,Last Updated Time,Last Updated Date
S221,GUMMIDIPOONDI - 1,Tiruvallur,T.J.GOVINDARAJAN,Dravida Munnetra Kazhagam,61922,570,62492,26.88,26/26,11:27 PM,04-05-2026
S221,GUMMIDIPOONDI - 1,Tiruvallur,SUDHAKAR.V,All India Anna Dravida Munnetra Kazhagam,65894,481,66375,28.55,26/26,11:27 PM,04-05-2026
S221,GUMMIDIPOONDI - 1,Tiruvallur,M.JAGADEESAN,Bahujan Samaj Party,695,2,697,0.3,26/26,11:27 PM,04-05-2026
S221,GUMMIDIPOONDI - 1,Tiruvallur,"R.SRIDAR. B.L.,",Naam Tamilar Katchi,4707,49,4756,2.05,26/26,11:27 PM,04-05-2026
S221,GUMMIDIPOONDI - 1,Tiruvallur,SDK SANKAR,Aanaithinthiya Jananayaka Pathukappu Kazhagam,593,6,599,0.26,26/26,11:27 PM,04-05-2026
S221,GUMMIDIPOONDI - 1,Tiruvallur,K. CHANDRA SEKAR,Veerath Thiyagi Viswanathadoss Thozhilalarkal Katchi,335,1,336,0.14,26/26,11:27 PM,04-05-2026
S221,GUMMIDIPOONDI - 1,Tiruvallur,S.VIJAYAKUMAR,Tamilaga Vettri Kazhagam,93820,500,94320,40.56,26/26,11:27 PM,04-05-2026
S221,GUMMIDIPOONDI - 1,Tiruvallur,M.KUMARAN,Independent,260,0,260,0.11,26/26,11:27 PM,04-05-2026
S221,GUMMIDIPOONDI - 1,Tiruvallur,GOPAL.K,Independent,174,3,177,0.08,26/26,11:27 PM,04-05-2026
S221,GUMMIDIPOONDI - 1,Tiruvallur,T.GOVINDAN,Independent,205,1,206,0.09,26/26,11:27 PM,04-05-2026
S221,GUMMIDIPOONDI - 1,Tiruvallur,A.H. SIVA GANESH,Independent,104,0,104,0.04,26/26,11:27 PM,04-05-2026
S221,GUMMIDIPOONDI - 1,Tiruvallur,D.SUDHAKAR,Independent,319,2,321,0.14,26/26,11:27 PM,04-05-2026
S221,GUMMIDIPOONDI - 1,Tiruvallur,V.SUDHAKAR,Independent,217,0,217,0.09,26/26,11:27 PM,04-05-2026
S221,GUMMIDIPOONDI - 1,Tiruvallur,D.DINESH,Independent,222,0,222,0.1,26/26,11:27 PM,04-05-2026
S221,GUMMIDIPOONDI - 1,Tiruvallur,G.RANJITH B.SC.L.L.B,Independent,502,1,503,0.22,26/26,11:27 PM,04-05-2026
S221,GUMMIDIPOONDI - 1,Tiruvallur,NOTA,None of the Above,931,6,937,0.4,26/26,11:27 PM,04-05-2026
S222,PONNERI - 2,Tiruvallur,DURAI CHANDRASEKAR,Indian National Congress,54301,370,54671,24.1,26/26,11:30 PM,04-05-2026
S222,PONNERI - 2,Tiruvallur,SANTHOSHKUMAR.J,Bahujan Samaj Party,611,4,615,0.27,26/26,11:30 PM,04-05-2026
S222,PONNERI - 2,Tiruvallur,BALARAMAN.P,All India Anna Dravida Munnetra Kazhagam,51160,308,51468,22.69,26/26,11:30 PM,04-05-2026
S222,PONNERI - 2,Tiruvallur,RAJATHI.M,Naam Tamilar Katchi,6633,43,6676,2.94,26/26,11:30 PM,04-05-2026
S222,PONNERI - 2,Tiruvallur,ASHOK PRIYADARSHAN,Desiya Makkal Sakthi Katchi,360,6,366,0.16,26/26,11:30 PM,04-05-2026
S222,PONNERI - 2,Tiruvallur,RAJA.S,Vanchit Bahujan Aaghadi,295,4,299,0.13,26/26,11:30 PM,04-05-2026
S222,PONNERI - 2,Tiruvallur,KOTTEESWARAN. K,Tamizhaga Vaazhvurimai Katchi,163,3,166,0.07,26/26,11:30 PM,04-05-2026
S222,PONNERI - 2,Tiruvallur,MALATHI.S,Tamizhaga Murpokku Makkal Katchi,371,0,371,0.16,26/26,11:30 PM,04-05-2026
S222,PONNERI - 2,Tiruvallur,DR.RAVI.M.S,Tamilaga Vettri Kazhagam,110051,388,110439,48.69,26/26,11:30 PM,04-05-2026
S222,PONNERI - 2,Tiruvallur,NAGAIYAN.G,Independent,227,5,232,0.1,26/26,11:30 PM,04-05-2026
S222,PONNERI - 2,Tiruvallur,BARATHIRAJA.K,Independent,155,4,159,0.07,26/26,11:30 PM,04-05-2026
S222,PONNERI - 2,Tiruvallur,RAJASEKAR.J,Independent,288,1,289,0.13,26/26,11:30 PM,04-05-2026
S222,PONNERI - 2,Tiruvallur,VENKATESAN.S,Independent,202,1,203,0.09,26/26,11:30 PM,04-05-2026
S222,PONNERI - 2,Tiruvallur,NOTA,None of the Above,859,6,865,0.38,26/26,11:30 PM,04-05-2026
S223,TIRUTTANI - 3,Tiruvallur,G.HARI,All India Anna Dravida Munnetra Kazhagam,87893,1276,89169,37.34,27/27,11:30 PM,04-05-2026
S223,TIRUTTANI - 3,Tiruvallur,D.KRISHNAMURTHY,Desiya Murpokku Dravida Kazhagam,53976,887,54863,22.97,27/27,11:30 PM,04-05-2026
S223,TIRUTTANI - 3,Tiruvallur,CHANDRAN .S.S,Naam Tamilar Katchi,6516,188,6704,2.81,27/27,11:30 PM,04-05-2026
S223,TIRUTTANI - 3,Tiruvallur,MUTHURAJ.G,Bahujan Samaj Party,469,1,470,0.2,27/27,11:30 PM,04-05-2026
S223,TIRUTTANI - 3,Tiruvallur,M.SATHYA KUMAR,Tamilaga Vettri Kazhagam,82608,768,83376,34.91,27/27,11:30 PM,04-05-2026
S223,TIRUTTANI - 3,Tiruvallur,BALAJI.A,Thakkam Katchi,272,0,272,0.11,27/27,11:30 PM,04-05-2026
S223,TIRUTTANI - 3,Tiruvallur,PAVENDHAN.Y.R,Tamizhaga Vaazhvurimai Katchi,130,2,132,0.06,27/27,11:30 PM,04-05-2026
S223,TIRUTTANI - 3,Tiruvallur,KRISHNAMOORTHY.K,Independent,201,9,210,0.09,27/27,11:30 PM,04-05-2026
S223,TIRUTTANI - 3,Tiruvallur,KRISHNAMOORTHY.D,Independent,460,7,467,0.2,27/27,11:30 PM,04-05-2026
S223,TIRUTTANI - 3,Tiruvallur,KRISHNAMOORTHY.M,Independent,943,3,946,0.4,27/27,11:30 PM,04-05-2026
S223,TIRUTTANI - 3,Tiruvallur,SHETTU.S,Independent,152,1,153,0.06,27/27,11:30 PM,04-05-2026
S223,TIRUTTANI - 3,Tiruvallur,DR.A.V.NARENDRAN,Independent,197,1,198,0.08,27/27,11:30 PM,04-05-2026
S223,TIRUTTANI - 3,Tiruvallur,JAMBU.B,Independent,623,5,628,0.26,27/27,11:30 PM,04-05-2026
S223,TIRUTTANI - 3,Tiruvallur,NOTA,None of the Above,1180,30,1210,0.51,27/27,11:30 PM,04-05-2026
S224,THIRUVALLUR - 4,Tiruvallur,V.G. RAAJENDRAN,Dravida Munnetra Kazhagam,66729,701,67430,29.78,24/24,11:30 PM,04-05-2026
S224,THIRUVALLUR - 4,Tiruvallur,K. SENTHILKUMAR,Naam Tamilar Katchi,5452,61,5513,2.43,24/24,11:30 PM,04-05-2026
S224,THIRUVALLUR - 4,Tiruvallur,BE VEE RAMANAH,All India Anna Dravida Munnetra Kazhagam,56086,476,56562,24.98,24/24,11:30 PM,04-05-2026
S224,THIRUVALLUR - 4,Tiruvallur,B. RAJESH KUMAR,Bahujan Samaj Party,668,6,674,0.3,24/24,11:30 PM,04-05-2026
S224,THIRUVALLUR - 4,Tiruvallur,DR. T. ARUNKUMAR,Tamilaga Vettri Kazhagam,91683,507,92190,40.71,24/24,11:30 PM,04-05-2026
S224,THIRUVALLUR - 4,Tiruvallur,E. MANI,Republican Party of India (Athawale),644,9,653,0.29,24/24,11:30 PM,04-05-2026
S224,THIRUVALLUR - 4,Tiruvallur,E. RAJARATHINAM,Tamizhaga Vaazhvurimai Katchi,134,0,134,0.06,24/24,11:30 PM,04-05-2026
S224,THIRUVALLUR - 4,Tiruvallur,N. VENKATESAN,Aanaithinthiya Jananayaka Pathukappu Kazhagam,352,2,354,0.16,24/24,11:30 PM,04-05-2026
S224,THIRUVALLUR - 4,Tiruvallur,E.KOTHANDAN,Independent,201,2,203,0.09,24/24,11:30 PM,04-05-2026
S224,THIRUVALLUR - 4,Tiruvallur,N. NAGENDRABABU,Independent,184,0,184,0.08,24/24,11:30 PM,04-05-2026
S224,THIRUVALLUR - 4,Tiruvallur,N. BALAKRISHNAN,Independent,186,0,186,0.08,24/24,11:30 PM,04-05-2026
S224,THIRUVALLUR - 4,Tiruvallur,R. RAMANAN,Independent,118,0,118,0.05,24/24,11:30 PM,04-05-2026
S224,THIRUVALLUR - 4,Tiruvallur,G. RAJENDIRAN,Independent,223,4,227,0.1,24/24,11:30 PM,04-05-2026
S224,THIRUVALLUR - 4,Tiruvallur,S. RAJENDRAN,Independent,867,1,868,0.38,24/24,11:30 PM,04-05-2026
S224,THIRUVALLUR - 4,Tiruvallur,NOTA,None of the Above,1122,10,1132,0.5,24/24,11:30 PM,04-05-2026
S225,POONAMALLEE - 5,Tiruvallur,KRISHNASWAMY.A,Dravida Munnetra Kazhagam,87803,766,88569,28.67,25/25,11:30 PM,04-05-2026
S225,POONAMALLEE - 5,Tiruvallur,MEKALA.J,Naam Tamilar Katchi,11616,81,11697,3.79,25/25,11:30 PM,04-05-2026
S225,POONAMALLEE - 5,Tiruvallur,RAJASEKARAN.K,Bahujan Samaj Party,852,8,860,0.28,25/25,11:30 PM,04-05-2026
S225,POONAMALLEE - 5,Tiruvallur,ELUMALAI.T.A,Amma Makkal Munnettra Kazagam,43017,263,43280,14.01,25/25,11:30 PM,04-05-2026
S225,POONAMALLEE - 5,Tiruvallur,PRAKASAM.R,Tamilaga Vettri Kazhagam,160643,666,161309,52.22,25/25,11:30 PM,04-05-2026
S225,POONAMALLEE - 5,Tiruvallur,SIVAKUMAR.S,Independent,297,0,297,0.1,25/25,11:30 PM,04-05-2026
S225,POONAMALLEE - 5,Tiruvallur,DHASARATHAN.R,Independent,133,0,133,0.04,25/25,11:30 PM,04-05-2026
S225,POONAMALLEE - 5,Tiruvallur,PURUSHOTHAMAN.B,Independent,254,1,255,0.08,25/25,11:30 PM,04-05-2026
S225,POONAMALLEE - 5,Tiruvallur,RAVIKUMAR.M,Independent,352,3,355,0.11,25/25,11:30 PM,04-05-2026
S225,POONAMALLEE - 5,Tiruvallur,VELU.S,Independent,263,1,264,0.09,25/25,11:30 PM,04-05-2026
S225,POONAMALLEE - 5,Tiruvallur,DR.JAYANTHI.R,Independent,299,5,304,0.1,25/25,11:30 PM,04-05-2026
S225,POONAMALLEE - 5,Tiruvallur,NOTA,None of the Above,1551,20,1571,0.51,25/25,11:30 PM,04-05-2026
S226,AVADI - 6,Tiruvallur,S. CHARLES,Bahujan Samaj Party,746,15,761,0.22,27/27,11:27 PM,04-05-2026
S226,AVADI - 6,Tiruvallur,S.M.NASAR,Dravida Munnetra Kazhagam,103115,958,104073,30.08,27/27,11:27 PM,04-05-2026
S226,AVADI - 6,Tiruvallur,PUNITHA SHANMUGAM,Naam Tamilar Katchi,16190,145,16335,4.72,27/27,11:27 PM,04-05-2026
S226,AVADI - 6,Tiruvallur,RAJASIMHA MAHENDRA,Bharatiya Janata Party,39170,435,39605,11.45,27/27,11:27 PM,04-05-2026
S226,AVADI - 6,Tiruvallur,R.Edmund Jayendren,Tamizhaga Vaazhvurimai Katchi,471,7,478,0.14,27/27,11:27 PM,04-05-2026
S226,AVADI - 6,Tiruvallur,C.S. Karnan,Anti Corruption Dynamic Party,222,2,224,0.06,27/27,11:27 PM,04-05-2026
S226,AVADI - 6,Tiruvallur,SENTHILKUMAR. S,Anna Puratchi Thalaivar Amma Dravida Munnetra Kazhagam,156,0,156,0.05,27/27,11:27 PM,04-05-2026
S226,AVADI - 6,Tiruvallur,R. BAKTHAVATCHALAM,All India Puratchi Thalaivar Makkal Munnettra Kazhagam,625,2,627,0.18,27/27,11:27 PM,04-05-2026
S226,AVADI - 6,Tiruvallur,R.RAMESH KUMAR,Tamilaga Vettri Kazhagam,179472,912,180384,52.13,27/27,11:27 PM,04-05-2026
S226,AVADI - 6,Tiruvallur,P.JAYAKUMAR,Samaniya Makkal Nala Katchi,177,0,177,0.05,27/27,11:27 PM,04-05-2026
S226,AVADI - 6,Tiruvallur,K. ANNAMALAI,Independent,77,0,77,0.02,27/27,11:27 PM,04-05-2026
S226,AVADI - 6,Tiruvallur,G.D. ARUNKUMAR,Independent,205,0,205,0.06,27/27,11:27 PM,04-05-2026
S226,AVADI - 6,Tiruvallur,M. ERAJASIMMAN,Independent,105,0,105,0.03,27/27,11:27 PM,04-05-2026
S226,AVADI - 6,Tiruvallur,R. KUMAR,Independent,305,3,308,0.09,27/27,11:27 PM,04-05-2026
S226,AVADI - 6,Tiruvallur,S. SENTHILKUMAR,Independent,167,0,167,0.05,27/27,11:27 PM,04-05-2026
S226,AVADI - 6,Tiruvallur,P. CHELLAPANDIAN,Independent,254,1,255,0.07,27/27,11:27 PM,04-05-2026
S226,AVADI - 6,Tiruvallur,K. BALAKRISHNAN,Independent,141,0,141,0.04,27/27,11:27 PM,04-05-2026
S226,AVADI - 6,Tiruvallur,R. MANIKANDAN,Independent,195,0,195,0.06,27/27,11:27 PM,04-05-2026
S226,AVADI - 6,Tiruvallur,UNIESH RAJ. M,Independent,93,1,94,0.03,27/27,11:27 PM,04-05-2026
S226,AVADI - 6,Tiruvallur,RAJASEKAR. R,Independent,105,0,105,0.03,27/27,11:27 PM,04-05-2026
S226,AVADI - 6,Tiruvallur,NOTA,None of the Above,1519,14,1533,0.44,27/27,11:27 PM,04-05-2026
S227,MADURAVOYAL - 7,Tiruvallur,GANAPATHY. K,Dravida Munnetra Kazhagam,79667,549,80216,27.31,27/27,11:27 PM,04-05-2026
S227,MADURAVOYAL - 7,Tiruvallur,P. BENJAMIN,All India Anna Dravida Munnetra Kazhagam,54456,249,54705,18.63,27/27,11:27 PM,04-05-2026
S227,MADURAVOYAL - 7,Tiruvallur,REVATHI L,Naam Tamilar Katchi,12977,47,13024,4.43,27/27,11:27 PM,04-05-2026
S227,MADURAVOYAL - 7,Tiruvallur,AGNI SELVARAJU. J,Naadaalum Makkal Katchi,264,2,266,0.09,27/27,11:27 PM,04-05-2026
S227,MADURAVOYAL - 7,Tiruvallur,MUTHURAMAN. S,Anna MGR Dravida Makkal Kalgam,70,1,71,0.02,27/27,11:27 PM,04-05-2026
S227,MADURAVOYAL - 7,Tiruvallur,MURALI. S,Naam Indiar Party,298,2,300,0.1,27/27,11:27 PM,04-05-2026
S227,MADURAVOYAL - 7,Tiruvallur,RHEVANTH CHARAN,Tamilaga Vettri Kazhagam,141423,302,141725,48.26,27/27,11:27 PM,04-05-2026
S227,MADURAVOYAL - 7,Tiruvallur,K. VENKATESAN,Veerath Thiyagi Viswanathadoss Thozhilalarkal Katchi,171,0,171,0.06,27/27,11:27 PM,04-05-2026
S227,MADURAVOYAL - 7,Tiruvallur,J. VENKATESAN,All India Puratchi Thalaivar Makkal Munnettra Kazhagam,232,1,233,0.08,27/27,11:27 PM,04-05-2026
S227,MADURAVOYAL - 7,Tiruvallur,D. ANANDAN,Independent,67,0,67,0.02,27/27,11:27 PM,04-05-2026
S227,MADURAVOYAL - 7,Tiruvallur,K. GANAPATHY,Independent,96,3,99,0.03,27/27,11:27 PM,04-05-2026
S227,MADURAVOYAL - 7,Tiruvallur,V. KAMALA KANNAN,Independent,119,0,119,0.04,27/27,11:27 PM,04-05-2026
S227,MADURAVOYAL - 7,Tiruvallur,SARAVANAN KUMAR,Independent,78,0,78,0.03,27/27,11:27 PM,04-05-2026
S227,MADURAVOYAL - 7,Tiruvallur,R. SIVA,Independent,315,7,322,0.11,27/27,11:27 PM,04-05-2026
S227,MADURAVOYAL - 7,Tiruvallur,M. BALASUBRAMANIAN,Independent,67,0,67,0.02,27/27,11:27 PM,04-05-2026
S227,MADURAVOYAL - 7,Tiruvallur,S. BENJAMIN MOSES,Independent,206,1,207,0.07,27/27,11:27 PM,04-05-2026
S227,MADURAVOYAL - 7,Tiruvallur,PONMUTHU RAMESH,Independent,200,2,202,0.07,27/27,11:27 PM,04-05-2026
S227,MADURAVOYAL - 7,Tiruvallur,N.A. MANI,Independent,157,0,157,0.05,27/27,11:27 PM,04-05-2026
S227,MADURAVOYAL - 7,Tiruvallur,R. YUVARAJ,Independent,82,2,84,0.03,27/27,11:27 PM,04-05-2026
S227,MADURAVOYAL - 7,Tiruvallur,VIGNESH NANDAGOPAL,Independent,83,0,83,0.03,27/27,11:27 PM,04-05-2026
S227,MADURAVOYAL - 7,Tiruvallur,M. JAMES,Independent,34,0,34,0.01,27/27,11:27 PM,04-05-2026
S227,MADURAVOYAL - 7,Tiruvallur,NOTA,None of the Above,1448,14,1462,0.5,27/27,11:27 PM,04-05-2026
S228,AMBATTUR - 8,Chennai,SILAMBARASAN,Naam Tamilar Katchi,11049,39,11088,4.26,28/28,11:27 PM,04-05-2026
S228,AMBATTUR - 8,Chennai,DR. J.SAILAS,Bahujan Samaj Party,441,2,443,0.17,28/28,11:27 PM,04-05-2026
S228,AMBATTUR - 8,Chennai,DR A.P. POORNIMA,Dravida Munnetra Kazhagam,74156,402,74558,28.68,28/28,11:27 PM,04-05-2026
S228,AMBATTUR - 8,Chennai,A.KALYANASUNDARAM,Nationalist Janshakti Party,584,4,588,0.23,28/28,11:27 PM,04-05-2026
S228,AMBATTUR - 8,Chennai,K.N. SEKAR,Pattali Makkal Katchi,35826,171,35997,13.85,28/28,11:27 PM,04-05-2026
S228,AMBATTUR - 8,Chennai,BALAMURUGAN.G,Tamilaga Vettri Kazhagam,132995,344,133339,51.29,28/28,11:27 PM,04-05-2026
S228,AMBATTUR - 8,Chennai,V. RAMKUMAR,India Suyarajya Party,224,0,224,0.09,28/28,11:27 PM,04-05-2026
S228,AMBATTUR - 8,Chennai,RAJKUMAR,Tamizhaga Vaazhvurimai Katchi,125,2,127,0.05,28/28,11:27 PM,04-05-2026
S228,AMBATTUR - 8,Chennai,D. JEYAGANESH,Naam Indiar Party,67,0,67,0.03,28/28,11:27 PM,04-05-2026
S228,AMBATTUR - 8,Chennai,M.S. ARUMUGAM,Independent,135,0,135,0.05,28/28,11:27 PM,04-05-2026
S228,AMBATTUR - 8,Chennai,P. ARUMUGAM,Independent,77,0,77,0.03,28/28,11:27 PM,04-05-2026
S228,AMBATTUR - 8,Chennai,G. SAMPATH,Independent,71,1,72,0.03,28/28,11:27 PM,04-05-2026
S228,AMBATTUR - 8,Chennai,K. SEKAR,Independent,125,2,127,0.05,28/28,11:27 PM,04-05-2026
S228,AMBATTUR - 8,Chennai,G.P. SEKAR,Independent,102,1,103,0.04,28/28,11:27 PM,04-05-2026
S228,AMBATTUR - 8,Chennai,PALANI,Independent,99,4,103,0.04,28/28,11:27 PM,04-05-2026
S228,AMBATTUR - 8,Chennai,R.BALAMURUGAN,Independent,493,0,493,0.19,28/28,11:27 PM,04-05-2026
S228,AMBATTUR - 8,Chennai,DR. S.PRAVEEN,Independent,305,3,308,0.12,28/28,11:27 PM,04-05-2026
S228,AMBATTUR - 8,Chennai,D. PUSHPA,Independent,66,2,68,0.03,28/28,11:27 PM,04-05-2026
S228,AMBATTUR - 8,Chennai,S. MADHAVAN,Independent,179,0,179,0.07,28/28,11:27 PM,04-05-2026
S228,AMBATTUR - 8,Chennai,D.K.MESHACK KIRUBAKARAN,Independent,102,0,102,0.04,28/28,11:27 PM,04-05-2026
S228,AMBATTUR - 8,Chennai,VINAYAGAMOORTHY.R,Independent,82,1,83,0.03,28/28,11:27 PM,04-05-2026
S228,AMBATTUR - 8,Chennai,S. JANARTHANAN,Independent,125,1,126,0.05,28/28,11:27 PM,04-05-2026
S228,AMBATTUR - 8,Chennai,JOTHI.M,Independent,89,0,89,0.03,28/28,11:27 PM,04-05-2026
S228,AMBATTUR - 8,Chennai,NOTA,None of the Above,1474,16,1490,0.57,28/28,11:27 PM,04-05-2026
S229,MADAVARAM - 9,Chennai,E.KRITHIKA,Naam Tamilar Katchi,12563,74,12637,3.49,19/19,11:27 PM,04-05-2026
S229,MADAVARAM - 9,Chennai,S.SUDHARSANAM,Dravida Munnetra Kazhagam,94782,695,95477,26.38,19/19,11:27 PM,04-05-2026
S229,MADAVARAM - 9,Chennai,MADHAVARAM V.MOORTHY,All India Anna Dravida Munnetra Kazhagam,58914,376,59290,16.38,19/19,11:27 PM,04-05-2026
S229,MADAVARAM - 9,Chennai,N.JANAKIRAMAN,Bahujan Samaj Party,530,7,537,0.15,19/19,11:27 PM,04-05-2026
S229,MADAVARAM - 9,Chennai,R.KARTHIKEYAN,Tamizhaga Vaazhvurimai Katchi,231,1,232,0.06,19/19,11:27 PM,04-05-2026
S229,MADAVARAM - 9,Chennai,I.RAFFIK,Naadaalum Makkal Katchi,675,1,676,0.19,19/19,11:27 PM,04-05-2026
S229,MADAVARAM - 9,Chennai,M.L.VIJAYPRABHU,Tamilaga Vettri Kazhagam,189784,678,190462,52.61,19/19,11:27 PM,04-05-2026
S229,MADAVARAM - 9,Chennai,S.SIVAKUMAR,Independent,198,0,198,0.05,19/19,11:27 PM,04-05-2026
S229,MADAVARAM - 9,Chennai,SUDARSANAM,Independent,155,2,157,0.04,19/19,11:27 PM,04-05-2026
S229,MADAVARAM - 9,Chennai,A.NAGARAJAN,Independent,173,4,177,0.05,19/19,11:27 PM,04-05-2026
S229,MADAVARAM - 9,Chennai,R.S.BALAJI,Independent,98,1,99,0.03,19/19,11:27 PM,04-05-2026
S229,MADAVARAM - 9,Chennai,G.PRABU,Independent,190,1,191,0.05,19/19,11:27 PM,04-05-2026
S229,MADAVARAM - 9,Chennai,A.PONNALAGAN,Independent,128,1,129,0.04,19/19,11:27 PM,04-05-2026
S229,MADAVARAM - 9,Chennai,C.MOORTHY,Independent,154,0,154,0.04,19/19,11:27 PM,04-05-2026
S229,MADAVARAM - 9,Chennai,V.MURTHY,Independent,188,0,188,0.05,19/19,11:27 PM,04-05-2026
S229,MADAVARAM - 9,Chennai,NOTA,None of the Above,1383,11,1394,0.39,19/19,11:27 PM,04-05-2026
S2210,THIRUVOTTIYUR - 10,Chennai,KUPPAN. K,All India Anna Dravida Munnetra Kazhagam,28190,130,28320,13.68,26/26,11:30 PM,04-05-2026
S2210,THIRUVOTTIYUR - 10,Chennai,SATHYA. B,Naam Tamilar Katchi,8380,33,8413,4.06,26/26,11:30 PM,04-05-2026
S2210,THIRUVOTTIYUR - 10,Chennai,SUNDARARAJ. L,Communist Party of India (Marxist),56265,238,56503,27.28,26/26,11:30 PM,04-05-2026
S2210,THIRUVOTTIYUR - 10,Chennai,MAHENDRA KUMAR. D,Bahujan Samaj Party,455,3,458,0.22,26/26,11:30 PM,04-05-2026
S2210,THIRUVOTTIYUR - 10,Chennai,SASIREKHA. M,Veerath Thiyagi Viswanathadoss Thozhilalarkal Katchi,271,0,271,0.13,26/26,11:30 PM,04-05-2026
S2210,THIRUVOTTIYUR - 10,Chennai,SENTHIL KUMAR. N,Tamilaga Vettri Kazhagam,109788,279,110067,53.15,26/26,11:30 PM,04-05-2026
S2210,THIRUVOTTIYUR - 10,Chennai,DILLI KUMAR. R,Democratic National Allegiance,198,0,198,0.1,26/26,11:30 PM,04-05-2026
S2210,THIRUVOTTIYUR - 10,Chennai,VENKATARAMANAN. J,Tamizhaga Vaazhvurimai Katchi,148,1,149,0.07,26/26,11:30 PM,04-05-2026
S2210,THIRUVOTTIYUR - 10,Chennai,ARAVIND. R,Independent,72,5,77,0.04,26/26,11:30 PM,04-05-2026
S2210,THIRUVOTTIYUR - 10,Chennai,GOPI. K,Independent,117,0,117,0.06,26/26,11:30 PM,04-05-2026
S2210,THIRUVOTTIYUR - 10,Chennai,THANIKASALAM. B,Independent,138,1,139,0.07,26/26,11:30 PM,04-05-2026
S2210,THIRUVOTTIYUR - 10,Chennai,BALARUBAN,Independent,307,0,307,0.15,26/26,11:30 PM,04-05-2026
S2210,THIRUVOTTIYUR - 10,Chennai,MICHAELRAJ. M. A,Independent,832,6,838,0.4,26/26,11:30 PM,04-05-2026
S2210,THIRUVOTTIYUR - 10,Chennai,VIJAY. A,Independent,310,6,316,0.15,26/26,11:30 PM,04-05-2026
S2210,THIRUVOTTIYUR - 10,Chennai,JANAGARAJ,Independent,109,1,110,0.05,26/26,11:30 PM,04-05-2026
S2210,THIRUVOTTIYUR - 10,Chennai,NOTA,None of the Above,795,10,805,0.39,26/26,11:30 PM,04-05-2026
S2211,DR.RADHAKRISHNAN NAGAR - 11,Chennai,R.S.RAAJESH,All India Anna Dravida Munnetra Kazhagam,26754,138,26892,14.84,18/18,11:27 PM,04-05-2026
S2211,DR.RADHAKRISHNAN NAGAR - 11,Chennai,VENNILA.T,Naam Tamilar Katchi,5330,34,5364,2.96,18/18,11:27 PM,04-05-2026
S2211,DR.RADHAKRISHNAN NAGAR - 11,Chennai,J. JOHN EBENEZER,Dravida Munnetra Kazhagam,47907,225,48132,26.56,18/18,11:27 PM,04-05-2026
S2211,DR.RADHAKRISHNAN NAGAR - 11,Chennai,E. RAAMADASAN,Makkal Nalvaazhvuk Katchi,236,0,236,0.13,18/18,11:27 PM,04-05-2026
S2211,DR.RADHAKRISHNAN NAGAR - 11,Chennai,D.KARTHIKEYAN,Samata Party,44,0,44,0.02,18/18,11:27 PM,04-05-2026
S2211,DR.RADHAKRISHNAN NAGAR - 11,Chennai,CHANDRASEKAR,Tamizhaga Murpokku Makkal Katchi,47,0,47,0.03,18/18,11:27 PM,04-05-2026
S2211,DR.RADHAKRISHNAN NAGAR - 11,Chennai,B.NAVIN,Tamizhaga Vaazhvurimai Katchi,337,1,338,0.19,18/18,11:27 PM,04-05-2026
S2211,DR.RADHAKRISHNAN NAGAR - 11,Chennai,N. MARIE WILSON,Tamilaga Vettri Kazhagam,97529,271,97800,53.97,18/18,11:27 PM,04-05-2026
S2211,DR.RADHAKRISHNAN NAGAR - 11,Chennai,A.MOHANRAJ,Socialist Unity Centre Of India (COMMUNIST),178,1,179,0.1,18/18,11:27 PM,04-05-2026
S2211,DR.RADHAKRISHNAN NAGAR - 11,Chennai,AMUDHA.N,Independent,30,0,30,0.02,18/18,11:27 PM,04-05-2026
S2211,DR.RADHAKRISHNAN NAGAR - 11,Chennai,D. AJITH KUMAR,Independent,31,1,32,0.02,18/18,11:27 PM,04-05-2026
S2211,DR.RADHAKRISHNAN NAGAR - 11,Chennai,S.EMMANUVEL,Independent,24,0,24,0.01,18/18,11:27 PM,04-05-2026
S2211,DR.RADHAKRISHNAN NAGAR - 11,Chennai,A. USHA,Independent,41,0,41,0.02,18/18,11:27 PM,04-05-2026
S2211,DR.RADHAKRISHNAN NAGAR - 11,Chennai,R.ETHIRAJ,Independent,44,0,44,0.02,18/18,11:27 PM,04-05-2026
S2211,DR.RADHAKRISHNAN NAGAR - 11,Chennai,V.SHANKAR,Independent,40,0,40,0.02,18/18,11:27 PM,04-05-2026
S2211,DR.RADHAKRISHNAN NAGAR - 11,Chennai,M. SATHISH,Independent,112,0,112,0.06,18/18,11:27 PM,04-05-2026
S2211,DR.RADHAKRISHNAN NAGAR - 11,Chennai,J.SARAVANAKUMAR,Independent,149,0,149,0.08,18/18,11:27 PM,04-05-2026
S2211,DR.RADHAKRISHNAN NAGAR - 11,Chennai,L.SARAVANAN,Independent,54,0,54,0.03,18/18,11:27 PM,04-05-2026
S2211,DR.RADHAKRISHNAN NAGAR - 11,Chennai,V.SUDHAKAR,Independent,86,0,86,0.05,18/18,11:27 PM,04-05-2026
S2211,DR.RADHAKRISHNAN NAGAR - 11,Chennai,K. SUJITH,Independent,25,0,25,0.01,18/18,11:27 PM,04-05-2026
S2211,DR.RADHAKRISHNAN NAGAR - 11,Chennai,R.TAMILARASAN,Independent,36,0,36,0.02,18/18,11:27 PM,04-05-2026
S2211,DR.RADHAKRISHNAN NAGAR - 11,Chennai,TAMILSELVAN,Independent,25,0,25,0.01,18/18,11:27 PM,04-05-2026
S2211,DR.RADHAKRISHNAN NAGAR - 11,Chennai,R.DEVAKUMAR,Independent,39,1,40,0.02,18/18,11:27 PM,04-05-2026
S2211,DR.RADHAKRISHNAN NAGAR - 11,Chennai,D.PRABHU,Independent,210,1,211,0.12,18/18,11:27 PM,04-05-2026
S2211,DR.RADHAKRISHNAN NAGAR - 11,Chennai,G. BOTHI RAJAN,Independent,53,1,54,0.03,18/18,11:27 PM,04-05-2026
S2211,DR.RADHAKRISHNAN NAGAR - 11,Chennai,MANIKANDAN.H,Independent,46,1,47,0.03,18/18,11:27 PM,04-05-2026
S2211,DR.RADHAKRISHNAN NAGAR - 11,Chennai,G. MADHAN KUMAR,Independent,17,0,17,0.01,18/18,11:27 PM,04-05-2026
S2211,DR.RADHAKRISHNAN NAGAR - 11,Chennai,V. MADHAN MOHAN,Independent,35,0,35,0.02,18/18,11:27 PM,04-05-2026
S2211,DR.RADHAKRISHNAN NAGAR - 11,Chennai,P. MARIMUTHU,Independent,35,0,35,0.02,18/18,11:27 PM,04-05-2026
S2211,DR.RADHAKRISHNAN NAGAR - 11,Chennai,R. MUTHU CHELLA BHARATHI,Independent,39,0,39,0.02,18/18,11:27 PM,04-05-2026
S2211,DR.RADHAKRISHNAN NAGAR - 11,Chennai,K. MURALI,Independent,91,0,91,0.05,18/18,11:27 PM,04-05-2026
S2211,DR.RADHAKRISHNAN NAGAR - 11,Chennai,J.MURALI KRISHNAN,Independent,47,0,47,0.03,18/18,11:27 PM,04-05-2026
S2211,DR.RADHAKRISHNAN NAGAR - 11,Chennai,C. RAJAMANICKAM,Independent,65,0,65,0.04,18/18,11:27 PM,04-05-2026
S2211,DR.RADHAKRISHNAN NAGAR - 11,Chennai,J.VIJAYAN,Independent,25,1,26,0.01,18/18,11:27 PM,04-05-2026
S2211,DR.RADHAKRISHNAN NAGAR - 11,Chennai,A.VIJAY,Independent,71,0,71,0.04,18/18,11:27 PM,04-05-2026
S2211,DR.RADHAKRISHNAN NAGAR - 11,Chennai,G. VIJAY,Independent,58,0,58,0.03,18/18,11:27 PM,04-05-2026
S2211,DR.RADHAKRISHNAN NAGAR - 11,Chennai,C.JANARTHANAN,Independent,42,0,42,0.02,18/18,11:27 PM,04-05-2026
S2211,DR.RADHAKRISHNAN NAGAR - 11,Chennai,D. JANARTHANAN,Independent,37,0,37,0.02,18/18,11:27 PM,04-05-2026
S2211,DR.RADHAKRISHNAN NAGAR - 11,Chennai,NOTA,None of the Above,561,0,561,0.31,18/18,11:27 PM,04-05-2026
S2212,PERAMBUR - 12,Chennai,R.D. SHEKAR,Dravida Munnetra Kazhagam,66080,570,66650,32.61,23/23,11:30 PM,04-05-2026
S2212,PERAMBUR - 12,Chennai,S. VETRI THAMIZHAN,Naam Tamilar Katchi,5080,34,5114,2.5,23/23,11:30 PM,04-05-2026
S2212,PERAMBUR - 12,Chennai,VETRI VEL SELVAM,Bahujan Samaj Party,172,2,174,0.09,23/23,11:30 PM,04-05-2026
S2212,PERAMBUR - 12,Chennai,ASHLIN BELMEN .A.S,Tamilnadu Mahatma Gandhi Makkal Katchi,70,1,71,0.03,23/23,11:30 PM,04-05-2026
S2212,PERAMBUR - 12,Chennai,M. GEETA,Thakkam Katchi,47,0,47,0.02,23/23,11:30 PM,04-05-2026
S2212,PERAMBUR - 12,Chennai,DR.R. SARAVANA PERUMAL,Makkal Nalvaazhvuk Katchi,39,0,39,0.02,23/23,11:30 PM,04-05-2026
S2212,PERAMBUR - 12,Chennai,SIVAKUMAR.V,Tamil Telugu National Party,30,0,30,0.01,23/23,11:30 PM,04-05-2026
S2212,PERAMBUR - 12,Chennai,S. SURESHKUMAR,Makkalatchi Katchi,45,1,46,0.02,23/23,11:30 PM,04-05-2026
S2212,PERAMBUR - 12,Chennai,J. SEBASTIN,Socialist Unity Centre Of India (COMMUNIST),100,1,101,0.05,23/23,11:30 PM,04-05-2026
S2212,PERAMBUR - 12,Chennai,M. THILAGABAMA,Pattali Makkal Katchi,8471,90,8561,4.19,23/23,11:30 PM,04-05-2026
S2212,PERAMBUR - 12,Chennai,K.M. DEVAN,Makkal Murasu Katchi,94,0,94,0.05,23/23,11:30 PM,04-05-2026
S2212,PERAMBUR - 12,Chennai,S. MALATHI,Veerath Thiyagi Viswanathadoss Thozhilalarkal Katchi,32,0,32,0.02,23/23,11:30 PM,04-05-2026
S2212,PERAMBUR - 12,Chennai,A. RAJARAM,Republican Party of India (Athawale),255,1,256,0.13,23/23,11:30 PM,04-05-2026
S2212,PERAMBUR - 12,Chennai,VIJAY,All India Jananayaka Makkal Kazhagam,207,9,216,0.11,23/23,11:30 PM,04-05-2026
S2212,PERAMBUR - 12,Chennai,D.V. VENUGOPAL,Tamizhaga Vaazhvurimai Katchi,97,1,98,0.05,23/23,11:30 PM,04-05-2026
S2212,PERAMBUR - 12,Chennai,C. JOSEPH VIJAY,Tamilaga Vettri Kazhagam,119785,580,120365,58.89,23/23,11:30 PM,04-05-2026
S2212,PERAMBUR - 12,Chennai,AGNI AALVAR,Independent,227,3,230,0.11,23/23,11:30 PM,04-05-2026
S2212,PERAMBUR - 12,Chennai,AMALA.R,Independent,31,1,32,0.02,23/23,11:30 PM,04-05-2026
S2212,PERAMBUR - 12,Chennai,AZARUTHEEN.M,Independent,78,0,78,0.04,23/23,11:30 PM,04-05-2026
S2212,PERAMBUR - 12,Chennai,P. ESAKKI MUTHU,Independent,14,0,14,0.01,23/23,11:30 PM,04-05-2026
S2212,PERAMBUR - 12,Chennai,E. UDHAYA KUMAR,Independent,15,1,16,0.01,23/23,11:30 PM,04-05-2026
S2212,PERAMBUR - 12,Chennai,M. KADHIRAVAN,Independent,41,0,41,0.02,23/23,11:30 PM,04-05-2026
S2212,PERAMBUR - 12,Chennai,P. GUNASEKAR,Independent,18,0,18,0.01,23/23,11:30 PM,04-05-2026
S2212,PERAMBUR - 12,Chennai,B. SATHISH KUMAR,Independent,19,0,19,0.01,23/23,11:30 PM,04-05-2026
S2212,PERAMBUR - 12,Chennai,SATHISH.B,Independent,19,0,19,0.01,23/23,11:30 PM,04-05-2026
S2212,PERAMBUR - 12,Chennai,P. THANGAMANI,Independent,78,0,78,0.04,23/23,11:30 PM,04-05-2026
S2212,PERAMBUR - 12,Chennai,M. TAMILSELVAM,Independent,12,0,12,0.01,23/23,11:30 PM,04-05-2026
S2212,PERAMBUR - 12,Chennai,H. DHANASEKAR,Independent,28,0,28,0.01,23/23,11:30 PM,04-05-2026
S2212,PERAMBUR - 12,Chennai,M.I. THAHIRA BANU,Independent,32,1,33,0.02,23/23,11:30 PM,04-05-2026
S2212,PERAMBUR - 12,Chennai,NIVETHA,Independent,70,0,70,0.03,23/23,11:30 PM,04-05-2026
S2212,PERAMBUR - 12,Chennai,B. BALAJI,Independent,93,0,93,0.05,23/23,11:30 PM,04-05-2026
S2212,PERAMBUR - 12,Chennai,P. PONRAJ,Independent,62,1,63,0.03,23/23,11:30 PM,04-05-2026
S2212,PERAMBUR - 12,Chennai,BOWDHARAJ,Independent,118,0,118,0.06,23/23,11:30 PM,04-05-2026
S2212,PERAMBUR - 12,Chennai,DR.D. MADAN,Independent,95,0,95,0.05,23/23,11:30 PM,04-05-2026
S2212,PERAMBUR - 12,Chennai,DR.G. MOORTHY,Independent,52,1,53,0.03,23/23,11:30 PM,04-05-2026
S2212,PERAMBUR - 12,Chennai,S. MICHAEL,Independent,24,0,24,0.01,23/23,11:30 PM,04-05-2026
S2212,PERAMBUR - 12,Chennai,S. RAMESH,Independent,17,0,17,0.01,23/23,11:30 PM,04-05-2026
S2212,PERAMBUR - 12,Chennai,V. RAJI,Independent,141,7,148,0.07,23/23,11:30 PM,04-05-2026
S2212,PERAMBUR - 12,Chennai,S. RAJESH KUMAR,Independent,21,0,21,0.01,23/23,11:30 PM,04-05-2026
S2212,PERAMBUR - 12,Chennai,REEGAN PRABHU,Independent,31,0,31,0.02,23/23,11:30 PM,04-05-2026
S2212,PERAMBUR - 12,Chennai,G. RUTHRA KUMAR,Independent,235,3,238,0.12,23/23,11:30 PM,04-05-2026
S2212,PERAMBUR - 12,Chennai,VIJAY. G,Independent,89,1,90,0.04,23/23,11:30 PM,04-05-2026
S2212,PERAMBUR - 12,Chennai,S. VISHNU VARTHAN,Independent,13,0,13,0.01,23/23,11:30 PM,04-05-2026
S2212,PERAMBUR - 12,Chennai,B. VENKATESAN,Independent,26,0,26,0.01,23/23,11:30 PM,04-05-2026
S2212,PERAMBUR - 12,Chennai,R. JAYASEELAN,Independent,51,0,51,0.02,23/23,11:30 PM,04-05-2026
S2212,PERAMBUR - 12,Chennai,S. JOSEPH,Independent,77,0,77,0.04,23/23,11:30 PM,04-05-2026
S2212,PERAMBUR - 12,Chennai,M. JOSEPH,Independent,43,0,43,0.02,23/23,11:30 PM,04-05-2026
S2212,PERAMBUR - 12,Chennai,NOTA,None of the Above,598,3,601,0.29,23/23,11:30 PM,04-05-2026
S2213,KOLATHUR - 13,Chennai,P. SANTHANA KRISHNAN,All India Anna Dravida Munnetra Kazhagam,18215,215,18430,10.01,22/22,11:27 PM,04-05-2026
S2213,KOLATHUR - 13,Chennai,SUBASHINI,Bahujan Samaj Party,226,10,236,0.13,22/22,11:27 PM,04-05-2026
S2213,KOLATHUR - 13,Chennai,SOUNDARA PANDIAN LUDER SETH,Naam Tamilar Katchi,5012,34,5046,2.74,22/22,11:27 PM,04-05-2026
S2213,KOLATHUR - 13,Chennai,M. K. STALIN,Dravida Munnetra Kazhagam,73220,982,74202,40.32,22/22,11:27 PM,04-05-2026
S2213,KOLATHUR - 13,Chennai,AATHITHYA,Samata Party,180,1,181,0.1,22/22,11:27 PM,04-05-2026
S2213,KOLATHUR - 13,Chennai,E. RAAMADASAN,Makkal Nalvaazhvuk Katchi,49,0,49,0.03,22/22,11:27 PM,04-05-2026
S2213,KOLATHUR - 13,Chennai,OORMILA,Tamizhaga Vaazhvurimai Katchi,104,1,105,0.06,22/22,11:27 PM,04-05-2026
S2213,KOLATHUR - 13,Chennai,K. ELUMALAI,Veerath Thiyagi Viswanathadoss Thozhilalarkal Katchi,24,0,24,0.01,22/22,11:27 PM,04-05-2026
S2213,KOLATHUR - 13,Chennai,SIVAGNANASAM,Desiya Makkal Sakthi Katchi,25,1,26,0.01,22/22,11:27 PM,04-05-2026
S2213,KOLATHUR - 13,Chennai,S.Y. SYED YUSUF,Republican Party of India (Athawale),476,8,484,0.26,22/22,11:27 PM,04-05-2026
S2213,KOLATHUR - 13,Chennai,V. S. BABU,Tamilaga Vettri Kazhagam,82614,383,82997,45.09,22/22,11:27 PM,04-05-2026
S2213,KOLATHUR - 13,Chennai,ARUL DOSS. A.,Independent,53,2,55,0.03,22/22,11:27 PM,04-05-2026
S2213,KOLATHUR - 13,Chennai,KAJA MAIDEEN,Independent,43,0,43,0.02,22/22,11:27 PM,04-05-2026
S2213,KOLATHUR - 13,Chennai,V. A. SUDHAKAR,Independent,31,0,31,0.02,22/22,11:27 PM,04-05-2026
S2213,KOLATHUR - 13,Chennai,M. SURESH,Independent,33,0,33,0.02,22/22,11:27 PM,04-05-2026
S2213,KOLATHUR - 13,Chennai,J. SURIYA MUTHU,Independent,83,1,84,0.05,22/22,11:27 PM,04-05-2026
S2213,KOLATHUR - 13,Chennai,R. SENTHIL KUMAR,Independent,123,2,125,0.07,22/22,11:27 PM,04-05-2026
S2213,KOLATHUR - 13,Chennai,SELVI STEFFI. V. M,Independent,120,2,122,0.07,22/22,11:27 PM,04-05-2026
S2213,KOLATHUR - 13,Chennai,NANDA KUMAR,Independent,79,0,79,0.04,22/22,11:27 PM,04-05-2026
S2213,KOLATHUR - 13,Chennai,A. L. NARESH KUMAR,Independent,74,0,74,0.04,22/22,11:27 PM,04-05-2026
S2213,KOLATHUR - 13,Chennai,V. NARESH BABU,Independent,52,0,52,0.03,22/22,11:27 PM,04-05-2026
S2213,KOLATHUR - 13,Chennai,K. PANNEER SELVAM,Independent,50,0,50,0.03,22/22,11:27 PM,04-05-2026
S2213,KOLATHUR - 13,Chennai,S. BALACHANDAR,Independent,13,0,13,0.01,22/22,11:27 PM,04-05-2026
S2213,KOLATHUR - 13,Chennai,R. BALAJI,Independent,21,0,21,0.01,22/22,11:27 PM,04-05-2026
S2213,KOLATHUR - 13,Chennai,M. POORNIMA,Independent,55,1,56,0.03,22/22,11:27 PM,04-05-2026
S2213,KOLATHUR - 13,Chennai,R. MAHESH,Independent,64,0,64,0.03,22/22,11:27 PM,04-05-2026
S2213,KOLATHUR - 13,Chennai,P. MILANY,Independent,56,0,56,0.03,22/22,11:27 PM,04-05-2026
S2213,KOLATHUR - 13,Chennai,R. RAVIKUMAR,Independent,33,1,34,0.02,22/22,11:27 PM,04-05-2026
S2213,KOLATHUR - 13,Chennai,R. RAJ GURU,Independent,152,1,153,0.08,22/22,11:27 PM,04-05-2026
S2213,KOLATHUR - 13,Chennai,RAJA. G.,Independent,28,0,28,0.02,22/22,11:27 PM,04-05-2026
S2213,KOLATHUR - 13,Chennai,A. RAJI,Independent,22,1,23,0.01,22/22,11:27 PM,04-05-2026
S2213,KOLATHUR - 13,Chennai,M. RAJESHKUMAR,Independent,72,1,73,0.04,22/22,11:27 PM,04-05-2026
S2213,KOLATHUR - 13,Chennai,VIGIRDHAN,Independent,53,0,53,0.03,22/22,11:27 PM,04-05-2026
S2213,KOLATHUR - 13,Chennai,FARMER JAYARAMAN. S K J.,Independent,22,0,22,0.01,22/22,11:27 PM,04-05-2026
S2213,KOLATHUR - 13,Chennai,S. SHARAN,Independent,34,1,35,0.02,22/22,11:27 PM,04-05-2026
S2213,KOLATHUR - 13,Chennai,NOTA,None of the Above,882,10,892,0.48,22/22,11:27 PM,04-05-2026
S2214,VILLIVAKKAM - 14,Chennai,KARTHIK MOHAN,Dravida Munnetra Kazhagam,48730,413,49143,34.74,19/19,11:30 PM,04-05-2026
S2214,VILLIVAKKAM - 14,Chennai,ROSHINI S,Naam Tamilar Katchi,4287,23,4310,3.05,19/19,11:30 PM,04-05-2026
S2214,VILLIVAKKAM - 14,Chennai,VIJAYAKUMAR S.R,All India Anna Dravida Munnetra Kazhagam,19163,175,19338,13.67,19/19,11:30 PM,04-05-2026
S2214,VILLIVAKKAM - 14,Chennai,ABDUL SHABEEK A,Tamizhaga Vaazhvurimai Katchi,147,0,147,0.1,19/19,11:30 PM,04-05-2026
S2214,VILLIVAKKAM - 14,Chennai,AJITHKUMAR A,Thakkam Katchi,146,1,147,0.1,19/19,11:30 PM,04-05-2026
S2214,VILLIVAKKAM - 14,Chennai,AADHAV ARJUNA,Tamilaga Vettri Kazhagam,66149,296,66445,46.97,19/19,11:30 PM,04-05-2026
S2214,VILLIVAKKAM - 14,Chennai,ASHOK KUMAR C.A,Independent,99,0,99,0.07,19/19,11:30 PM,04-05-2026
S2214,VILLIVAKKAM - 14,Chennai,ANBAZHAGAN G,Independent,33,0,33,0.02,19/19,11:30 PM,04-05-2026
S2214,VILLIVAKKAM - 14,Chennai,KANNAN M,Independent,55,3,58,0.04,19/19,11:30 PM,04-05-2026
S2214,VILLIVAKKAM - 14,Chennai,KANDASAMY S,Independent,41,1,42,0.03,19/19,11:30 PM,04-05-2026
S2214,VILLIVAKKAM - 14,Chennai,KARTHICK S,Independent,42,6,48,0.03,19/19,11:30 PM,04-05-2026
S2214,VILLIVAKKAM - 14,Chennai,KARTHICK P,Independent,69,2,71,0.05,19/19,11:30 PM,04-05-2026
S2214,VILLIVAKKAM - 14,Chennai,SHANMUGA D,Independent,103,4,107,0.08,19/19,11:30 PM,04-05-2026
S2214,VILLIVAKKAM - 14,Chennai,CHARAVANAN M.P,Independent,27,2,29,0.02,19/19,11:30 PM,04-05-2026
S2214,VILLIVAKKAM - 14,Chennai,SOLOMON J.R,Independent,50,1,51,0.04,19/19,11:30 PM,04-05-2026
S2214,VILLIVAKKAM - 14,Chennai,SUBRAMANI K,Independent,77,0,77,0.05,19/19,11:30 PM,04-05-2026
S2214,VILLIVAKKAM - 14,Chennai,DHAYANIDHI D,Independent,184,0,184,0.13,19/19,11:30 PM,04-05-2026
S2214,VILLIVAKKAM - 14,Chennai,DEVARAJAN G,Independent,62,0,62,0.04,19/19,11:30 PM,04-05-2026
S2214,VILLIVAKKAM - 14,Chennai,BALAMURALI G,Independent,50,0,50,0.04,19/19,11:30 PM,04-05-2026
S2214,VILLIVAKKAM - 14,Chennai,PURUSHOTHAMAN P,Independent,10,0,10,0.01,19/19,11:30 PM,04-05-2026
S2214,VILLIVAKKAM - 14,Chennai,MANIMARAN P,Independent,25,0,25,0.02,19/19,11:30 PM,04-05-2026
S2214,VILLIVAKKAM - 14,Chennai,MURALI R,Independent,88,0,88,0.06,19/19,11:30 PM,04-05-2026
S2214,VILLIVAKKAM - 14,Chennai,MURALI VINODH M,Independent,27,1,28,0.02,19/19,11:30 PM,04-05-2026
S2214,VILLIVAKKAM - 14,Chennai,YUVARAJ S,Independent,32,0,32,0.02,19/19,11:30 PM,04-05-2026
S2214,VILLIVAKKAM - 14,Chennai,RAJI M,Independent,9,0,9,0.01,19/19,11:30 PM,04-05-2026
S2214,VILLIVAKKAM - 14,Chennai,VIJAYAKUMAR G,Independent,45,1,46,0.03,19/19,11:30 PM,04-05-2026
S2214,VILLIVAKKAM - 14,Chennai,VIJAYAKUMAR D,Independent,30,0,30,0.02,19/19,11:30 PM,04-05-2026
S2214,VILLIVAKKAM - 14,Chennai,JAYA ZEBA C,Independent,48,0,48,0.03,19/19,11:30 PM,04-05-2026
S2214,VILLIVAKKAM - 14,Chennai,NOTA,None of the Above,691,4,695,0.49,19/19,11:30 PM,04-05-2026
S2215,THIRU-VI-KA-NAGAR - 15,Chennai,K. S. RAVICHANDRAN,Dravida Munnetra Kazhagam,46380,412,46792,32.52,17/17,11:30 PM,04-05-2026
S2215,THIRU-VI-KA-NAGAR - 15,Chennai,PORKODI ARMSTRONG,All India Anna Dravida Munnetra Kazhagam,23080,224,23304,16.19,17/17,11:30 PM,04-05-2026
S2215,THIRU-VI-KA-NAGAR - 15,Chennai,JAGADESH CHANDER .M,Naam Tamilar Katchi,2637,21,2658,1.85,17/17,11:30 PM,04-05-2026
S2215,THIRU-VI-KA-NAGAR - 15,Chennai,C. CHRISTY,All India Puratchi Thalaivar Makkal Munnettra Kazhagam,92,2,94,0.07,17/17,11:30 PM,04-05-2026
S2215,THIRU-VI-KA-NAGAR - 15,Chennai,A. SELVA KUMAR,Thakkam Katchi,170,0,170,0.12,17/17,11:30 PM,04-05-2026
S2215,THIRU-VI-KA-NAGAR - 15,Chennai,M. R. PALLAVI,Tamilaga Vettri Kazhagam,68768,357,69125,48.04,17/17,11:30 PM,04-05-2026
S2215,THIRU-VI-KA-NAGAR - 15,Chennai,S JAYAKALPANA,Republican Party of India (Athawale),342,8,350,0.24,17/17,11:30 PM,04-05-2026
S2215,THIRU-VI-KA-NAGAR - 15,Chennai,R. ANANDAN,Independent,28,1,29,0.02,17/17,11:30 PM,04-05-2026
S2215,THIRU-VI-KA-NAGAR - 15,Chennai,M. KANNADASAN,Independent,20,3,23,0.02,17/17,11:30 PM,04-05-2026
S2215,THIRU-VI-KA-NAGAR - 15,Chennai,M. KOLANJI,Independent,77,0,77,0.05,17/17,11:30 PM,04-05-2026
S2215,THIRU-VI-KA-NAGAR - 15,Chennai,D. SATHISH KUMAR,Independent,39,1,40,0.03,17/17,11:30 PM,04-05-2026
S2215,THIRU-VI-KA-NAGAR - 15,Chennai,SATHISH,Independent,19,2,21,0.01,17/17,11:30 PM,04-05-2026
S2215,THIRU-VI-KA-NAGAR - 15,Chennai,S. SENTHAMIZHAN,Independent,18,0,18,0.01,17/17,11:30 PM,04-05-2026
S2215,THIRU-VI-KA-NAGAR - 15,Chennai,G. J. DHARANIRAJ,Independent,27,0,27,0.02,17/17,11:30 PM,04-05-2026
S2215,THIRU-VI-KA-NAGAR - 15,Chennai,S. PARTHIBAN,Independent,44,1,45,0.03,17/17,11:30 PM,04-05-2026
S2215,THIRU-VI-KA-NAGAR - 15,Chennai,PRAKASH ARUNACHALAM,Independent,133,1,134,0.09,17/17,11:30 PM,04-05-2026
S2215,THIRU-VI-KA-NAGAR - 15,Chennai,PRASANTH. D,Independent,134,0,134,0.09,17/17,11:30 PM,04-05-2026
S2215,THIRU-VI-KA-NAGAR - 15,Chennai,PRAVEEN THIYAGARAJAN,Independent,70,0,70,0.05,17/17,11:30 PM,04-05-2026
S2215,THIRU-VI-KA-NAGAR - 15,Chennai,R. MURUGAN,Independent,32,0,32,0.02,17/17,11:30 PM,04-05-2026
S2215,THIRU-VI-KA-NAGAR - 15,Chennai,M. MOHAN,Independent,15,0,15,0.01,17/17,11:30 PM,04-05-2026
S2215,THIRU-VI-KA-NAGAR - 15,Chennai,S. RAJENDRAN,Independent,38,2,40,0.03,17/17,11:30 PM,04-05-2026
S2215,THIRU-VI-KA-NAGAR - 15,Chennai,M. LOKESH,Independent,127,0,127,0.09,17/17,11:30 PM,04-05-2026
S2215,THIRU-VI-KA-NAGAR - 15,Chennai,C. JAGAN MOHAN,Independent,50,1,51,0.04,17/17,11:30 PM,04-05-2026
S2215,THIRU-VI-KA-NAGAR - 15,Chennai,NOTA,None of the Above,523,4,527,0.37,17/17,11:30 PM,04-05-2026
S2216,EGMORE - 16,Chennai,ABISHEK. R,All India Anna Dravida Munnetra Kazhagam,17976,215,18191,15.19,15/15,11:27 PM,04-05-2026
S2216,EGMORE - 16,Chennai,SARANYA IMRAN,Naam Tamilar Katchi,2497,25,2522,2.11,15/15,11:27 PM,04-05-2026
S2216,EGMORE - 16,Chennai,TAMILAN PRASANNA,Dravida Munnetra Kazhagam,42728,369,43097,35.99,15/15,11:27 PM,04-05-2026
S2216,EGMORE - 16,Chennai,ARUN RAO. N.A,Naam Indiar Party,152,0,152,0.13,15/15,11:27 PM,04-05-2026
S2216,EGMORE - 16,Chennai,DR.N. GUNASEKAR,Republican Party of India (Athawale),204,5,209,0.17,15/15,11:27 PM,04-05-2026
S2216,EGMORE - 16,Chennai,D. THIRUNAVUKKARASAR,Tamizhaga Vaazhvurimai Katchi,109,2,111,0.09,15/15,11:27 PM,04-05-2026
S2216,EGMORE - 16,Chennai,T. MAGIZHANBAN,All India Puratchi Thalaivar Makkal Munnettra Kazhagam,97,2,99,0.08,15/15,11:27 PM,04-05-2026
S2216,EGMORE - 16,Chennai,G.R. RAJENDRAN,National Maha Sabha Party,169,4,173,0.14,15/15,11:27 PM,04-05-2026
S2216,EGMORE - 16,Chennai,RAJMOHAN,Tamilaga Vettri Kazhagam,53520,381,53901,45.02,15/15,11:27 PM,04-05-2026
S2216,EGMORE - 16,Chennai,ARAVINDAN,Independent,65,0,65,0.05,15/15,11:27 PM,04-05-2026
S2216,EGMORE - 16,Chennai,R. KUMARAVEL,Independent,41,0,41,0.03,15/15,11:27 PM,04-05-2026
S2216,EGMORE - 16,Chennai,M. NAGARAJAN,Independent,54,0,54,0.05,15/15,11:27 PM,04-05-2026
S2216,EGMORE - 16,Chennai,S. PICHAMUTHU,Independent,51,0,51,0.04,15/15,11:27 PM,04-05-2026
S2216,EGMORE - 16,Chennai,RAJKUMAR,Independent,44,0,44,0.04,15/15,11:27 PM,04-05-2026
S2216,EGMORE - 16,Chennai,RAJMOHAN,Independent,88,4,92,0.08,15/15,11:27 PM,04-05-2026
S2216,EGMORE - 16,Chennai,S. VINOTH KUMAR,Independent,153,2,155,0.13,15/15,11:27 PM,04-05-2026
S2216,EGMORE - 16,Chennai,VENKATESH. K,Independent,60,0,60,0.05,15/15,11:27 PM,04-05-2026
S2216,EGMORE - 16,Chennai,SRIDHAR. M,Independent,26,0,26,0.02,15/15,11:27 PM,04-05-2026
S2216,EGMORE - 16,Chennai,NOTA,None of the Above,692,3,695,0.58,15/15,11:27 PM,04-05-2026
S2217,ROYAPURAM - 17,Chennai,DR. A. SUBAIR KHAN,Dravida Munnetra Kazhagam,44514,328,44842,35.21,15/15,11:30 PM,04-05-2026
S2217,ROYAPURAM - 17,Chennai,A. BABU MAILAN,Naam Tamilar Katchi,2918,29,2947,2.31,15/15,11:30 PM,04-05-2026
S2217,ROYAPURAM - 17,Chennai,D. JAYAKUMAR,All India Anna Dravida Munnetra Kazhagam,18170,250,18420,14.46,15/15,11:30 PM,04-05-2026
S2217,ROYAPURAM - 17,Chennai,M. JAYARAJKUMAR,Bahujan Samaj Party,219,3,222,0.17,15/15,11:30 PM,04-05-2026
S2217,ROYAPURAM - 17,Chennai,A. SATHIK KUMAR,Democratic National Allegiance,61,2,63,0.05,15/15,11:30 PM,04-05-2026
S2217,ROYAPURAM - 17,Chennai,M. RAJKUMAR,Tamizhaga Vaazhvurimai Katchi,83,0,83,0.07,15/15,11:30 PM,04-05-2026
S2217,ROYAPURAM - 17,Chennai,R. VINOTHKUMAR,Naam Indiar Party,149,0,149,0.12,15/15,11:30 PM,04-05-2026
S2217,ROYAPURAM - 17,Chennai,K.V. VIJAY DAMU,Tamilaga Vettri Kazhagam,58710,381,59091,46.4,15/15,11:30 PM,04-05-2026
S2217,ROYAPURAM - 17,Chennai,T. KAVIYARASU,Independent,64,0,64,0.05,15/15,11:30 PM,04-05-2026
S2217,ROYAPURAM - 17,Chennai,G. KARTHIKEYAN,Independent,39,1,40,0.03,15/15,11:30 PM,04-05-2026
S2217,ROYAPURAM - 17,Chennai,KERTHIVARUNNAN .R,Independent,37,1,38,0.03,15/15,11:30 PM,04-05-2026
S2217,ROYAPURAM - 17,Chennai,A. SASIKUMAR,Independent,37,0,37,0.03,15/15,11:30 PM,04-05-2026
S2217,ROYAPURAM - 17,Chennai,M. SHANMUGAM,Independent,18,2,20,0.02,15/15,11:30 PM,04-05-2026
S2217,ROYAPURAM - 17,Chennai,K.J. SIVAKUMAR,Independent,30,1,31,0.02,15/15,11:30 PM,04-05-2026
S2217,ROYAPURAM - 17,Chennai,P. SUMATHI,Independent,47,2,49,0.04,15/15,11:30 PM,04-05-2026
S2217,ROYAPURAM - 17,Chennai,J. SELVAKUMAR,Independent,83,1,84,0.07,15/15,11:30 PM,04-05-2026
S2217,ROYAPURAM - 17,Chennai,M DHINAKARAN,Independent,216,0,216,0.17,15/15,11:30 PM,04-05-2026
S2217,ROYAPURAM - 17,Chennai,A. NIZAR AHAMED,Independent,37,0,37,0.03,15/15,11:30 PM,04-05-2026
S2217,ROYAPURAM - 17,Chennai,V. BHAGATH SINGH,Independent,62,0,62,0.05,15/15,11:30 PM,04-05-2026
S2217,ROYAPURAM - 17,Chennai,K. PRASATH,Independent,36,0,36,0.03,15/15,11:30 PM,04-05-2026
S2217,ROYAPURAM - 17,Chennai,M. MAHALAKSHMI,Independent,29,1,30,0.02,15/15,11:30 PM,04-05-2026
S2217,ROYAPURAM - 17,Chennai,S. RAJU,Independent,13,0,13,0.01,15/15,11:30 PM,04-05-2026
S2217,ROYAPURAM - 17,Chennai,T. RAJESH,Independent,52,0,52,0.04,15/15,11:30 PM,04-05-2026
S2217,ROYAPURAM - 17,Chennai,R. RAJKUMAR,Independent,99,0,99,0.08,15/15,11:30 PM,04-05-2026
S2217,ROYAPURAM - 17,Chennai,A. JAYAKUMAR,Independent,35,0,35,0.03,15/15,11:30 PM,04-05-2026
S2217,ROYAPURAM - 17,Chennai,D. JAYAKUMAR,Independent,75,1,76,0.06,15/15,11:30 PM,04-05-2026
S2217,ROYAPURAM - 17,Chennai,I JAYAPRAKASH,Independent,34,0,34,0.03,15/15,11:30 PM,04-05-2026
S2217,ROYAPURAM - 17,Chennai,C. SRIDHAR,Independent,27,0,27,0.02,15/15,11:30 PM,04-05-2026
S2217,ROYAPURAM - 17,Chennai,NOTA,None of the Above,451,8,459,0.36,15/15,11:30 PM,04-05-2026
S2218,HARBOUR - 18,Chennai,M SURESH,Bahujan Samaj Party,231,1,232,0.23,14/14,11:27 PM,04-05-2026
S2218,HARBOUR - 18,Chennai,P K SEKARBABU,Dravida Munnetra Kazhagam,45073,181,45254,45.43,14/14,11:27 PM,04-05-2026
S2218,HARBOUR - 18,Chennai,R FOUZAN SHARIFF,Naam Tamilar Katchi,1598,9,1607,1.61,14/14,11:27 PM,04-05-2026
S2218,HARBOUR - 18,Chennai,R MANOHAR,All India Anna Dravida Munnetra Kazhagam,17191,65,17256,17.32,14/14,11:27 PM,04-05-2026
S2218,HARBOUR - 18,Chennai,SINORA P S ASHOK,Tamilaga Vettri Kazhagam,33426,78,33504,33.63,14/14,11:27 PM,04-05-2026
S2218,HARBOUR - 18,Chennai,SIVALINGAM ASHOK,Independent,289,2,291,0.29,14/14,11:27 PM,04-05-2026
S2218,HARBOUR - 18,Chennai,ASHOK KUMAR,Independent,76,0,76,0.08,14/14,11:27 PM,04-05-2026
S2218,HARBOUR - 18,Chennai,S GANESH,Independent,63,2,65,0.07,14/14,11:27 PM,04-05-2026
S2218,HARBOUR - 18,Chennai,D KABILAN,Independent,21,1,22,0.02,14/14,11:27 PM,04-05-2026
S2218,HARBOUR - 18,Chennai,M KALAIVENTHAN,Independent,18,0,18,0.02,14/14,11:27 PM,04-05-2026
S2218,HARBOUR - 18,Chennai,SANKAR A,Independent,197,0,197,0.2,14/14,11:27 PM,04-05-2026
S2218,HARBOUR - 18,Chennai,J SHANMUGAPRIYAN,Independent,28,0,28,0.03,14/14,11:27 PM,04-05-2026
S2218,HARBOUR - 18,Chennai,R DINESH,Independent,20,0,20,0.02,14/14,11:27 PM,04-05-2026
S2218,HARBOUR - 18,Chennai,J M NIRAIMOZHI,Independent,34,0,34,0.03,14/14,11:27 PM,04-05-2026
S2218,HARBOUR - 18,Chennai,A NEPOLIAN,Independent,30,0,30,0.03,14/14,11:27 PM,04-05-2026
S2218,HARBOUR - 18,Chennai,BABU SINGH,Independent,108,0,108,0.11,14/14,11:27 PM,04-05-2026
S2218,HARBOUR - 18,Chennai,K E MANOHAR,Independent,56,0,56,0.06,14/14,11:27 PM,04-05-2026
S2218,HARBOUR - 18,Chennai,G VISU,Independent,73,0,73,0.07,14/14,11:27 PM,04-05-2026
S2218,HARBOUR - 18,Chennai,I VINOD,Independent,10,0,10,0.01,14/14,11:27 PM,04-05-2026
S2218,HARBOUR - 18,Chennai,P VIJAYAKUMAR,Independent,46,0,46,0.05,14/14,11:27 PM,04-05-2026
S2218,HARBOUR - 18,Chennai,T VIJAYARAJ,Independent,53,0,53,0.05,14/14,11:27 PM,04-05-2026
S2218,HARBOUR - 18,Chennai,S VEERABATHRAN,Independent,16,0,16,0.02,14/14,11:27 PM,04-05-2026
S2218,HARBOUR - 18,Chennai,V JAGADEESAN,Independent,26,0,26,0.03,14/14,11:27 PM,04-05-2026
S2218,HARBOUR - 18,Chennai,NOTA,None of the Above,600,0,600,0.6,14/14,11:27 PM,04-05-2026
S2219,CHEPAUK-THIRUVALLIKENI - 19,Chennai,AADIRAJARAM,All India Anna Dravida Munnetra Kazhagam,16368,139,16507,11.73,17/17,11:27 PM,04-05-2026
S2219,CHEPAUK-THIRUVALLIKENI - 19,Chennai,AYSHA,Naam Tamilar Katchi,2959,12,2971,2.11,17/17,11:27 PM,04-05-2026
S2219,CHEPAUK-THIRUVALLIKENI - 19,Chennai,UDHAYANIDHI STALIN,Dravida Munnetra Kazhagam,62560,432,62992,44.76,17/17,11:27 PM,04-05-2026
S2219,CHEPAUK-THIRUVALLIKENI - 19,Chennai,MOHAMMED YASSER,Bahujan Samaj Party,243,1,244,0.17,17/17,11:27 PM,04-05-2026
S2219,CHEPAUK-THIRUVALLIKENI - 19,Chennai,IRFAN BASHA,Tamizhaga Vaazhvurimai Katchi,144,1,145,0.1,17/17,11:27 PM,04-05-2026
S2219,CHEPAUK-THIRUVALLIKENI - 19,Chennai,SELVAM. D,Tamilaga Vettri Kazhagam,55636,216,55852,39.68,17/17,11:27 PM,04-05-2026
S2219,CHEPAUK-THIRUVALLIKENI - 19,Chennai,AGNI AALVAR,Independent,242,1,243,0.17,17/17,11:27 PM,04-05-2026
S2219,CHEPAUK-THIRUVALLIKENI - 19,Chennai,ATHIMULAM,Independent,30,0,30,0.02,17/17,11:27 PM,04-05-2026
S2219,CHEPAUK-THIRUVALLIKENI - 19,Chennai,AYISHA,Independent,70,2,72,0.05,17/17,11:27 PM,04-05-2026
S2219,CHEPAUK-THIRUVALLIKENI - 19,Chennai,ARUMUGAM. C,Independent,25,0,25,0.02,17/17,11:27 PM,04-05-2026
S2219,CHEPAUK-THIRUVALLIKENI - 19,Chennai,KUMAR. M,Independent,29,4,33,0.02,17/17,11:27 PM,04-05-2026
S2219,CHEPAUK-THIRUVALLIKENI - 19,Chennai,SAAMY. S.K. DR,Independent,40,0,40,0.03,17/17,11:27 PM,04-05-2026
S2219,CHEPAUK-THIRUVALLIKENI - 19,Chennai,SEENIVASAN. L,Independent,27,2,29,0.02,17/17,11:27 PM,04-05-2026
S2219,CHEPAUK-THIRUVALLIKENI - 19,Chennai,SELVAM. K,Independent,42,1,43,0.03,17/17,11:27 PM,04-05-2026
S2219,CHEPAUK-THIRUVALLIKENI - 19,Chennai,SELVAM. K,Independent,37,0,37,0.03,17/17,11:27 PM,04-05-2026
S2219,CHEPAUK-THIRUVALLIKENI - 19,Chennai,SYEED LAYAK BHASHA,Independent,83,0,83,0.06,17/17,11:27 PM,04-05-2026
S2219,CHEPAUK-THIRUVALLIKENI - 19,Chennai,BHARATHKUMAR. G,Independent,69,0,69,0.05,17/17,11:27 PM,04-05-2026
S2219,CHEPAUK-THIRUVALLIKENI - 19,Chennai,MILANY. P,Independent,30,0,30,0.02,17/17,11:27 PM,04-05-2026
S2219,CHEPAUK-THIRUVALLIKENI - 19,Chennai,MIRZA SAFDER ALI,Independent,185,0,185,0.13,17/17,11:27 PM,04-05-2026
S2219,CHEPAUK-THIRUVALLIKENI - 19,Chennai,MOHAMED DHARIK. I,Independent,38,0,38,0.03,17/17,11:27 PM,04-05-2026
S2219,CHEPAUK-THIRUVALLIKENI - 19,Chennai,MOHAMED MEERA. A,Independent,68,0,68,0.05,17/17,11:27 PM,04-05-2026
S2219,CHEPAUK-THIRUVALLIKENI - 19,Chennai,RAJASEKAR. S,Independent,115,0,115,0.08,17/17,11:27 PM,04-05-2026
S2219,CHEPAUK-THIRUVALLIKENI - 19,Chennai,RAJESHKUMAR. K,Independent,154,0,154,0.11,17/17,11:27 PM,04-05-2026
S2219,CHEPAUK-THIRUVALLIKENI - 19,Chennai,VIJAYA KUMAR. B,Independent,34,0,34,0.02,17/17,11:27 PM,04-05-2026
S2219,CHEPAUK-THIRUVALLIKENI - 19,Chennai,SELVAM ( ALIAS ) VENKATESH,Independent,26,0,26,0.02,17/17,11:27 PM,04-05-2026
S2219,CHEPAUK-THIRUVALLIKENI - 19,Chennai,SELVAM ( ALIAS ) HARINARAYANAN,Independent,33,0,33,0.02,17/17,11:27 PM,04-05-2026
S2219,CHEPAUK-THIRUVALLIKENI - 19,Chennai,NOTA,None of the Above,636,7,643,0.46,17/17,11:27 PM,04-05-2026
S2220,THOUSAND LIGHTS - 20,Chennai,EZHILAN NAGANATHAN,Dravida Munnetra Kazhagam,43224,600,43824,33.24,18/18,11:30 PM,04-05-2026
S2220,THOUSAND LIGHTS - 20,Chennai,KALANCHIYAM.MU,Naam Tamilar Katchi,3680,37,3717,2.82,18/18,11:30 PM,04-05-2026
S2220,THOUSAND LIGHTS - 20,Chennai,VALARMATHI.B,All India Anna Dravida Munnetra Kazhagam,22971,349,23320,17.69,18/18,11:30 PM,04-05-2026
S2220,THOUSAND LIGHTS - 20,Chennai,PRABHAKAR.J.C.D,Tamilaga Vettri Kazhagam,58545,420,58965,44.73,18/18,11:30 PM,04-05-2026
S2220,THOUSAND LIGHTS - 20,Chennai,MOHAMED GHOUSE.H,Tamizhaga Vaazhvurimai Katchi,200,3,203,0.15,18/18,11:30 PM,04-05-2026
S2220,THOUSAND LIGHTS - 20,Chennai,KARTHIKEYAN.S,Independent,60,1,61,0.05,18/18,11:30 PM,04-05-2026
S2220,THOUSAND LIGHTS - 20,Chennai,SHANKAR.V,Independent,40,2,42,0.03,18/18,11:30 PM,04-05-2026
S2220,THOUSAND LIGHTS - 20,Chennai,SATHYA.A,Independent,161,4,165,0.13,18/18,11:30 PM,04-05-2026
S2220,THOUSAND LIGHTS - 20,Chennai,SUNDARA RAJU.A,Independent,48,0,48,0.04,18/18,11:30 PM,04-05-2026
S2220,THOUSAND LIGHTS - 20,Chennai,DHANASEKARAN.V,Independent,21,2,23,0.02,18/18,11:30 PM,04-05-2026
S2220,THOUSAND LIGHTS - 20,Chennai,PACHAIYAPPAN.E,Independent,20,0,20,0.02,18/18,11:30 PM,04-05-2026
S2220,THOUSAND LIGHTS - 20,Chennai,PRABHAKARAN.T,Independent,36,0,36,0.03,18/18,11:30 PM,04-05-2026
S2220,THOUSAND LIGHTS - 20,Chennai,PRABHAKARAN.B,Independent,63,1,64,0.05,18/18,11:30 PM,04-05-2026
S2220,THOUSAND LIGHTS - 20,Chennai,PRABHAKARAN.V,Independent,62,1,63,0.05,18/18,11:30 PM,04-05-2026
S2220,THOUSAND LIGHTS - 20,Chennai,MUNIYAN.E,Independent,26,2,28,0.02,18/18,11:30 PM,04-05-2026
S2220,THOUSAND LIGHTS - 20,Chennai,VALARMATHI.E,Independent,233,12,245,0.19,18/18,11:30 PM,04-05-2026
S2220,THOUSAND LIGHTS - 20,Chennai,VALARMATHY.D,Independent,100,2,102,0.08,18/18,11:30 PM,04-05-2026
S2220,THOUSAND LIGHTS - 20,Chennai,VIJAY.D,Independent,77,6,83,0.06,18/18,11:30 PM,04-05-2026
S2220,THOUSAND LIGHTS - 20,Chennai,NOTA,None of the Above,800,15,815,0.62,18/18,11:30 PM,04-05-2026
S2221,ANNA NAGAR - 21,Chennai,S.GOKULA INDIRA,All India Anna Dravida Munnetra Kazhagam,33923,459,34382,21.05,20/20,11:27 PM,04-05-2026
S2221,ANNA NAGAR - 21,Chennai,S.SHANKAR,Naam Tamilar Katchi,4796,43,4839,2.96,20/20,11:27 PM,04-05-2026
S2221,ANNA NAGAR - 21,Chennai,N.CHITRARASU,Dravida Munnetra Kazhagam,49367,645,50012,30.62,20/20,11:27 PM,04-05-2026
S2221,ANNA NAGAR - 21,Chennai,B.ANAND,Thakkam Katchi,124,3,127,0.08,20/20,11:27 PM,04-05-2026
S2221,ANNA NAGAR - 21,Chennai,S.DHAYALAN,Thamizhaga Munnetra Congress,184,2,186,0.11,20/20,11:27 PM,04-05-2026
S2221,ANNA NAGAR - 21,Chennai,V.K.RAMKUMAR,Tamilaga Vettri Kazhagam,70986,389,71375,43.7,20/20,11:27 PM,04-05-2026
S2221,ANNA NAGAR - 21,Chennai,E.V.S.RAJAKUMAR NAIDU,Tamil Telugu National Party,133,1,134,0.08,20/20,11:27 PM,04-05-2026
S2221,ANNA NAGAR - 21,Chennai,N.P.RAJHA,Naam Indiar Party,23,0,23,0.01,20/20,11:27 PM,04-05-2026
S2221,ANNA NAGAR - 21,Chennai,T S HABEEB MOHAMMAD,Independent,127,4,131,0.08,20/20,11:27 PM,04-05-2026
S2221,ANNA NAGAR - 21,Chennai,S ANSAR ALI,Independent,24,3,27,0.02,20/20,11:27 PM,04-05-2026
S2221,ANNA NAGAR - 21,Chennai,G OMPRAKASH,Independent,39,2,41,0.03,20/20,11:27 PM,04-05-2026
S2221,ANNA NAGAR - 21,Chennai,L KASINATHAN,Independent,50,0,50,0.03,20/20,11:27 PM,04-05-2026
S2221,ANNA NAGAR - 21,Chennai,S SATHISH KUMAR,Independent,50,0,50,0.03,20/20,11:27 PM,04-05-2026
S2221,ANNA NAGAR - 21,Chennai,G.SIVA KUMAR,Independent,57,1,58,0.04,20/20,11:27 PM,04-05-2026
S2221,ANNA NAGAR - 21,Chennai,M SELVAMUTHUKUMAR,Independent,36,0,36,0.02,20/20,11:27 PM,04-05-2026
S2221,ANNA NAGAR - 21,Chennai,L NARENDRAN,Independent,129,0,129,0.08,20/20,11:27 PM,04-05-2026
S2221,ANNA NAGAR - 21,Chennai,J NAGARAJ,Independent,126,0,126,0.08,20/20,11:27 PM,04-05-2026
S2221,ANNA NAGAR - 21,Chennai,M MANOHARAN,Independent,26,1,27,0.02,20/20,11:27 PM,04-05-2026
S2221,ANNA NAGAR - 21,Chennai,MOHAMMED BILAL FATHICK,Independent,101,0,101,0.06,20/20,11:27 PM,04-05-2026
S2221,ANNA NAGAR - 21,Chennai,RAMAMOORTHY E,Independent,33,2,35,0.02,20/20,11:27 PM,04-05-2026
S2221,ANNA NAGAR - 21,Chennai,RAJENDIRAN NAIDU,Independent,70,0,70,0.04,20/20,11:27 PM,04-05-2026
S2221,ANNA NAGAR - 21,Chennai,S VINESH KUMAR,Independent,286,3,289,0.18,20/20,11:27 PM,04-05-2026
S2221,ANNA NAGAR - 21,Chennai,JANARTHANAN P,Independent,71,0,71,0.04,20/20,11:27 PM,04-05-2026
S2221,ANNA NAGAR - 21,Chennai,M HARISHANKAR,Independent,56,1,57,0.03,20/20,11:27 PM,04-05-2026
S2221,ANNA NAGAR - 21,Chennai,NOTA,None of the Above,945,18,963,0.59,20/20,11:27 PM,04-05-2026
S2222,VIRUGAMPAKKAM - 22,Chennai,SANTHOSH,Naam Tamilar Katchi,6027,29,6056,3.5,24/24,11:30 PM,04-05-2026
S2222,VIRUGAMPAKKAM - 22,Chennai,PRABHAKARA RAJA.A.M.V,Dravida Munnetra Kazhagam,48482,524,49006,28.35,24/24,11:30 PM,04-05-2026
S2222,VIRUGAMPAKKAM - 22,Chennai,VIRUGAI V.N.RAVI,All India Anna Dravida Munnetra Kazhagam,38337,430,38767,22.43,24/24,11:30 PM,04-05-2026
S2222,VIRUGAMPAKKAM - 22,Chennai,SABARINATHAN.R,Tamilaga Vettri Kazhagam,75801,291,76092,44.03,24/24,11:30 PM,04-05-2026
S2222,VIRUGAMPAKKAM - 22,Chennai,SURESHBABU.T.M,Tamil Telugu National Party,151,4,155,0.09,24/24,11:30 PM,04-05-2026
S2222,VIRUGAMPAKKAM - 22,Chennai,BALAMURUGAN.P,Naam Indiar Party,40,0,40,0.02,24/24,11:30 PM,04-05-2026
S2222,VIRUGAMPAKKAM - 22,Chennai,MUTHURAJ.T,Tamizhaga Vaazhvurimai Katchi,100,1,101,0.06,24/24,11:30 PM,04-05-2026
S2222,VIRUGAMPAKKAM - 22,Chennai,ROY GEORGE,Anna Puratchi Thalaivar Amma Dravida Munnetra Kazhagam,42,1,43,0.02,24/24,11:30 PM,04-05-2026
S2222,VIRUGAMPAKKAM - 22,Chennai,JAGADISH.S,Republican Party of India (Athawale),458,4,462,0.27,24/24,11:30 PM,04-05-2026
S2222,VIRUGAMPAKKAM - 22,Chennai,ALEX PANDIAN.K,Independent,30,6,36,0.02,24/24,11:30 PM,04-05-2026
S2222,VIRUGAMPAKKAM - 22,Chennai,ESAKKIMUTHUNADAR.P,Independent,32,4,36,0.02,24/24,11:30 PM,04-05-2026
S2222,VIRUGAMPAKKAM - 22,Chennai,EZHILRAJ.D,Independent,50,2,52,0.03,24/24,11:30 PM,04-05-2026
S2222,VIRUGAMPAKKAM - 22,Chennai,KARTHICK.M,Independent,40,1,41,0.02,24/24,11:30 PM,04-05-2026
S2222,VIRUGAMPAKKAM - 22,Chennai,KUMAR.S,Independent,62,1,63,0.04,24/24,11:30 PM,04-05-2026
S2222,VIRUGAMPAKKAM - 22,Chennai,GOPINATH.G,Independent,81,1,82,0.05,24/24,11:30 PM,04-05-2026
S2222,VIRUGAMPAKKAM - 22,Chennai,SANKAR.E,Independent,66,0,66,0.04,24/24,11:30 PM,04-05-2026
S2222,VIRUGAMPAKKAM - 22,Chennai,CHANDRA SEKAR.K,Independent,87,1,88,0.05,24/24,11:30 PM,04-05-2026
S2222,VIRUGAMPAKKAM - 22,Chennai,SABARINATHAN.P,Independent,121,3,124,0.07,24/24,11:30 PM,04-05-2026
S2222,VIRUGAMPAKKAM - 22,Chennai,SRINIVASAN.M,Independent,97,4,101,0.06,24/24,11:30 PM,04-05-2026
S2222,VIRUGAMPAKKAM - 22,Chennai,DINESHKUMAR.N,Independent,122,0,122,0.07,24/24,11:30 PM,04-05-2026
S2222,VIRUGAMPAKKAM - 22,Chennai,RANGARAJ.G,Independent,91,0,91,0.05,24/24,11:30 PM,04-05-2026
S2222,VIRUGAMPAKKAM - 22,Chennai,RAVIKUMAR,Independent,104,3,107,0.06,24/24,11:30 PM,04-05-2026
S2222,VIRUGAMPAKKAM - 22,Chennai,LUKMANBABU.S,Independent,50,0,50,0.03,24/24,11:30 PM,04-05-2026
S2222,VIRUGAMPAKKAM - 22,Chennai,VENKATESAN.C,Independent,20,0,20,0.01,24/24,11:30 PM,04-05-2026
S2222,VIRUGAMPAKKAM - 22,Chennai,NOTA,None of the Above,1016,14,1030,0.6,24/24,11:30 PM,04-05-2026
S2223,SAIDAPET - 23,Chennai,KUMARAN. G.P,Bahujan Samaj Party,560,11,571,0.36,21/21,11:30 PM,04-05-2026
S2223,SAIDAPET - 23,Chennai,SUBRAMANIAN. MA,Dravida Munnetra Kazhagam,52010,681,52691,32.85,21/21,11:30 PM,04-05-2026
S2223,SAIDAPET - 23,Chennai,SRIVIDYA. G,Naam Tamilar Katchi,5864,54,5918,3.69,21/21,11:30 PM,04-05-2026
S2223,SAIDAPET - 23,Chennai,ARUL PRAKASAM. M,Tamilaga Vettri Kazhagam,80738,467,81205,50.63,21/21,11:30 PM,04-05-2026
S2223,SAIDAPET - 23,Chennai,SENTHAMIZHAN. G,Amma Makkal Munnettra Kazagam,17632,207,17839,11.12,21/21,11:30 PM,04-05-2026
S2223,SAIDAPET - 23,Chennai,SOUNDARARAJAN. N,Naam Indiar Party,128,4,132,0.08,21/21,11:30 PM,04-05-2026
S2223,SAIDAPET - 23,Chennai,PARTHIBAN. S,MGR Makkal Katchi,128,3,131,0.08,21/21,11:30 PM,04-05-2026
S2223,SAIDAPET - 23,Chennai,ANAND. S,Independent,63,3,66,0.04,21/21,11:30 PM,04-05-2026
S2223,SAIDAPET - 23,Chennai,KANDHASAMY. R (ALIAS) BABU,Independent,62,2,64,0.04,21/21,11:30 PM,04-05-2026
S2223,SAIDAPET - 23,Chennai,PRASAD. N,Independent,90,3,93,0.06,21/21,11:30 PM,04-05-2026
S2223,SAIDAPET - 23,Chennai,PRITHVIRAJ. A,Independent,89,4,93,0.06,21/21,11:30 PM,04-05-2026
S2223,SAIDAPET - 23,Chennai,YOGAPRAKASH. B,Independent,156,2,158,0.1,21/21,11:30 PM,04-05-2026
S2223,SAIDAPET - 23,Chennai,RAJA. R,Independent,254,4,258,0.16,21/21,11:30 PM,04-05-2026
S2223,SAIDAPET - 23,Chennai,VALARMATHI. P,Independent,131,8,139,0.09,21/21,11:30 PM,04-05-2026
S2223,SAIDAPET - 23,Chennai,GINGSTON. M,Independent,117,2,119,0.07,21/21,11:30 PM,04-05-2026
S2223,SAIDAPET - 23,Chennai,NOTA,None of the Above,913,11,924,0.58,21/21,11:30 PM,04-05-2026
S2224,THIYAGARAYANAGAR - 24,Chennai,ANUSHA V,Naam Tamilar Katchi,4525,29,4554,3.4,18/18,11:30 PM,04-05-2026
S2224,THIYAGARAYANAGAR - 24,Chennai,SATHIYANARAYANAN B,All India Anna Dravida Munnetra Kazhagam,38048,557,38605,28.83,18/18,11:30 PM,04-05-2026
S2224,THIYAGARAYANAGAR - 24,Chennai,RAJA ANBAZHAGAN,Dravida Munnetra Kazhagam,36609,408,37017,27.64,18/18,11:30 PM,04-05-2026
S2224,THIYAGARAYANAGAR - 24,Chennai,ANAND N,Tamilaga Vettri Kazhagam,51390,242,51632,38.55,18/18,11:30 PM,04-05-2026
S2224,THIYAGARAYANAGAR - 24,Chennai,RAVI M L,Desiya Makkal Sakthi Katchi,108,0,108,0.08,18/18,11:30 PM,04-05-2026
S2224,THIYAGARAYANAGAR - 24,Chennai,ABUKITHER M,Independent,122,1,123,0.09,18/18,11:30 PM,04-05-2026
S2224,THIYAGARAYANAGAR - 24,Chennai,ARAVIND GOSH Y T,Independent,29,1,30,0.02,18/18,11:30 PM,04-05-2026
S2224,THIYAGARAYANAGAR - 24,Chennai,EASAN NATARAJAN T,Independent,40,1,41,0.03,18/18,11:30 PM,04-05-2026
S2224,THIYAGARAYANAGAR - 24,Chennai,KUMAR SRI SRI B,Independent,20,2,22,0.02,18/18,11:30 PM,04-05-2026
S2224,THIYAGARAYANAGAR - 24,Chennai,SATHISH KUMAR B,Independent,26,5,31,0.02,18/18,11:30 PM,04-05-2026
S2224,THIYAGARAYANAGAR - 24,Chennai,GNANASEKARAN G,Independent,38,6,44,0.03,18/18,11:30 PM,04-05-2026
S2224,THIYAGARAYANAGAR - 24,Chennai,THENNARASU P,Independent,14,3,17,0.01,18/18,11:30 PM,04-05-2026
S2224,THIYAGARAYANAGAR - 24,Chennai,PADMINI NARASIMHAN,Independent,118,6,124,0.09,18/18,11:30 PM,04-05-2026
S2224,THIYAGARAYANAGAR - 24,Chennai,BADRI S,Independent,78,1,79,0.06,18/18,11:30 PM,04-05-2026
S2224,THIYAGARAYANAGAR - 24,Chennai,BALAJI S,Independent,27,2,29,0.02,18/18,11:30 PM,04-05-2026
S2224,THIYAGARAYANAGAR - 24,Chennai,PRASATH D,Independent,45,0,45,0.03,18/18,11:30 PM,04-05-2026
S2224,THIYAGARAYANAGAR - 24,Chennai,MANIKANDAN T,Independent,35,1,36,0.03,18/18,11:30 PM,04-05-2026
S2224,THIYAGARAYANAGAR - 24,Chennai,MANIKANDAN N,Independent,79,0,79,0.06,18/18,11:30 PM,04-05-2026
S2224,THIYAGARAYANAGAR - 24,Chennai,MOORTHY N,Independent,63,1,64,0.05,18/18,11:30 PM,04-05-2026
S2224,THIYAGARAYANAGAR - 24,Chennai,MYTHILI C,Independent,85,1,86,0.06,18/18,11:30 PM,04-05-2026
S2224,THIYAGARAYANAGAR - 24,Chennai,RAMKUMAR L,Independent,31,0,31,0.02,18/18,11:30 PM,04-05-2026
S2224,THIYAGARAYANAGAR - 24,Chennai,RAMACHANDRAN O N,Independent,70,4,74,0.06,18/18,11:30 PM,04-05-2026
S2224,THIYAGARAYANAGAR - 24,Chennai,RAJESH E,Independent,66,1,67,0.05,18/18,11:30 PM,04-05-2026
S2224,THIYAGARAYANAGAR - 24,Chennai,VETRIVEL K,Independent,68,0,68,0.05,18/18,11:30 PM,04-05-2026
S2224,THIYAGARAYANAGAR - 24,Chennai,JAYAVEL,Independent,23,0,23,0.02,18/18,11:30 PM,04-05-2026
S2224,THIYAGARAYANAGAR - 24,Chennai,JOTHIRAJ G M,Independent,21,0,21,0.02,18/18,11:30 PM,04-05-2026
S2224,THIYAGARAYANAGAR - 24,Chennai,NOTA,None of the Above,861,17,878,0.66,18/18,11:30 PM,04-05-2026
S2225,MYLAPORE - 25,Chennai,ARUN. R.L,Naam Tamilar Katchi,4470,29,4499,2.99,21/21,11:27 PM,04-05-2026
S2225,MYLAPORE - 25,Chennai,DR. TAMILISAI SOUNDARARAJAN,Bharatiya Janata Party,31844,484,32328,21.47,21/21,11:27 PM,04-05-2026
S2225,MYLAPORE - 25,Chennai,BALAJI. V,Bahujan Samaj Party,264,3,267,0.18,21/21,11:27 PM,04-05-2026
S2225,MYLAPORE - 25,Chennai,VELU. DHA,Dravida Munnetra Kazhagam,40647,451,41098,27.29,21/21,11:27 PM,04-05-2026
S2225,MYLAPORE - 25,Chennai,DEVENDRAN. R,Tamizhaga Murpokku Makkal Katchi,144,1,145,0.1,21/21,11:27 PM,04-05-2026
S2225,MYLAPORE - 25,Chennai,NAGARAJAN. S,All India Jananayaka Makkal Kazhagam,88,0,88,0.06,21/21,11:27 PM,04-05-2026
S2225,MYLAPORE - 25,Chennai,MOORTHY. S,Thamizhaga Dravidar Katchi,119,1,120,0.08,21/21,11:27 PM,04-05-2026
S2225,MYLAPORE - 25,Chennai,MOHANRAJ. J,Jebamani Janata,264,1,265,0.18,21/21,11:27 PM,04-05-2026
S2225,MYLAPORE - 25,Chennai,VENKATARAMANAN. P,Tamilaga Vettri Kazhagam,69748,322,70070,46.53,21/21,11:27 PM,04-05-2026
S2225,MYLAPORE - 25,Chennai,SELVAMUTHU. S,Independent,74,5,79,0.05,21/21,11:27 PM,04-05-2026
S2225,MYLAPORE - 25,Chennai,PARTHIPAN. G,Independent,63,1,64,0.04,21/21,11:27 PM,04-05-2026
S2225,MYLAPORE - 25,Chennai,RADHAKRISHNAN. G,Independent,40,0,40,0.03,21/21,11:27 PM,04-05-2026
S2225,MYLAPORE - 25,Chennai,ROMANRAJ. A,Independent,74,0,74,0.05,21/21,11:27 PM,04-05-2026
S2225,MYLAPORE - 25,Chennai,VINU PRADHA. A,Independent,107,2,109,0.07,21/21,11:27 PM,04-05-2026
S2225,MYLAPORE - 25,Chennai,VIJAYALAKSHMI. P,Independent,224,3,227,0.15,21/21,11:27 PM,04-05-2026
S2225,MYLAPORE - 25,Chennai,VIJAYA KRISHNA. V,Independent,141,1,142,0.09,21/21,11:27 PM,04-05-2026
S2225,MYLAPORE - 25,Chennai,VENKATARAMAN. B,Independent,107,0,107,0.07,21/21,11:27 PM,04-05-2026
S2225,MYLAPORE - 25,Chennai,VELU. K,Independent,46,4,50,0.03,21/21,11:27 PM,04-05-2026
S2225,MYLAPORE - 25,Chennai,JAYAGOPI. M,Independent,51,1,52,0.03,21/21,11:27 PM,04-05-2026
S2225,MYLAPORE - 25,Chennai,NOTA,None of the Above,762,8,770,0.51,21/21,11:27 PM,04-05-2026
S2226,VELACHERY - 26,Chennai,AASSAN MAULAANA J.M.H,Indian National Congress,45416,512,45928,24.85,23/23,11:30 PM,04-05-2026
S2226,VELACHERY - 26,Chennai,ASHOK. M.K,All India Anna Dravida Munnetra Kazhagam,46505,620,47125,25.5,23/23,11:30 PM,04-05-2026
S2226,VELACHERY - 26,Chennai,KEERTHANA. M,Naam Tamilar Katchi,7656,41,7697,4.16,23/23,11:30 PM,04-05-2026
S2226,VELACHERY - 26,Chennai,MOHANRAJ. K,Bahujan Samaj Party,237,2,239,0.13,23/23,11:30 PM,04-05-2026
S2226,VELACHERY - 26,Chennai,KANCHANA. R,Tamizhaga Murpokku Makkal Katchi,203,2,205,0.11,23/23,11:30 PM,04-05-2026
S2226,VELACHERY - 26,Chennai,KUMAR. R,Tamilaga Vettri Kazhagam,80057,373,80430,43.52,23/23,11:30 PM,04-05-2026
S2226,VELACHERY - 26,Chennai,POYYAMOZHI. M,Proutist Sarva Samaj,127,3,130,0.07,23/23,11:30 PM,04-05-2026
S2226,VELACHERY - 26,Chennai,MANI. M,Veerath Thiyagi Viswanathadoss Thozhilalarkal Katchi,132,1,133,0.07,23/23,11:30 PM,04-05-2026
S2226,VELACHERY - 26,Chennai,MOHAMED YASEEN. I,Thakkam Katchi,47,4,51,0.03,23/23,11:30 PM,04-05-2026
S2226,VELACHERY - 26,Chennai,ROKESH KUMAR. V,Tamizhaga Vaazhvurimai Katchi,114,3,117,0.06,23/23,11:30 PM,04-05-2026
S2226,VELACHERY - 26,Chennai,ASHOK. M,Independent,83,5,88,0.05,23/23,11:30 PM,04-05-2026
S2226,VELACHERY - 26,Chennai,AZARUTHEEN. M,Independent,60,3,63,0.03,23/23,11:30 PM,04-05-2026
S2226,VELACHERY - 26,Chennai,AHAMMED NAZEER KHAN,Independent,23,1,24,0.01,23/23,11:30 PM,04-05-2026
S2226,VELACHERY - 26,Chennai,KANNAN. K,Independent,82,3,85,0.05,23/23,11:30 PM,04-05-2026
S2226,VELACHERY - 26,Chennai,KALA PETHACHI,Independent,229,4,233,0.13,23/23,11:30 PM,04-05-2026
S2226,VELACHERY - 26,Chennai,SARABESHWAR SISU. P,Independent,128,1,129,0.07,23/23,11:30 PM,04-05-2026
S2226,VELACHERY - 26,Chennai,SURESH K,Independent,134,3,137,0.07,23/23,11:30 PM,04-05-2026
S2226,VELACHERY - 26,Chennai,DIWAKAR. R,Independent,129,1,130,0.07,23/23,11:30 PM,04-05-2026
S2226,VELACHERY - 26,Chennai,DEEPAK RAVI,Independent,27,0,27,0.01,23/23,11:30 PM,04-05-2026
S2226,VELACHERY - 26,Chennai,BHASKAR. G,Independent,45,2,47,0.03,23/23,11:30 PM,04-05-2026
S2226,VELACHERY - 26,Chennai,MOHAN. R,Independent,32,0,32,0.02,23/23,11:30 PM,04-05-2026
S2226,VELACHERY - 26,Chennai,RADHAKRISHNAN. D.R,Independent,143,0,143,0.08,23/23,11:30 PM,04-05-2026
S2226,VELACHERY - 26,Chennai,RAJASEKAR. S,Independent,58,3,61,0.03,23/23,11:30 PM,04-05-2026
S2226,VELACHERY - 26,Chennai,RITISH,Independent,12,0,12,0.01,23/23,11:30 PM,04-05-2026
S2226,VELACHERY - 26,Chennai,VIGNESH. M,Independent,69,1,70,0.04,23/23,11:30 PM,04-05-2026
S2226,VELACHERY - 26,Chennai,VIGNESH. R,Independent,65,1,66,0.04,23/23,11:30 PM,04-05-2026
S2226,VELACHERY - 26,Chennai,JANAGARAJ RAVI GUNASEELAN,Independent,76,1,77,0.04,23/23,11:30 PM,04-05-2026
S2226,VELACHERY - 26,Chennai,NOTA,None of the Above,1318,18,1336,0.72,23/23,11:30 PM,04-05-2026
S2227,SHOZHINGANALLUR - 27,Chennai,S. ARAVIND RAMESH,Dravida Munnetra Kazhagam,122813,789,123602,27.63,33/33,11:30 PM,04-05-2026
S2227,SHOZHINGANALLUR - 27,Chennai,K.P.KANDAN,All India Anna Dravida Munnetra Kazhagam,73604,508,74112,16.57,33/33,11:30 PM,04-05-2026
S2227,SHOZHINGANALLUR - 27,Chennai,S.PUSHNA KUMAR,Bahujan Samaj Party,521,3,524,0.12,33/33,11:30 PM,04-05-2026
S2227,SHOZHINGANALLUR - 27,Chennai,R JAYALAKSHMI,Naam Tamilar Katchi,21844,75,21919,4.9,33/33,11:30 PM,04-05-2026
S2227,SHOZHINGANALLUR - 27,Chennai,M. ALEXANDAR,Naam Indiar Party,123,0,123,0.03,33/33,11:30 PM,04-05-2026
S2227,SHOZHINGANALLUR - 27,Chennai,M. CHRISTHU DASS,Dravida Jananayaga Makkal Katchi,483,1,484,0.11,33/33,11:30 PM,04-05-2026
S2227,SHOZHINGANALLUR - 27,Chennai,ECR P SARAVANAN,Tamilaga Vettri Kazhagam,219807,575,220382,49.27,33/33,11:30 PM,04-05-2026
S2227,SHOZHINGANALLUR - 27,Chennai,M.G.RAMU,Jebamani Janata,318,1,319,0.07,33/33,11:30 PM,04-05-2026
S2227,SHOZHINGANALLUR - 27,Chennai,K. VISHWANATHAN,All India Puratchi Thalaivar Makkal Munnettra Kazhagam,251,6,257,0.06,33/33,11:30 PM,04-05-2026
S2227,SHOZHINGANALLUR - 27,Chennai,R RAVICHANDRAN,Independent,185,0,185,0.04,33/33,11:30 PM,04-05-2026
S2227,SHOZHINGANALLUR - 27,Chennai,V. KANDHAN,Independent,101,3,104,0.02,33/33,11:30 PM,04-05-2026
S2227,SHOZHINGANALLUR - 27,Chennai,S. KARTHIK,Independent,213,0,213,0.05,33/33,11:30 PM,04-05-2026
S2227,SHOZHINGANALLUR - 27,Chennai,S.GOVINDHAN,Independent,150,0,150,0.03,33/33,11:30 PM,04-05-2026
S2227,SHOZHINGANALLUR - 27,Chennai,P.CHANDRA KANTH,Independent,114,1,115,0.03,33/33,11:30 PM,04-05-2026
S2227,SHOZHINGANALLUR - 27,Chennai,CHANDRASEKARAN,Independent,169,7,176,0.04,33/33,11:30 PM,04-05-2026
S2227,SHOZHINGANALLUR - 27,Chennai,D. SRINIVASAN,Independent,249,5,254,0.06,33/33,11:30 PM,04-05-2026
S2227,SHOZHINGANALLUR - 27,Chennai,G SURESH KUMAR,Independent,413,0,413,0.09,33/33,11:30 PM,04-05-2026
S2227,SHOZHINGANALLUR - 27,Chennai,N.PRASHANTHA RAO,Independent,524,2,526,0.12,33/33,11:30 PM,04-05-2026
S2227,SHOZHINGANALLUR - 27,Chennai,A.MOHAMMED GANI,Independent,101,0,101,0.02,33/33,11:30 PM,04-05-2026
S2227,SHOZHINGANALLUR - 27,Chennai,MUTHARASAN,Independent,64,1,65,0.01,33/33,11:30 PM,04-05-2026
S2227,SHOZHINGANALLUR - 27,Chennai,E. MURALI B.A,Independent,154,3,157,0.04,33/33,11:30 PM,04-05-2026
S2227,SHOZHINGANALLUR - 27,Chennai,R.YOGESHWARAN,Independent,115,0,115,0.03,33/33,11:30 PM,04-05-2026
S2227,SHOZHINGANALLUR - 27,Chennai,RAMANATHAN M,Independent,263,0,263,0.06,33/33,11:30 PM,04-05-2026
S2227,SHOZHINGANALLUR - 27,Chennai,RAJESH,Independent,159,1,160,0.04,33/33,11:30 PM,04-05-2026
S2227,SHOZHINGANALLUR - 27,Chennai,E. VIJAY,Independent,252,4,256,0.06,33/33,11:30 PM,04-05-2026
S2227,SHOZHINGANALLUR - 27,Chennai,FARMER JAYARAMAN S K J,Independent,113,2,115,0.03,33/33,11:30 PM,04-05-2026
S2227,SHOZHINGANALLUR - 27,Chennai,JAIKUMAR BALACHANDRAN,Independent,124,0,124,0.03,33/33,11:30 PM,04-05-2026
S2227,SHOZHINGANALLUR - 27,Chennai,NOTA,None of the Above,2063,16,2079,0.46,33/33,11:30 PM,04-05-2026
S2228,ALANDUR - 28,Chennai,T.M.ANBARASAN,Dravida Munnetra Kazhagam,81642,954,82596,31.58,31/31,11:27 PM,04-05-2026
S2228,ALANDUR - 28,Chennai,S.SARAVANAN,All India Anna Dravida Munnetra Kazhagam,51652,591,52243,19.97,31/31,11:27 PM,04-05-2026
S2228,ALANDUR - 28,Chennai,Y.G.MAHALAKSHMI,Naam Tamilar Katchi,10346,59,10405,3.98,31/31,11:27 PM,04-05-2026
S2228,ALANDUR - 28,Chennai,J.AGNI SELVARASU,Naadaalum Makkal Katchi,230,3,233,0.09,31/31,11:27 PM,04-05-2026
S2228,ALANDUR - 28,Chennai,ARAVIND CHANDRASEKAR,Indhu Dravida Makkal Katchi,76,1,77,0.03,31/31,11:27 PM,04-05-2026
S2228,ALANDUR - 28,Chennai,B. KALYANARAMKUMAR,Naam Indiar Party,59,1,60,0.02,31/31,11:27 PM,04-05-2026
S2228,ALANDUR - 28,Chennai,S.ROYAPPAN,Tamizhaga Vaazhvurimai Katchi,89,0,89,0.03,31/31,11:27 PM,04-05-2026
S2228,ALANDUR - 28,Chennai,A.VELUSAMY,Puthiya Tamilagam,92,1,93,0.04,31/31,11:27 PM,04-05-2026
S2228,ALANDUR - 28,Chennai,N.HARI KRISHNAN,All India Puratchi Thalaivar Makkal Munnettra Kazhagam,315,2,317,0.12,31/31,11:27 PM,04-05-2026
S2228,ALANDUR - 28,Chennai,M.HARISH,Tamilaga Vettri Kazhagam,111572,633,112205,42.9,31/31,11:27 PM,04-05-2026
S2228,ALANDUR - 28,Chennai,V.ANBARASAN,Independent,119,1,120,0.05,31/31,11:27 PM,04-05-2026
S2228,ALANDUR - 28,Chennai,A.SARAVANAN,Independent,77,1,78,0.03,31/31,11:27 PM,04-05-2026
S2228,ALANDUR - 28,Chennai,S.SARAVANAN,Independent,64,12,76,0.03,31/31,11:27 PM,04-05-2026
S2228,ALANDUR - 28,Chennai,D.SARAVANAN,Independent,38,12,50,0.02,31/31,11:27 PM,04-05-2026
S2228,ALANDUR - 28,Chennai,R.SARAVANAN,Independent,148,2,150,0.06,31/31,11:27 PM,04-05-2026
S2228,ALANDUR - 28,Chennai,R.SURESH,Independent,166,2,168,0.06,31/31,11:27 PM,04-05-2026
S2228,ALANDUR - 28,Chennai,SENKODI VIJAYALAKSHMI,Independent,231,2,233,0.09,31/31,11:27 PM,04-05-2026
S2228,ALANDUR - 28,Chennai,R.SELVAKUMAR,Independent,69,0,69,0.03,31/31,11:27 PM,04-05-2026
S2228,ALANDUR - 28,Chennai,G.DANIEL ANTONYRAJ,Independent,19,0,19,0.01,31/31,11:27 PM,04-05-2026
S2228,ALANDUR - 28,Chennai,MAHESH KUMAR,Independent,103,2,105,0.04,31/31,11:27 PM,04-05-2026
S2228,ALANDUR - 28,Chennai,G.RAMANAN,Independent,17,0,17,0.01,31/31,11:27 PM,04-05-2026
S2228,ALANDUR - 28,Chennai,K.VELAYUDHAM,Independent,50,1,51,0.02,31/31,11:27 PM,04-05-2026
S2228,ALANDUR - 28,Chennai,M.HARISH,Independent,845,8,853,0.33,31/31,11:27 PM,04-05-2026
S2228,ALANDUR - 28,Chennai,NOTA,None of the Above,1252,11,1263,0.48,31/31,11:27 PM,04-05-2026
S2229,SRIPERUMBUDUR - 29,Kanchipuram,M. SINDHU EZHILARASAN,Naam Tamilar Katchi,13075,75,13150,3.97,33/33,11:30 PM,04-05-2026
S2229,SRIPERUMBUDUR - 29,Kanchipuram,K. SELVAPERUNTHAGAI,Indian National Congress,92498,867,93365,28.2,33/33,11:30 PM,04-05-2026
S2229,SRIPERUMBUDUR - 29,Kanchipuram,K. PALANI,All India Anna Dravida Munnetra Kazhagam,72440,742,73182,22.1,33/33,11:30 PM,04-05-2026
S2229,SRIPERUMBUDUR - 29,Kanchipuram,A. GURUANANDHAN,Anaithinthiya Anna Dravida Makkal Seyal katchi,476,3,479,0.14,33/33,11:30 PM,04-05-2026
S2229,SRIPERUMBUDUR - 29,Kanchipuram,A.GNANASEKARAN,Tamizhaga Vaazhvurimai Katchi,269,2,271,0.08,33/33,11:30 PM,04-05-2026
S2229,SRIPERUMBUDUR - 29,Kanchipuram,M.TAMILARASAN,Communist Party of India (Marxist-Leninist) (Liberation),507,4,511,0.15,33/33,11:30 PM,04-05-2026
S2229,SRIPERUMBUDUR - 29,Kanchipuram,THENNARASU.K,Tamilaga Vettri Kazhagam,146950,661,147611,44.58,33/33,11:30 PM,04-05-2026
S2229,SRIPERUMBUDUR - 29,Kanchipuram,D.PURUSHOTHAMAN,All India Puratchi Thalaivar Makkal Munnettra Kazhagam,484,5,489,0.15,33/33,11:30 PM,04-05-2026
S2229,SRIPERUMBUDUR - 29,Kanchipuram,ELANGOVAN SIVAKUMAR,Independent,110,2,112,0.03,33/33,11:30 PM,04-05-2026
S2229,SRIPERUMBUDUR - 29,Kanchipuram,J. NITHYA,Independent,147,29,176,0.05,33/33,11:30 PM,04-05-2026
S2229,SRIPERUMBUDUR - 29,Kanchipuram,E. MURUGAN,Independent,93,19,112,0.03,33/33,11:30 PM,04-05-2026
S2229,SRIPERUMBUDUR - 29,Kanchipuram,G. RAJATHI,Independent,211,0,211,0.06,33/33,11:30 PM,04-05-2026
S2229,SRIPERUMBUDUR - 29,Kanchipuram,P. VEDHAGIRI,Independent,257,1,258,0.08,33/33,11:30 PM,04-05-2026
S2229,SRIPERUMBUDUR - 29,Kanchipuram,NOTA,None of the Above,1158,3,1161,0.35,33/33,11:30 PM,04-05-2026
S2230,PALLAVARAM - 30,Chengalpattu,DR.R.KARTHIKEYAN,Naam Tamilar Katchi,13961,104,14065,4.96,35/35,11:30 PM,04-05-2026
S2230,PALLAVARAM - 30,Chengalpattu,N.BHARATHI,Bahujan Samaj Party,554,8,562,0.2,35/35,11:30 PM,04-05-2026
S2230,PALLAVARAM - 30,Chengalpattu,D.MURUGESAN,Desiya Murpokku Dravida Kazhagam,78342,576,78918,27.82,35/35,11:30 PM,04-05-2026
S2230,PALLAVARAM - 30,Chengalpattu,V.VENKATESAN,All India Anna Dravida Munnetra Kazhagam,48309,612,48921,17.25,35/35,11:30 PM,04-05-2026
S2230,PALLAVARAM - 30,Chengalpattu,T.AMIRTHA KANTHAN,Naam Indiar Party,346,3,349,0.12,35/35,11:30 PM,04-05-2026
S2230,PALLAVARAM - 30,Chengalpattu,M.L.RAVI,Desiya Makkal Sakthi Katchi,375,2,377,0.13,35/35,11:30 PM,04-05-2026
S2230,PALLAVARAM - 30,Chengalpattu,J.KAMATCHI,Tamilaga Vettri Kazhagam,133119,492,133611,47.1,35/35,11:30 PM,04-05-2026
S2230,PALLAVARAM - 30,Chengalpattu,A.THANGARAJ,Puthiya Tamilagam,548,7,555,0.2,35/35,11:30 PM,04-05-2026
S2230,PALLAVARAM - 30,Chengalpattu,G.RAMESHBABU,Indhu Dravida Makkal Katchi,275,8,283,0.1,35/35,11:30 PM,04-05-2026
S2230,PALLAVARAM - 30,Chengalpattu,S.RAHAMATHULLA,Tamizhaga Vaazhvurimai Katchi,294,0,294,0.1,35/35,11:30 PM,04-05-2026
S2230,PALLAVARAM - 30,Chengalpattu,B.RAJESWARI,Naadaalum Makkal Katchi,437,6,443,0.16,35/35,11:30 PM,04-05-2026
S2230,PALLAVARAM - 30,Chengalpattu,R.RAJKUMAR,All India Puratchi Thalaivar Makkal Munnettra Kazhagam,230,1,231,0.08,35/35,11:30 PM,04-05-2026
S2230,PALLAVARAM - 30,Chengalpattu,M.SANKAR,Independent,77,1,78,0.03,35/35,11:30 PM,04-05-2026
S2230,PALLAVARAM - 30,Chengalpattu,S.SATHIYARAJ,Independent,235,0,235,0.08,35/35,11:30 PM,04-05-2026
S2230,PALLAVARAM - 30,Chengalpattu,M.SIVAKUMAR,Independent,319,3,322,0.11,35/35,11:30 PM,04-05-2026
S2230,PALLAVARAM - 30,Chengalpattu,S.SUNDARAMOORTHY PANDIYAR,Independent,179,1,180,0.06,35/35,11:30 PM,04-05-2026
S2230,PALLAVARAM - 30,Chengalpattu,R.MUTHUKUMAR,Independent,298,0,298,0.11,35/35,11:30 PM,04-05-2026
S2230,PALLAVARAM - 30,Chengalpattu,P.RAVICHANDRAN,Independent,102,1,103,0.04,35/35,11:30 PM,04-05-2026
S2230,PALLAVARAM - 30,Chengalpattu,N.RAMKUMAR,Independent,427,2,429,0.15,35/35,11:30 PM,04-05-2026
S2230,PALLAVARAM - 30,Chengalpattu,RAJESH T R,Independent,1271,6,1277,0.45,35/35,11:30 PM,04-05-2026
S2230,PALLAVARAM - 30,Chengalpattu,S.VETRI VEL,Independent,98,1,99,0.03,35/35,11:30 PM,04-05-2026
S2230,PALLAVARAM - 30,Chengalpattu,R.JAWAHAR,Independent,232,1,233,0.08,35/35,11:30 PM,04-05-2026
S2230,PALLAVARAM - 30,Chengalpattu,G.JOHN PANDIAN,Independent,208,4,212,0.07,35/35,11:30 PM,04-05-2026
S2230,PALLAVARAM - 30,Chengalpattu,NOTA,None of the Above,1580,22,1602,0.56,35/35,11:30 PM,04-05-2026
S2231,TAMBARAM - 31,Chengalpattu,C.RAJENDRAN,All India Anna Dravida Munnetra Kazhagam,61381,610,61991,22.23,39/39,11:30 PM,04-05-2026
S2231,TAMBARAM - 31,Chengalpattu,R.S.KIRUTHIKA DEVI,Dravida Munnetra Kazhagam,82642,704,83346,29.89,39/39,11:30 PM,04-05-2026
S2231,TAMBARAM - 31,Chengalpattu,S.TAMILCHELVI,Naam Tamilar Katchi,11554,73,11627,4.17,39/39,11:30 PM,04-05-2026
S2231,TAMBARAM - 31,Chengalpattu,M.RAJA,Bahujan Samaj Party,287,3,290,0.1,39/39,11:30 PM,04-05-2026
S2231,TAMBARAM - 31,Chengalpattu,D.SARATHKUMAR,Tamilaga Vettri Kazhagam,118577,390,118967,42.67,39/39,11:30 PM,04-05-2026
S2231,TAMBARAM - 31,Chengalpattu,SIVARAMAN.S,Veerath Thiyagi Viswanathadoss Thozhilalarkal Katchi,157,1,158,0.06,39/39,11:30 PM,04-05-2026
S2231,TAMBARAM - 31,Chengalpattu,THAMBIRAJ.E,Naam Indiar Party,69,0,69,0.02,39/39,11:30 PM,04-05-2026
S2231,TAMBARAM - 31,Chengalpattu,S.PARTHIBAN,Democratic National Allegiance,49,1,50,0.02,39/39,11:30 PM,04-05-2026
S2231,TAMBARAM - 31,Chengalpattu,P.PON RAJA,Tamizhaga Vaazhvurimai Katchi,82,6,88,0.03,39/39,11:30 PM,04-05-2026
S2231,TAMBARAM - 31,Chengalpattu,S.KARTHIK,Independent,112,3,115,0.04,39/39,11:30 PM,04-05-2026
S2231,TAMBARAM - 31,Chengalpattu,SARATHKUMAR. R,Independent,158,4,162,0.06,39/39,11:30 PM,04-05-2026
S2231,TAMBARAM - 31,Chengalpattu,T.DHIVAKARAN,Independent,97,1,98,0.04,39/39,11:30 PM,04-05-2026
S2231,TAMBARAM - 31,Chengalpattu,S.BALASUBRAMANIAN,Independent,62,0,62,0.02,39/39,11:30 PM,04-05-2026
S2231,TAMBARAM - 31,Chengalpattu,R.RAVIKUMAR,Independent,93,1,94,0.03,39/39,11:30 PM,04-05-2026
S2231,TAMBARAM - 31,Chengalpattu,M. JACOB,Independent,180,0,180,0.06,39/39,11:30 PM,04-05-2026
S2231,TAMBARAM - 31,Chengalpattu,NOTA,None of the Above,1497,15,1512,0.54,39/39,11:30 PM,04-05-2026
S2232,CHENGALPATTU - 32,Chengalpattu,AMUTHA.N,Naam Tamilar Katchi,11942,90,12032,3.71,40/40,11:27 PM,04-05-2026
S2232,CHENGALPATTU - 32,Chengalpattu,M.GAJENDRAN,All India Anna Dravida Munnetra Kazhagam,69280,483,69763,21.53,40/40,11:27 PM,04-05-2026
S2232,CHENGALPATTU - 32,Chengalpattu,KARTHIKDHANDAPANI,Dravida Munnetra Kazhagam,100715,780,101495,31.32,40/40,11:27 PM,04-05-2026
S2232,CHENGALPATTU - 32,Chengalpattu,S. SARAVANAN,Bahujan Samaj Party,373,1,374,0.12,40/40,11:27 PM,04-05-2026
S2232,CHENGALPATTU - 32,Chengalpattu,S.SELVAM (A) CHELLA,Tamizhaga Vaazhvurimai Katchi,380,1,381,0.12,40/40,11:27 PM,04-05-2026
S2232,CHENGALPATTU - 32,Chengalpattu,S. THIYAGARAJAN,Tamilaga Vettri Kazhagam,136578,558,137136,42.32,40/40,11:27 PM,04-05-2026
S2232,CHENGALPATTU - 32,Chengalpattu,M.ANANDAN,Independent,296,3,299,0.09,40/40,11:27 PM,04-05-2026
S2232,CHENGALPATTU - 32,Chengalpattu,A.ESAKKIAPPAN,Independent,121,1,122,0.04,40/40,11:27 PM,04-05-2026
S2232,CHENGALPATTU - 32,Chengalpattu,KARTHICK.A,Independent,105,2,107,0.03,40/40,11:27 PM,04-05-2026
S2232,CHENGALPATTU - 32,Chengalpattu,G. CHRISTOPHER,Independent,62,6,68,0.02,40/40,11:27 PM,04-05-2026
S2232,CHENGALPATTU - 32,Chengalpattu,S.DELHI BABU,Independent,119,8,127,0.04,40/40,11:27 PM,04-05-2026
S2232,CHENGALPATTU - 32,Chengalpattu,T. PREM BALAJI,Independent,69,2,71,0.02,40/40,11:27 PM,04-05-2026
S2232,CHENGALPATTU - 32,Chengalpattu,V. RAMAKRISHNAN,Independent,166,0,166,0.05,40/40,11:27 PM,04-05-2026
S2232,CHENGALPATTU - 32,Chengalpattu,C.VIMALRAJ,Independent,288,2,290,0.09,40/40,11:27 PM,04-05-2026
S2232,CHENGALPATTU - 32,Chengalpattu,P.GEORGE DEVADOSS,Independent,184,0,184,0.06,40/40,11:27 PM,04-05-2026
S2232,CHENGALPATTU - 32,Chengalpattu,NOTA,None of the Above,1376,19,1395,0.43,40/40,11:27 PM,04-05-2026
S2233,THIRUPORUR - 33,Chengalpattu,AMBETH RAJAN,Naam Tamilar Katchi,9538,78,9616,3.66,33/33,11:30 PM,04-05-2026
S2233,THIRUPORUR - 33,Chengalpattu,R. PANNEERDOSS,Viduthalai Chiruthaigal Katchi,70266,478,70744,26.96,33/33,11:30 PM,04-05-2026
S2233,THIRUPORUR - 33,Chengalpattu,Dr.D.VINOTH KUMAR,Bahujan Samaj Party,528,7,535,0.2,33/33,11:30 PM,04-05-2026
S2233,THIRUPORUR - 33,Chengalpattu,A.SELVARAJ,Mannin Maithargal Kazhagam,515,9,524,0.2,33/33,11:30 PM,04-05-2026
S2233,THIRUPORUR - 33,Chengalpattu,V. DESAPPAN,Samata Party,303,5,308,0.12,33/33,11:30 PM,04-05-2026
S2233,THIRUPORUR - 33,Chengalpattu,K. BALU,Pattali Makkal Katchi,66845,547,67392,25.68,33/33,11:30 PM,04-05-2026
S2233,THIRUPORUR - 33,Chengalpattu,B.VIJAYARAJ,Tamilaga Vettri Kazhagam,109642,453,110095,41.96,33/33,11:30 PM,04-05-2026
S2233,THIRUPORUR - 33,Chengalpattu,V M CHANDIRAN,Independent,325,1,326,0.12,33/33,11:30 PM,04-05-2026
S2233,THIRUPORUR - 33,Chengalpattu,S. GNANASEKARAN,Independent,203,2,205,0.08,33/33,11:30 PM,04-05-2026
S2233,THIRUPORUR - 33,Chengalpattu,D. PANNEERSELVAM,Independent,772,12,784,0.3,33/33,11:30 PM,04-05-2026
S2233,THIRUPORUR - 33,Chengalpattu,S. MESHAK,Independent,628,4,632,0.24,33/33,11:30 PM,04-05-2026
S2233,THIRUPORUR - 33,Chengalpattu,NOTA,None of the Above,1237,11,1248,0.48,33/33,11:30 PM,04-05-2026
S2234,CHEYYUR - 34,Chengalpattu,SINTHANAI SELVAN,Viduthalai Chiruthaigal Katchi,57257,652,57909,30.87,22/22,11:27 PM,04-05-2026
S2234,CHEYYUR - 34,Chengalpattu,SWATHILAKSHMI SEKAR,Naam Tamilar Katchi,4802,51,4853,2.59,22/22,11:27 PM,04-05-2026
S2234,CHEYYUR - 34,Chengalpattu,RAJASEKAR. E,All India Anna Dravida Munnetra Kazhagam,62909,900,63809,34.02,22/22,11:27 PM,04-05-2026
S2234,CHEYYUR - 34,Chengalpattu,GANGADURAI. K,Tamizhaga Vaazhvurimai Katchi,374,1,375,0.2,22/22,11:27 PM,04-05-2026
S2234,CHEYYUR - 34,Chengalpattu,MURUGAVEL. A,All India Puratchi Thalaivar Makkal Munnettra Kazhagam,408,0,408,0.22,22/22,11:27 PM,04-05-2026
S2234,CHEYYUR - 34,Chengalpattu,MOHAN RAJA.M.G.K,Tamilaga Vettri Kazhagam,57828,313,58141,30.99,22/22,11:27 PM,04-05-2026
S2234,CHEYYUR - 34,Chengalpattu,AMBETHKAR. S,Independent,317,2,319,0.17,22/22,11:27 PM,04-05-2026
S2234,CHEYYUR - 34,Chengalpattu,ARUN. C,Independent,78,1,79,0.04,22/22,11:27 PM,04-05-2026
S2234,CHEYYUR - 34,Chengalpattu,EZHIL. E,Independent,117,18,135,0.07,22/22,11:27 PM,04-05-2026
S2234,CHEYYUR - 34,Chengalpattu,KRISHNAKANTH. E,Independent,103,0,103,0.05,22/22,11:27 PM,04-05-2026
S2234,CHEYYUR - 34,Chengalpattu,GOPIKRISHNA. D,Independent,153,15,168,0.09,22/22,11:27 PM,04-05-2026
S2234,CHEYYUR - 34,Chengalpattu,RAJA. K,Independent,345,0,345,0.18,22/22,11:27 PM,04-05-2026
S2234,CHEYYUR - 34,Chengalpattu,JEGAN. M,Independent,157,0,157,0.08,22/22,11:27 PM,04-05-2026
S2234,CHEYYUR - 34,Chengalpattu,NOTA,None of the Above,775,8,783,0.42,22/22,11:27 PM,04-05-2026
S2235,MADURANTAKAM - 35,Chengalpattu,S.AMULU PONMALAR,Dravida Munnetra Kazhagam,59048,790,59838,30.18,22/22,11:27 PM,04-05-2026
S2235,MADURANTAKAM - 35,Chengalpattu,MARAGATHAM KUMARAVEL.K,All India Anna Dravida Munnetra Kazhagam,68544,740,69284,34.95,22/22,11:27 PM,04-05-2026
S2235,MADURANTAKAM - 35,Chengalpattu,NEELAM E.RAMKUMAR,Bahujan Samaj Party,372,2,374,0.19,22/22,11:27 PM,04-05-2026
S2235,MADURANTAKAM - 35,Chengalpattu,G.JANAKIRAMAN,Naam Tamilar Katchi,4897,53,4950,2.5,22/22,11:27 PM,04-05-2026
S2235,MADURANTAKAM - 35,Chengalpattu,EZHIL KATHARINE EZHILMALAI,Tamilaga Vettri Kazhagam,61738,352,62090,31.32,22/22,11:27 PM,04-05-2026
S2235,MADURANTAKAM - 35,Chengalpattu,R.SUGAN,All India Puratchi Thalaivar Makkal Munnettra Kazhagam,235,2,237,0.12,22/22,11:27 PM,04-05-2026
S2235,MADURANTAKAM - 35,Chengalpattu,S.PUNNIYAKOTTI,Tamizhaga Vaazhvurimai Katchi,200,6,206,0.1,22/22,11:27 PM,04-05-2026
S2235,MADURANTAKAM - 35,Chengalpattu,M.KADIRVEL,Independent,108,10,118,0.06,22/22,11:27 PM,04-05-2026
S2235,MADURANTAKAM - 35,Chengalpattu,RANJITHAM.M,Independent,356,1,357,0.18,22/22,11:27 PM,04-05-2026
S2235,MADURANTAKAM - 35,Chengalpattu,NOTA,None of the Above,791,6,797,0.4,22/22,11:27 PM,04-05-2026
S2236,UTHIRAMERUR - 36,Kanchipuram,SUNDAR.K,Dravida Munnetra Kazhagam,69426,1268,70694,31.04,24/24,11:30 PM,04-05-2026
S2236,UTHIRAMERUR - 36,Kanchipuram,MARAM MASILAMANI.B.S,Naam Tamilar Katchi,5667,116,5783,2.54,24/24,11:30 PM,04-05-2026
S2236,UTHIRAMERUR - 36,Kanchipuram,SIVAKUMAR.A,Desiya Makkal Sakthi Katchi,339,3,342,0.15,24/24,11:30 PM,04-05-2026
S2236,UTHIRAMERUR - 36,Kanchipuram,MAGESHKUMAR.P,Pattali Makkal Katchi,61785,1024,62809,27.58,24/24,11:30 PM,04-05-2026
S2236,UTHIRAMERUR - 36,Kanchipuram,MUNIRATHINAM.J,Tamilaga Vettri Kazhagam,83909,1008,84917,37.28,24/24,11:30 PM,04-05-2026
S2236,UTHIRAMERUR - 36,Kanchipuram,JAKIRUSAN.D,Tamizhaga Vaazhvurimai Katchi,234,1,235,0.1,24/24,11:30 PM,04-05-2026
S2236,UTHIRAMERUR - 36,Kanchipuram,ANBU.V,Independent,221,0,221,0.1,24/24,11:30 PM,04-05-2026
S2236,UTHIRAMERUR - 36,Kanchipuram,KAMALAKANNAN.K,Independent,68,2,70,0.03,24/24,11:30 PM,04-05-2026
S2236,UTHIRAMERUR - 36,Kanchipuram,GUNASEKAR.V,Independent,103,22,125,0.05,24/24,11:30 PM,04-05-2026
S2236,UTHIRAMERUR - 36,Kanchipuram,CITTIBABU.R,Independent,91,4,95,0.04,24/24,11:30 PM,04-05-2026
S2236,UTHIRAMERUR - 36,Kanchipuram,DEVARAJAN.C,Independent,549,2,551,0.24,24/24,11:30 PM,04-05-2026
S2236,UTHIRAMERUR - 36,Kanchipuram,DEVENTHIRAMOORTHY.S,Independent,363,27,390,0.17,24/24,11:30 PM,04-05-2026
S2236,UTHIRAMERUR - 36,Kanchipuram,MAGESH KUMAR.T,Independent,193,14,207,0.09,24/24,11:30 PM,04-05-2026
S2236,UTHIRAMERUR - 36,Kanchipuram,MAHESWARI.J,Independent,210,2,212,0.09,24/24,11:30 PM,04-05-2026
S2236,UTHIRAMERUR - 36,Kanchipuram,NOTA,None of the Above,1085,29,1114,0.49,24/24,11:30 PM,04-05-2026
S2237,KANCHEEPURAM - 37,Kanchipuram,V. SOMASUNDARAM,All India Anna Dravida Munnetra Kazhagam,74717,1145,75862,30.8,26/26,11:27 PM,04-05-2026
S2237,KANCHEEPURAM - 37,Kanchipuram,NITHYA SUGUMAR,Dravida Munnetra Kazhagam,68204,1140,69344,28.15,26/26,11:27 PM,04-05-2026
S2237,KANCHEEPURAM - 37,Kanchipuram,VETRISELVI,Naam Tamilar Katchi,6807,143,6950,2.82,26/26,11:27 PM,04-05-2026
S2237,KANCHEEPURAM - 37,Kanchipuram,R.V. RANJITHKUMAR,Tamilaga Vettri Kazhagam,90321,1029,91350,37.09,26/26,11:27 PM,04-05-2026
S2237,KANCHEEPURAM - 37,Kanchipuram,M. NANDHAKUMAR,Anti Corruption Dynamic Party,215,2,217,0.09,26/26,11:27 PM,04-05-2026
S2237,KANCHEEPURAM - 37,Kanchipuram,V. NARESH,Tamizhaga Vaazhvurimai Katchi,177,1,178,0.07,26/26,11:27 PM,04-05-2026
S2237,KANCHEEPURAM - 37,Kanchipuram,P. VENKATESAN,All India Puratchi Thalaivar Makkal Munnettra Kazhagam,104,6,110,0.04,26/26,11:27 PM,04-05-2026
S2237,KANCHEEPURAM - 37,Kanchipuram,M. SOMASUNDARAM,Independent,68,0,68,0.03,26/26,11:27 PM,04-05-2026
S2237,KANCHEEPURAM - 37,Kanchipuram,V. SOMASUNDARAM,Independent,62,16,78,0.03,26/26,11:27 PM,04-05-2026
S2237,KANCHEEPURAM - 37,Kanchipuram,GNANAMOORTHY,Independent,51,23,74,0.03,26/26,11:27 PM,04-05-2026
S2237,KANCHEEPURAM - 37,Kanchipuram,C. DILLIBABU,Independent,40,2,42,0.02,26/26,11:27 PM,04-05-2026
S2237,KANCHEEPURAM - 37,Kanchipuram,E. DHAKSHNAMOORTHY,Independent,169,9,178,0.07,26/26,11:27 PM,04-05-2026
S2237,KANCHEEPURAM - 37,Kanchipuram,G. BABU,Independent,361,3,364,0.15,26/26,11:27 PM,04-05-2026
S2237,KANCHEEPURAM - 37,Kanchipuram,M. BALAJI,Independent,135,3,138,0.06,26/26,11:27 PM,04-05-2026
S2237,KANCHEEPURAM - 37,Kanchipuram,M. MEGANATHAN,Independent,283,3,286,0.12,26/26,11:27 PM,04-05-2026
S2237,KANCHEEPURAM - 37,Kanchipuram,NOTA,None of the Above,1047,31,1078,0.44,26/26,11:27 PM,04-05-2026
S2238,ARAKKONAM - 38,Ranipet,EZHIL CAROLINE,Viduthalai Chiruthaigal Katchi,50255,400,50655,27.78,22/22,11:27 PM,04-05-2026
S2238,ARAKKONAM - 38,Ranipet,P. SUDHAKAR,Bahujan Samaj Party,441,10,451,0.25,22/22,11:27 PM,04-05-2026
S2238,ARAKKONAM - 38,Ranipet,S. RAVI,All India Anna Dravida Munnetra Kazhagam,49638,414,50052,27.45,22/22,11:27 PM,04-05-2026
S2238,ARAKKONAM - 38,Ranipet,K. RAJKUMAR,Naam Tamilar Katchi,5134,57,5191,2.85,22/22,11:27 PM,04-05-2026
S2238,ARAKKONAM - 38,Ranipet,V. GANDHIRAJ,Tamilaga Vettri Kazhagam,73358,418,73776,40.46,22/22,11:27 PM,04-05-2026
S2238,ARAKKONAM - 38,Ranipet,N. LAKSHMIPATHY,Tamizhaga Vaazhvurimai Katchi,228,1,229,0.13,22/22,11:27 PM,04-05-2026
S2238,ARAKKONAM - 38,Ranipet,VETRIVEL. M,Aanaithinthiya Jananayaka Pathukappu Kazhagam,249,2,251,0.14,22/22,11:27 PM,04-05-2026
S2238,ARAKKONAM - 38,Ranipet,P. GOVINDARAJ,Independent,69,1,70,0.04,22/22,11:27 PM,04-05-2026
S2238,ARAKKONAM - 38,Ranipet,M. SANTHANAM,Independent,148,2,150,0.08,22/22,11:27 PM,04-05-2026
S2238,ARAKKONAM - 38,Ranipet,N. PRAVEENKUMAR,Independent,238,0,238,0.13,22/22,11:27 PM,04-05-2026
S2238,ARAKKONAM - 38,Ranipet,M. MANIKANDAN,Independent,75,0,75,0.04,22/22,11:27 PM,04-05-2026
S2238,ARAKKONAM - 38,Ranipet,T. MURALIDHARAN,Independent,195,2,197,0.11,22/22,11:27 PM,04-05-2026
S2238,ARAKKONAM - 38,Ranipet,G. MOHAN,Independent,106,0,106,0.06,22/22,11:27 PM,04-05-2026
S2238,ARAKKONAM - 38,Ranipet,NOTA,None of the Above,889,10,899,0.49,22/22,11:27 PM,04-05-2026
S2239,SHOLINGUR - 39,Ranipet,A.ASHOK KUMAR,Naam Tamilar Katchi,6362,106,6468,2.77,26/26,11:30 PM,04-05-2026
S2239,SHOLINGUR - 39,Ranipet,M.GIRIDHARAN,Bahujan Samaj Party,376,2,378,0.16,26/26,11:30 PM,04-05-2026
S2239,SHOLINGUR - 39,Ranipet,A.M.MUNIRATHINAM,Indian National Congress,57422,575,57997,24.82,26/26,11:30 PM,04-05-2026
S2239,SHOLINGUR - 39,Ranipet,G.KAPIL,Tamilaga Vettri Kazhagam,83856,650,84506,36.16,26/26,11:30 PM,04-05-2026
S2239,SHOLINGUR - 39,Ranipet,K.SARAVANAN,Pattali Makkal Katchi,78205,615,78820,33.73,26/26,11:30 PM,04-05-2026
S2239,SHOLINGUR - 39,Ranipet,SUDHAKAR.K,Tamizhaga Vaazhvurimai Katchi,485,5,490,0.21,26/26,11:30 PM,04-05-2026
S2239,SHOLINGUR - 39,Ranipet,S.SENTHILKUMAR,Vanchit Bahujan Aaghadi,196,1,197,0.08,26/26,11:30 PM,04-05-2026
S2239,SHOLINGUR - 39,Ranipet,R.VINOTH,Veerath Thiyagi Viswanathadoss Thozhilalarkal Katchi,133,0,133,0.06,26/26,11:30 PM,04-05-2026
S2239,SHOLINGUR - 39,Ranipet,A.ANANDAN,Independent,132,1,133,0.06,26/26,11:30 PM,04-05-2026
S2239,SHOLINGUR - 39,Ranipet,S.ILAYARAJA,Independent,124,0,124,0.05,26/26,11:30 PM,04-05-2026
S2239,SHOLINGUR - 39,Ranipet,KAVIYARASAN.SUBIRAMANI,Independent,249,0,249,0.11,26/26,11:30 PM,04-05-2026
S2239,SHOLINGUR - 39,Ranipet,N.GOPALAKRISHNAN,Independent,310,0,310,0.13,26/26,11:30 PM,04-05-2026
S2239,SHOLINGUR - 39,Ranipet,V.SADHASIVAM,Independent,233,1,234,0.1,26/26,11:30 PM,04-05-2026
S2239,SHOLINGUR - 39,Ranipet,SANTHANAM.R,Independent,275,2,277,0.12,26/26,11:30 PM,04-05-2026
S2239,SHOLINGUR - 39,Ranipet,R.SETHUPATHI,Independent,102,1,103,0.04,26/26,11:30 PM,04-05-2026
S2239,SHOLINGUR - 39,Ranipet,M.DINESH,Independent,349,0,349,0.15,26/26,11:30 PM,04-05-2026
S2239,SHOLINGUR - 39,Ranipet,A.PALANI,Independent,183,0,183,0.08,26/26,11:30 PM,04-05-2026
S2239,SHOLINGUR - 39,Ranipet,N.MANI,Independent,284,0,284,0.12,26/26,11:30 PM,04-05-2026
S2239,SHOLINGUR - 39,Ranipet,K.MUNISAMY,Independent,532,0,532,0.23,26/26,11:30 PM,04-05-2026
S2239,SHOLINGUR - 39,Ranipet,V.MUNIRATHINAM,Independent,342,3,345,0.15,26/26,11:30 PM,04-05-2026
S2239,SHOLINGUR - 39,Ranipet,T.RAJENDRAN,Independent,314,2,316,0.14,26/26,11:30 PM,04-05-2026
S2239,SHOLINGUR - 39,Ranipet,M.VIJAYAN,Independent,546,2,548,0.23,26/26,11:30 PM,04-05-2026
S2239,SHOLINGUR - 39,Ranipet,V.HEMACHANDIRAN,Independent,134,2,136,0.06,26/26,11:30 PM,04-05-2026
S2239,SHOLINGUR - 39,Ranipet,NOTA,None of the Above,557,15,572,0.24,26/26,11:30 PM,04-05-2026
S2240,KATPADI - 40,Vellore,S. THIRUKKUMARAN,Naam Tamilar Katchi,4538,87,4625,2.27,21/21,11:30 PM,04-05-2026
S2240,KATPADI - 40,Vellore,DURAIMURUGAN,Dravida Munnetra Kazhagam,61622,603,62225,30.58,21/21,11:30 PM,04-05-2026
S2240,KATPADI - 40,Vellore,J. RAMESH,Bahujan Samaj Party,403,4,407,0.2,21/21,11:30 PM,04-05-2026
S2240,KATPADI - 40,Vellore,V. RAMU,All India Anna Dravida Munnetra Kazhagam,63321,677,63998,31.45,21/21,11:30 PM,04-05-2026
S2240,KATPADI - 40,Vellore,INDU .W,Tamil Manila Murpokku Dravida Kazhagam,314,5,319,0.16,21/21,11:30 PM,04-05-2026
S2240,KATPADI - 40,Vellore,GANESAN .P,Indhu Dravida Makkal Katchi,79,0,79,0.04,21/21,11:30 PM,04-05-2026
S2240,KATPADI - 40,Vellore,V. CHANDRAN,All India Puratchi Thalaivar Makkal Munnettra Kazhagam,185,2,187,0.09,21/21,11:30 PM,04-05-2026
S2240,KATPADI - 40,Vellore,DR M SUDHAKAR,Tamilaga Vettri Kazhagam,69284,584,69868,34.33,21/21,11:30 PM,04-05-2026
S2240,KATPADI - 40,Vellore,S. BALAJI,Tamil Nadu Ilangyar Katchi,140,0,140,0.07,21/21,11:30 PM,04-05-2026
S2240,KATPADI - 40,Vellore,S. RAMAN,Independent,41,4,45,0.02,21/21,11:30 PM,04-05-2026
S2240,KATPADI - 40,Vellore,SARAVANAN .D,Independent,54,0,54,0.03,21/21,11:30 PM,04-05-2026
S2240,KATPADI - 40,Vellore,M. SUTHAKAR,Independent,140,5,145,0.07,21/21,11:30 PM,04-05-2026
S2240,KATPADI - 40,Vellore,DHANASEKAR,Independent,122,0,122,0.06,21/21,11:30 PM,04-05-2026
S2240,KATPADI - 40,Vellore,DHANANCHEZHIYAN,Independent,215,0,215,0.11,21/21,11:30 PM,04-05-2026
S2240,KATPADI - 40,Vellore,D. RAMU,Independent,321,2,323,0.16,21/21,11:30 PM,04-05-2026
S2240,KATPADI - 40,Vellore,NOTA,None of the Above,726,19,745,0.37,21/21,11:30 PM,04-05-2026
S2241,RANIPET - 41,Vellore,R. GANDHI,Dravida Munnetra Kazhagam,84856,506,85362,38.62,22/22,11:30 PM,04-05-2026
S2241,RANIPET - 41,Vellore,V.M. KARTHIKEYAN,Bharatiya Janata Party,31790,270,32060,14.5,22/22,11:30 PM,04-05-2026
S2241,RANIPET - 41,Vellore,THAARIKHA SALMAN,Naam Tamilar Katchi,7147,89,7236,3.27,22/22,11:30 PM,04-05-2026
S2241,RANIPET - 41,Vellore,J.JENIFERJANET,Bahujan Samaj Party,615,5,620,0.28,22/22,11:30 PM,04-05-2026
S2241,RANIPET - 41,Vellore,THAHIRA,Tamilaga Vettri Kazhagam,90728,421,91149,41.24,22/22,11:30 PM,04-05-2026
S2241,RANIPET - 41,Vellore,S.MUNISAMY,Anti Corruption Dynamic Party,228,1,229,0.1,22/22,11:30 PM,04-05-2026
S2241,RANIPET - 41,Vellore,N.VISWANATHAN,Tamizhaga Vaazhvurimai Katchi,366,4,370,0.17,22/22,11:30 PM,04-05-2026
S2241,RANIPET - 41,Vellore,J. HASSAIN,Independent,513,4,517,0.23,22/22,11:30 PM,04-05-2026
S2241,RANIPET - 41,Vellore,K. SAKTHIVEL NATHAN,Independent,532,1,533,0.24,22/22,11:30 PM,04-05-2026
S2241,RANIPET - 41,Vellore,N. SUGUMAR,Independent,89,5,94,0.04,22/22,11:30 PM,04-05-2026
S2241,RANIPET - 41,Vellore,V. SURESH,Independent,164,2,166,0.08,22/22,11:30 PM,04-05-2026
S2241,RANIPET - 41,Vellore,V. DHARMENDIRAN,Independent,354,2,356,0.16,22/22,11:30 PM,04-05-2026
S2241,RANIPET - 41,Vellore,A. NARESHKUMAR,Independent,744,10,754,0.34,22/22,11:30 PM,04-05-2026
S2241,RANIPET - 41,Vellore,J. MOHAN,Independent,153,2,155,0.07,22/22,11:30 PM,04-05-2026
S2241,RANIPET - 41,Vellore,S.JAYAPRAKASH,Independent,228,0,228,0.1,22/22,11:30 PM,04-05-2026
S2241,RANIPET - 41,Vellore,NOTA,None of the Above,1202,7,1209,0.55,22/22,11:30 PM,04-05-2026
S2242,ARCOT - 42,Vellore,ARCHANA NARASIMMAN,Naam Tamilar Katchi,5381,137,5518,2.44,23/23,11:27 PM,04-05-2026
S2242,ARCOT - 42,Vellore,J.L.ESWARAPPAN,Dravida Munnetra Kazhagam,48306,534,48840,21.63,23/23,11:27 PM,04-05-2026
S2242,ARCOT - 42,Vellore,S.M.SUKUMAR,All India Anna Dravida Munnetra Kazhagam,104696,912,105608,46.77,23/23,11:27 PM,04-05-2026
S2242,ARCOT - 42,Vellore,M.VASANTHAKUMAR,Bahujan Samaj Party,459,9,468,0.21,23/23,11:27 PM,04-05-2026
S2242,ARCOT - 42,Vellore,V.GANDHI,Vanchit Bahujan Aaghadi,192,5,197,0.09,23/23,11:27 PM,04-05-2026
S2242,ARCOT - 42,Vellore,S.P.SHANMUGAM,Aanaithinthiya Jananayaka Pathukappu Kazhagam,244,8,252,0.11,23/23,11:27 PM,04-05-2026
S2242,ARCOT - 42,Vellore,V.SEETHARAMAN,Anti Corruption Dynamic Party,161,7,168,0.07,23/23,11:27 PM,04-05-2026
S2242,ARCOT - 42,Vellore,G.VIJAY MOHAN,Tamilaga Vettri Kazhagam,62035,853,62888,27.85,23/23,11:27 PM,04-05-2026
S2242,ARCOT - 42,Vellore,P.VENKATESAN,Tamizhaga Vaazhvurimai Katchi,146,5,151,0.07,23/23,11:27 PM,04-05-2026
S2242,ARCOT - 42,Vellore,R.INDHUMATHI,Independent,58,0,58,0.03,23/23,11:27 PM,04-05-2026
S2242,ARCOT - 42,Vellore,ESWARAPPAN.M,Independent,95,8,103,0.05,23/23,11:27 PM,04-05-2026
S2242,ARCOT - 42,Vellore,V.SHANTHI,Independent,105,8,113,0.05,23/23,11:27 PM,04-05-2026
S2242,ARCOT - 42,Vellore,K.MANIKANDAN,Independent,397,0,397,0.18,23/23,11:27 PM,04-05-2026
S2242,ARCOT - 42,Vellore,A.VIJAY,Independent,365,4,369,0.16,23/23,11:27 PM,04-05-2026
S2242,ARCOT - 42,Vellore,NOTA,None of the Above,644,12,656,0.29,23/23,11:27 PM,04-05-2026
S2243,VELLORE - 43,Vellore,S R K APPU,All India Anna Dravida Munnetra Kazhagam,44934,524,45458,23.86,22/22,11:30 PM,04-05-2026
S2243,VELLORE - 43,Vellore,P.KARTHIKEYAN,Dravida Munnetra Kazhagam,65587,668,66255,34.77,22/22,11:30 PM,04-05-2026
S2243,VELLORE - 43,Vellore,A.SONIYA,Naam Tamilar Katchi,3731,62,3793,1.99,22/22,11:30 PM,04-05-2026
S2243,VELLORE - 43,Vellore,S.M.IRSHAD,Tamizhaga Vaazhvurimai Katchi,130,5,135,0.07,22/22,11:30 PM,04-05-2026
S2243,VELLORE - 43,Vellore,S.GIRIDHARA PRASAD,Party for the Rights of Other backward Classes,103,0,103,0.05,22/22,11:30 PM,04-05-2026
S2243,VELLORE - 43,Vellore,K.MUNIYAPPAN,ALL PENSIONER'S PARTY,54,1,55,0.03,22/22,11:30 PM,04-05-2026
S2243,VELLORE - 43,Vellore,K.M.VINAAYAGAM,Viro Ke Vir Indian Party,87,1,88,0.05,22/22,11:30 PM,04-05-2026
S2243,VELLORE - 43,Vellore,K.VIMALA,Naam Indiar Party,195,0,195,0.1,22/22,11:30 PM,04-05-2026
S2243,VELLORE - 43,Vellore,M.M.VINOTH KANNAN,Tamilaga Vettri Kazhagam,72563,469,73032,38.33,22/22,11:30 PM,04-05-2026
S2243,VELLORE - 43,Vellore,M.VINOTHKUMAR,Anna MGR Dravida Makkal Kalgam,125,6,131,0.07,22/22,11:30 PM,04-05-2026
S2243,VELLORE - 43,Vellore,S.APPU,Independent,102,1,103,0.05,22/22,11:30 PM,04-05-2026
S2243,VELLORE - 43,Vellore,S.MADHAN KUMAR,Independent,122,1,123,0.06,22/22,11:30 PM,04-05-2026
S2243,VELLORE - 43,Vellore,S.RAJKAMAL,Independent,49,0,49,0.03,22/22,11:30 PM,04-05-2026
S2243,VELLORE - 43,Vellore,M.LOGANATHAN,Independent,59,0,59,0.03,22/22,11:30 PM,04-05-2026
S2243,VELLORE - 43,Vellore,U.VIJAYA KUMAR,Independent,191,0,191,0.1,22/22,11:30 PM,04-05-2026
S2243,VELLORE - 43,Vellore,NOTA,None of the Above,745,12,757,0.4,22/22,11:30 PM,04-05-2026
S2244,ANAIKATTU - 44,Vellore,A.P.NANDAKUMAR,Dravida Munnetra Kazhagam,68468,753,69221,32,23/23,11:27 PM,04-05-2026
S2244,ANAIKATTU - 44,Vellore,M.RAVIKUMAR,Naam Tamilar Katchi,4630,116,4746,2.19,23/23,11:27 PM,04-05-2026
S2244,ANAIKATTU - 44,Vellore,D.VELAZHAGAN,All India Anna Dravida Munnetra Kazhagam,75629,673,76302,35.27,23/23,11:27 PM,04-05-2026
S2244,ANAIKATTU - 44,Vellore,R.SARAVANAN,Namadhu Makkal Katchi,346,5,351,0.16,23/23,11:27 PM,04-05-2026
S2244,ANAIKATTU - 44,Vellore,V.VINOTHKANNA,Tamizhaga Vaazhvurimai Katchi,172,20,192,0.09,23/23,11:27 PM,04-05-2026
S2244,ANAIKATTU - 44,Vellore,V.S.VENKATESH,Aanaithinthiya Jananayaka Pathukappu Kazhagam,216,1,217,0.1,23/23,11:27 PM,04-05-2026
S2244,ANAIKATTU - 44,Vellore,R.VELMURUGAN,Tamilaga Vettri Kazhagam,62602,685,63287,29.26,23/23,11:27 PM,04-05-2026
S2244,ANAIKATTU - 44,Vellore,P.JAYASEELAN,Puthiya Tamilagam,163,3,166,0.08,23/23,11:27 PM,04-05-2026
S2244,ANAIKATTU - 44,Vellore,E.SURESH,Independent,75,2,77,0.04,23/23,11:27 PM,04-05-2026
S2244,ANAIKATTU - 44,Vellore,S.SELVAMOORTHY,Independent,87,3,90,0.04,23/23,11:27 PM,04-05-2026
S2244,ANAIKATTU - 44,Vellore,M.NANDHA KUMAR,Independent,91,4,95,0.04,23/23,11:27 PM,04-05-2026
S2244,ANAIKATTU - 44,Vellore,K.MANOHARAN,Independent,318,1,319,0.15,23/23,11:27 PM,04-05-2026
S2244,ANAIKATTU - 44,Vellore,R.RAMESH,Independent,150,2,152,0.07,23/23,11:27 PM,04-05-2026
S2244,ANAIKATTU - 44,Vellore,NOTA,None of the Above,1092,11,1103,0.51,23/23,11:27 PM,04-05-2026
S2245,KILVAITHINANKUPPAM - 45,Vellore,DR. RAJESWARI. R,Dravida Munnetra Kazhagam,53216,682,53898,28.38,19/19,11:27 PM,04-05-2026
S2245,KILVAITHINANKUPPAM - 45,Vellore,KALAIYENTHIRI. R,Naam Tamilar Katchi,5088,95,5183,2.73,19/19,11:27 PM,04-05-2026
S2245,KILVAITHINANKUPPAM - 45,Vellore,JEGAN MOORTHY. M,All India Anna Dravida Munnetra Kazhagam,53465,585,54050,28.46,19/19,11:27 PM,04-05-2026
S2245,KILVAITHINANKUPPAM - 45,Vellore,ANANDALAI THANGARAJ. M,All India Puratchi Thalaivar Makkal Munnettra Kazhagam,477,5,482,0.25,19/19,11:27 PM,04-05-2026
S2245,KILVAITHINANKUPPAM - 45,Vellore,THENRAL KUMAR. E,Tamilaga Vettri Kazhagam,73649,656,74305,39.13,19/19,11:27 PM,04-05-2026
S2245,KILVAITHINANKUPPAM - 45,Vellore,RAJA. M,Tamizhaga Vaazhvurimai Katchi,200,2,202,0.11,19/19,11:27 PM,04-05-2026
S2245,KILVAITHINANKUPPAM - 45,Vellore,KUMARESAN. L,Independent,107,6,113,0.06,19/19,11:27 PM,04-05-2026
S2245,KILVAITHINANKUPPAM - 45,Vellore,SATHISH. A,Independent,156,1,157,0.08,19/19,11:27 PM,04-05-2026
S2245,KILVAITHINANKUPPAM - 45,Vellore,MURUGAN. K.P,Independent,143,3,146,0.08,19/19,11:27 PM,04-05-2026
S2245,KILVAITHINANKUPPAM - 45,Vellore,JAYASHANKAR. J,Independent,227,0,227,0.12,19/19,11:27 PM,04-05-2026
S2245,KILVAITHINANKUPPAM - 45,Vellore,JAYA BHARATH. J,Independent,156,1,157,0.08,19/19,11:27 PM,04-05-2026
S2245,KILVAITHINANKUPPAM - 45,Vellore,NOTA,None of the Above,959,13,972,0.51,19/19,11:27 PM,04-05-2026
S2246,GUDIYATTAM - 46,Vellore,J.EMALAN,Naam Tamilar Katchi,5735,67,5802,2.53,23/23,11:27 PM,04-05-2026
S2246,GUDIYATTAM - 46,Vellore,PARITHA PURUSHOTHAMAN.G,All India Anna Dravida Munnetra Kazhagam,63635,487,64122,27.99,23/23,11:27 PM,04-05-2026
S2246,GUDIYATTAM - 46,Vellore,K.B.PRADAP,Desiya Murpokku Dravida Kazhagam,72351,410,72761,31.76,23/23,11:27 PM,04-05-2026
S2246,GUDIYATTAM - 46,Vellore,T.POOVARASAN,Bahujan Samaj Party,692,5,697,0.3,23/23,11:27 PM,04-05-2026
S2246,GUDIYATTAM - 46,Vellore,K.ASHA,Puthiya Tamilagam,383,0,383,0.17,23/23,11:27 PM,04-05-2026
S2246,GUDIYATTAM - 46,Vellore,K.SINDU,Tamilaga Vettri Kazhagam,82474,384,82858,36.17,23/23,11:27 PM,04-05-2026
S2246,GUDIYATTAM - 46,Vellore,K.THABITHAL,All India Puratchi Thalaivar Makkal Munnettra Kazhagam,349,2,351,0.15,23/23,11:27 PM,04-05-2026
S2246,GUDIYATTAM - 46,Vellore,SUBAKARAN.A,Independent,515,4,519,0.23,23/23,11:27 PM,04-05-2026
S2246,GUDIYATTAM - 46,Vellore,M.SUMATHI,Independent,151,6,157,0.07,23/23,11:27 PM,04-05-2026
S2246,GUDIYATTAM - 46,Vellore,BHARATH MATHIRUBAN,Independent,400,0,400,0.17,23/23,11:27 PM,04-05-2026
S2246,GUDIYATTAM - 46,Vellore,A.RAJESH,Independent,226,1,227,0.1,23/23,11:27 PM,04-05-2026
S2246,GUDIYATTAM - 46,Vellore,NOTA,None of the Above,792,7,799,0.35,23/23,11:27 PM,04-05-2026
S2247,VANIYAMBADI - 47,Vellore,SUBRAMANI.P,Bahujan Samaj Party,599,10,609,0.29,24/24,11:30 PM,04-05-2026
S2247,VANIYAMBADI - 47,Vellore,SENDHIL KUMAR.G,All India Anna Dravida Munnetra Kazhagam,60472,583,61055,28.73,24/24,11:30 PM,04-05-2026
S2247,VANIYAMBADI - 47,Vellore,MURUGESAN.G,Naam Tamilar Katchi,4784,65,4849,2.28,24/24,11:30 PM,04-05-2026
S2247,VANIYAMBADI - 47,Vellore,ANBARASU.P,Aanaithinthiya Jananayaka Pathukappu Kazhagam,229,2,231,0.11,24/24,11:30 PM,04-05-2026
S2247,VANIYAMBADI - 47,Vellore,SUNDARAMMAL,Makkal Arasial Katchi,540,4,544,0.26,24/24,11:30 PM,04-05-2026
S2247,VANIYAMBADI - 47,Vellore,SYED FAROOQ BASHA SSB,Indian Union Muslim League,72764,417,73181,34.43,24/24,11:30 PM,04-05-2026
S2247,VANIYAMBADI - 47,Vellore,SYED BHURHANUDEEN,Tamilaga Vettri Kazhagam,69845,354,70199,33.03,24/24,11:30 PM,04-05-2026
S2247,VANIYAMBADI - 47,Vellore,DEVENDRAN.J,Tamizhaga Vaazhvurimai Katchi,192,3,195,0.09,24/24,11:30 PM,04-05-2026
S2247,VANIYAMBADI - 47,Vellore,ABDUL WAHID.A,Independent,109,0,109,0.05,24/24,11:30 PM,04-05-2026
S2247,VANIYAMBADI - 47,Vellore,SRINIVASAN.A,Independent,158,0,158,0.07,24/24,11:30 PM,04-05-2026
S2247,VANIYAMBADI - 47,Vellore,SELVARAJ.M,Independent,99,3,102,0.05,24/24,11:30 PM,04-05-2026
S2247,VANIYAMBADI - 47,Vellore,NAVEEN.R,Independent,158,1,159,0.07,24/24,11:30 PM,04-05-2026
S2247,VANIYAMBADI - 47,Vellore,MANJUNATH.K,Independent,139,1,140,0.07,24/24,11:30 PM,04-05-2026
S2247,VANIYAMBADI - 47,Vellore,MANOJ.S,Independent,166,0,166,0.08,24/24,11:30 PM,04-05-2026
S2247,VANIYAMBADI - 47,Vellore,RAJESH.T,Independent,211,2,213,0.1,24/24,11:30 PM,04-05-2026
S2247,VANIYAMBADI - 47,Vellore,NOTA,None of the Above,616,8,624,0.29,24/24,11:30 PM,04-05-2026
S2248,AMBUR - 48,Vellore,AFSHIA NASRIN. S,Naam Tamilar Katchi,4143,42,4185,2.14,24/24,11:27 PM,04-05-2026
S2248,AMBUR - 48,Vellore,WAZEER AHMED. J,Bahujan Samaj Party,381,3,384,0.2,24/24,11:27 PM,04-05-2026
S2248,AMBUR - 48,Vellore,VILWANATHAN. A.C.,Dravida Munnetra Kazhagam,73543,559,74102,37.89,24/24,11:27 PM,04-05-2026
S2248,AMBUR - 48,Vellore,VENKATESAN. R,All India Anna Dravida Munnetra Kazhagam,46768,332,47100,24.08,24/24,11:27 PM,04-05-2026
S2248,AMBUR - 48,Vellore,ASADULLAH. B,Indian National League,457,0,457,0.23,24/24,11:27 PM,04-05-2026
S2248,AMBUR - 48,Vellore,IMTHIYAZ PANDARATTUDU ABDU,Tamilaga Vettri Kazhagam,66689,282,66971,34.24,24/24,11:27 PM,04-05-2026
S2248,AMBUR - 48,Vellore,KAREEM BASHA. A,All India Majlis-E-Inquilab-E-Millat,168,0,168,0.09,24/24,11:27 PM,04-05-2026
S2248,AMBUR - 48,Vellore,GOVINDHAN. A,All India Youth Development Party,85,0,85,0.04,24/24,11:27 PM,04-05-2026
S2248,AMBUR - 48,Vellore,SASI REKA. Y,Makkal Arasial Katchi,193,1,194,0.1,24/24,11:27 PM,04-05-2026
S2248,AMBUR - 48,Vellore,HAROON RASHEED BADU,All India Puratchi Thalaivar Makkal Munnettra Kazhagam,91,2,93,0.05,24/24,11:27 PM,04-05-2026
S2248,AMBUR - 48,Vellore,KUMARAVEL. P,Independent,193,0,193,0.1,24/24,11:27 PM,04-05-2026
S2248,AMBUR - 48,Vellore,FIRDOSE AHMED. M,Independent,124,6,130,0.07,24/24,11:27 PM,04-05-2026
S2248,AMBUR - 48,Vellore,MUSHTAQ AHMED KUTLAPPAI,Independent,150,1,151,0.08,24/24,11:27 PM,04-05-2026
S2248,AMBUR - 48,Vellore,VISWANATHAN. J,Independent,486,4,490,0.25,24/24,11:27 PM,04-05-2026
S2248,AMBUR - 48,Vellore,VENKATESAN. M,Independent,181,1,182,0.09,24/24,11:27 PM,04-05-2026
S2248,AMBUR - 48,Vellore,SRINATH,Independent,231,0,231,0.12,24/24,11:27 PM,04-05-2026
S2248,AMBUR - 48,Vellore,NOTA,None of the Above,465,3,468,0.24,24/24,11:27 PM,04-05-2026
S2249,JOLARPET - 49,Vellore,KAVITHADHANDAPANI,Dravida Munnetra Kazhagam,61376,601,61977,29.09,22/22,11:27 PM,04-05-2026
S2249,JOLARPET - 49,Vellore,SASIREKHA K,Naam Tamilar Katchi,5823,151,5974,2.8,22/22,11:27 PM,04-05-2026
S2249,JOLARPET - 49,Vellore,SIVAKUMAR V C,Bahujan Samaj Party,312,4,316,0.15,22/22,11:27 PM,04-05-2026
S2249,JOLARPET - 49,Vellore,VEERAMANI K.C.,All India Anna Dravida Munnetra Kazhagam,77814,819,78633,36.91,22/22,11:27 PM,04-05-2026
S2249,JOLARPET - 49,Vellore,KALASTHIRI S,All India Uzhavargal Uzhaippalargal Katchi,368,2,370,0.17,22/22,11:27 PM,04-05-2026
S2249,JOLARPET - 49,Vellore,KRISHNAMOORTHY D,Makkal Nala Kazhagam,145,4,149,0.07,22/22,11:27 PM,04-05-2026
S2249,JOLARPET - 49,Vellore,SANKAR T.K,Tamizhaga Vaazhvurimai Katchi,98,6,104,0.05,22/22,11:27 PM,04-05-2026
S2249,JOLARPET - 49,Vellore,SASI REKA Y,Makkal Arasial Katchi,269,1,270,0.13,22/22,11:27 PM,04-05-2026
S2249,JOLARPET - 49,Vellore,SENTHAMILSELVAN M,Naadaalum Makkal Katchi,363,0,363,0.17,22/22,11:27 PM,04-05-2026
S2249,JOLARPET - 49,Vellore,MUNISAMY C,Tamilaga Vettri Kazhagam,61958,592,62550,29.36,22/22,11:27 PM,04-05-2026
S2249,JOLARPET - 49,Vellore,KAVITHA C,Independent,155,0,155,0.07,22/22,11:27 PM,04-05-2026
S2249,JOLARPET - 49,Vellore,KAVITHA T,Independent,74,2,76,0.04,22/22,11:27 PM,04-05-2026
S2249,JOLARPET - 49,Vellore,KAMATCHI S,Independent,123,5,128,0.06,22/22,11:27 PM,04-05-2026
S2249,JOLARPET - 49,Vellore,CHENRAYAN A,Independent,98,1,99,0.05,22/22,11:27 PM,04-05-2026
S2249,JOLARPET - 49,Vellore,CHENNA KESAVAN C,Independent,214,2,216,0.1,22/22,11:27 PM,04-05-2026
S2249,JOLARPET - 49,Vellore,THANGARAJ P,Independent,356,2,358,0.17,22/22,11:27 PM,04-05-2026
S2249,JOLARPET - 49,Vellore,PRIYA K,Independent,452,2,454,0.21,22/22,11:27 PM,04-05-2026
S2249,JOLARPET - 49,Vellore,MOHANRAJ R,Independent,68,1,69,0.03,22/22,11:27 PM,04-05-2026
S2249,JOLARPET - 49,Vellore,VEERAMANI H,Independent,84,2,86,0.04,22/22,11:27 PM,04-05-2026
S2249,JOLARPET - 49,Vellore,NOTA,None of the Above,684,11,695,0.33,22/22,11:27 PM,04-05-2026
S2250,TIRUPPATTUR - 50,Vellore,ARUMUGAM. V,Naam Tamilar Katchi,5360,122,5482,2.7,23/23,11:30 PM,04-05-2026
S2250,TIRUPPATTUR - 50,Vellore,NALLATHAMBI. A,Dravida Munnetra Kazhagam,56264,571,56835,28.01,23/23,11:30 PM,04-05-2026
S2250,TIRUPPATTUR - 50,Vellore,RAJIV GANDHI. S,Bahujan Samaj Party,359,2,361,0.18,23/23,11:30 PM,04-05-2026
S2250,TIRUPPATTUR - 50,Vellore,KALASTHIRI. S,All India Uzhavargal Uzhaippalargal Katchi,203,5,208,0.1,23/23,11:30 PM,04-05-2026
S2250,TIRUPPATTUR - 50,Vellore,SATHIYAMOORTHY. S,Makkal Nala Kazhagam,135,1,136,0.07,23/23,11:30 PM,04-05-2026
S2250,TIRUPPATTUR - 50,Vellore,SEKAR. N,All India Youth Development Party,385,2,387,0.19,23/23,11:30 PM,04-05-2026
S2250,TIRUPPATTUR - 50,Vellore,GNANASEKAR. A,Amma Makkal Munnettra Kazagam,29817,186,30003,14.79,23/23,11:30 PM,04-05-2026
S2250,TIRUPPATTUR - 50,Vellore,DR.THIRUPATHI. N,Tamilaga Vettri Kazhagam,104203,895,105098,51.79,23/23,11:30 PM,04-05-2026
S2250,TIRUPPATTUR - 50,Vellore,RAJESH. S,Tamizhaga Vaazhvurimai Katchi,485,1,486,0.24,23/23,11:30 PM,04-05-2026
S2250,TIRUPPATTUR - 50,Vellore,VIJAYAKUMAR. G,Aanaithinthiya Jananayaka Pathukappu Kazhagam,343,2,345,0.17,23/23,11:30 PM,04-05-2026
S2250,TIRUPPATTUR - 50,Vellore,ANJALI. M,Independent,110,5,115,0.06,23/23,11:30 PM,04-05-2026
S2250,TIRUPPATTUR - 50,Vellore,GOVIND. T.G,Independent,55,0,55,0.03,23/23,11:30 PM,04-05-2026
S2250,TIRUPPATTUR - 50,Vellore,SANKAR. S,Independent,181,1,182,0.09,23/23,11:30 PM,04-05-2026
S2250,TIRUPPATTUR - 50,Vellore,GNANASEKARAN. M,Independent,126,1,127,0.06,23/23,11:30 PM,04-05-2026
S2250,TIRUPPATTUR - 50,Vellore,GNANASEKARAN. R,Independent,206,0,206,0.1,23/23,11:30 PM,04-05-2026
S2250,TIRUPPATTUR - 50,Vellore,THIRUPATHI. C,Independent,349,6,355,0.17,23/23,11:30 PM,04-05-2026
S2250,TIRUPPATTUR - 50,Vellore,THIRUPATHI. S,Independent,331,8,339,0.17,23/23,11:30 PM,04-05-2026
S2250,TIRUPPATTUR - 50,Vellore,THIRUPATHI. N,Independent,447,0,447,0.22,23/23,11:30 PM,04-05-2026
S2250,TIRUPPATTUR - 50,Vellore,NALLATHAMBI. R,Independent,191,1,192,0.09,23/23,11:30 PM,04-05-2026
S2250,TIRUPPATTUR - 50,Vellore,BALABHARATHI. S.V,Independent,127,1,128,0.06,23/23,11:30 PM,04-05-2026
S2250,TIRUPPATTUR - 50,Vellore,DR.POOVALAGI. P,Independent,138,1,139,0.07,23/23,11:30 PM,04-05-2026
S2250,TIRUPPATTUR - 50,Vellore,MOHAN RAJ. R,Independent,119,0,119,0.06,23/23,11:30 PM,04-05-2026
S2250,TIRUPPATTUR - 50,Vellore,RAGUJOSEPH. J,Independent,308,0,308,0.15,23/23,11:30 PM,04-05-2026
S2250,TIRUPPATTUR - 50,Vellore,VENKATESAN. K,Independent,407,1,408,0.2,23/23,11:30 PM,04-05-2026
S2250,TIRUPPATTUR - 50,Vellore,NOTA,None of the Above,456,8,464,0.23,23/23,11:30 PM,04-05-2026
S2251,UTHANGARAI - 51,Vellore,R KUPPUSAMY,Indian National Congress,59877,1116,60993,29.68,25/25,11:30 PM,04-05-2026
S2251,UTHANGARAI - 51,Vellore,T M TAMILSELVAM,All India Anna Dravida Munnetra Kazhagam,64081,922,65003,31.63,25/25,11:30 PM,04-05-2026
S2251,UTHANGARAI - 51,Vellore,MEKALA,Naam Tamilar Katchi,6486,143,6629,3.23,25/25,11:30 PM,04-05-2026
S2251,UTHANGARAI - 51,Vellore,N ELAIYARAJA,Tamilaga Vettri Kazhagam,69448,753,70201,34.16,25/25,11:30 PM,04-05-2026
S2251,UTHANGARAI - 51,Vellore,K THAVARAJ,Tamizhaga Vaazhvurimai Katchi,288,3,291,0.14,25/25,11:30 PM,04-05-2026
S2251,UTHANGARAI - 51,Vellore,PALANI R,Thakkam Katchi,135,0,135,0.07,25/25,11:30 PM,04-05-2026
S2251,UTHANGARAI - 51,Vellore,RAMESHWARI,Bharat Jan Chikitsa Party,115,0,115,0.06,25/25,11:30 PM,04-05-2026
S2251,UTHANGARAI - 51,Vellore,VIJIYAL,Aanaithinthiya Jananayaka Pathukappu Kazhagam,203,3,206,0.1,25/25,11:30 PM,04-05-2026
S2251,UTHANGARAI - 51,Vellore,KUMARAVEL,Independent,245,2,247,0.12,25/25,11:30 PM,04-05-2026
S2251,UTHANGARAI - 51,Vellore,A SAMRAJ,Independent,151,4,155,0.08,25/25,11:30 PM,04-05-2026
S2251,UTHANGARAI - 51,Vellore,TAMILMANI,Independent,234,7,241,0.12,25/25,11:30 PM,04-05-2026
S2251,UTHANGARAI - 51,Vellore,BAKKIYARAJ R,Independent,173,3,176,0.09,25/25,11:30 PM,04-05-2026
S2251,UTHANGARAI - 51,Vellore,MUNIRAJ,Independent,255,2,257,0.13,25/25,11:30 PM,04-05-2026
S2251,UTHANGARAI - 51,Vellore,NOTA,None of the Above,867,14,881,0.43,25/25,11:30 PM,04-05-2026
S2252,BARGUR - 52,Krishnagiri,KAVINKUMAR. S,Naam Tamilar Katchi,5321,141,5462,2.55,24/24,11:27 PM,04-05-2026
S2252,BARGUR - 52,Krishnagiri,E.C. GOVINDARASAN,All India Anna Dravida Munnetra Kazhagam,70298,942,71240,33.3,24/24,11:27 PM,04-05-2026
S2252,BARGUR - 52,Krishnagiri,D. SIVASANKARAN,Bahujan Samaj Party,695,13,708,0.33,24/24,11:27 PM,04-05-2026
S2252,BARGUR - 52,Krishnagiri,D. MATHIAZHAGAN,Dravida Munnetra Kazhagam,63874,1354,65228,30.49,24/24,11:27 PM,04-05-2026
S2252,BARGUR - 52,Krishnagiri,S. ALBERT FRANCIS XAVIER,Tamizhaga Vaazhvurimai Katchi,591,16,607,0.28,24/24,11:27 PM,04-05-2026
S2252,BARGUR - 52,Krishnagiri,A. SUDHAKAR,Republican Party of India (Athawale),680,18,698,0.33,24/24,11:27 PM,04-05-2026
S2252,BARGUR - 52,Krishnagiri,M. NEDUNCHEZLIAN,Periyar Ambedkar Munnetra Kazhagam (PAMK),273,1,274,0.13,24/24,11:27 PM,04-05-2026
S2252,BARGUR - 52,Krishnagiri,MANI. K,All India Youth Development Party,522,2,524,0.24,24/24,11:27 PM,04-05-2026
S2252,BARGUR - 52,Krishnagiri,E. MURALIDHARAN,Tamilaga Vettri Kazhagam,66044,955,66999,31.31,24/24,11:27 PM,04-05-2026
S2252,BARGUR - 52,Krishnagiri,K. ANNADURAI,Independent,156,3,159,0.07,24/24,11:27 PM,04-05-2026
S2252,BARGUR - 52,Krishnagiri,ANITHA MAYAPERUMAL,Independent,130,13,143,0.07,24/24,11:27 PM,04-05-2026
S2252,BARGUR - 52,Krishnagiri,D. GOVINDARAJAN,Independent,208,2,210,0.1,24/24,11:27 PM,04-05-2026
S2252,BARGUR - 52,Krishnagiri,E.C. GOVINDARAJE,Independent,340,5,345,0.16,24/24,11:27 PM,04-05-2026
S2252,BARGUR - 52,Krishnagiri,S. SASIKUMAR,Independent,255,0,255,0.12,24/24,11:27 PM,04-05-2026
S2252,BARGUR - 52,Krishnagiri,MATHESH. R,Independent,473,4,477,0.22,24/24,11:27 PM,04-05-2026
S2252,BARGUR - 52,Krishnagiri,NOTA,None of the Above,607,24,631,0.29,24/24,11:27 PM,04-05-2026
S2253,KRISHNAGIRI - 53,Krishnagiri,ASHOKKUMAR.K,All India Anna Dravida Munnetra Kazhagam,69487,1043,70530,30.64,25/25,11:27 PM,04-05-2026
S2253,KRISHNAGIRI - 53,Krishnagiri,SIVAKUMAR.S,Bahujan Samaj Party,594,14,608,0.26,25/25,11:27 PM,04-05-2026
S2253,KRISHNAGIRI - 53,Krishnagiri,SUGANTHI,Naam Tamilar Katchi,6223,175,6398,2.78,25/25,11:27 PM,04-05-2026
S2253,KRISHNAGIRI - 53,Krishnagiri,CHELLAKUMAR.A,Indian National Congress,58552,1045,59597,25.89,25/25,11:27 PM,04-05-2026
S2253,KRISHNAGIRI - 53,Krishnagiri,SINGARAVELAN VISWANATHAN,Vishwa Tamil Kazhagam,530,5,535,0.23,25/25,11:27 PM,04-05-2026
S2253,KRISHNAGIRI - 53,Krishnagiri,MANGAMMAL,Tamilar Makkal Katchi,335,1,336,0.15,25/25,11:27 PM,04-05-2026
S2253,KRISHNAGIRI - 53,Krishnagiri,MUKUNDHAN.P,Tamilaga Vettri Kazhagam,88252,1122,89374,38.83,25/25,11:27 PM,04-05-2026
S2253,KRISHNAGIRI - 53,Krishnagiri,MUTHULAKSHMI VEERAPPAN,Tamizhaga Vaazhvurimai Katchi,352,14,366,0.16,25/25,11:27 PM,04-05-2026
S2253,KRISHNAGIRI - 53,Krishnagiri,ADVOCATE.MUTHAIAH.S.,Thakkam Katchi,146,13,159,0.07,25/25,11:27 PM,04-05-2026
S2253,KRISHNAGIRI - 53,Krishnagiri,KUMARESAN.M,Independent,151,3,154,0.07,25/25,11:27 PM,04-05-2026
S2253,KRISHNAGIRI - 53,Krishnagiri,CHANDRAMOHAN.K.M.,Independent,151,3,154,0.07,25/25,11:27 PM,04-05-2026
S2253,KRISHNAGIRI - 53,Krishnagiri,SIVAN.C,Independent,281,4,285,0.12,25/25,11:27 PM,04-05-2026
S2253,KRISHNAGIRI - 53,Krishnagiri,SRINIVASAN.K,Independent,230,1,231,0.1,25/25,11:27 PM,04-05-2026
S2253,KRISHNAGIRI - 53,Krishnagiri,NANJUNDAN.M,Independent,149,1,150,0.07,25/25,11:27 PM,04-05-2026
S2253,KRISHNAGIRI - 53,Krishnagiri,VENKATESHRAJA.E,Independent,168,0,168,0.07,25/25,11:27 PM,04-05-2026
S2253,KRISHNAGIRI - 53,Krishnagiri,NOTA,None of the Above,1094,42,1136,0.49,25/25,11:27 PM,04-05-2026
S2254,VEPPANAHALLI - 54,Krishnagiri,SRINIVASAN.P.S,Dravida Munnetra Kazhagam,74147,544,74691,33.55,27/27,11:30 PM,04-05-2026
S2254,VEPPANAHALLI - 54,Krishnagiri,NAGARAJ.R,Naam Tamilar Katchi,4471,48,4519,2.03,27/27,11:30 PM,04-05-2026
S2254,VEPPANAHALLI - 54,Krishnagiri,MUNUSAMY.K.P,All India Anna Dravida Munnetra Kazhagam,74020,533,74553,33.49,27/27,11:30 PM,04-05-2026
S2254,VEPPANAHALLI - 54,Krishnagiri,IYAPPAN.L,Tamizhaga Vaazhvurimai Katchi,867,4,871,0.39,27/27,11:30 PM,04-05-2026
S2254,VEPPANAHALLI - 54,Krishnagiri,SAMPANGI.S.R,Tamilaga Vettri Kazhagam,63487,420,63907,28.71,27/27,11:30 PM,04-05-2026
S2254,VEPPANAHALLI - 54,Krishnagiri,SENTHILKUMAR.R,Tamil Nadu Ilangyar Katchi,215,0,215,0.1,27/27,11:30 PM,04-05-2026
S2254,VEPPANAHALLI - 54,Krishnagiri,PRAJAPATHI VIJAY.C,Tamilar Makkal Katchi,154,2,156,0.07,27/27,11:30 PM,04-05-2026
S2254,VEPPANAHALLI - 54,Krishnagiri,ESHWARAN.C,Independent,151,1,152,0.07,27/27,11:30 PM,04-05-2026
S2254,VEPPANAHALLI - 54,Krishnagiri,GOVINDARAJ.G.J,Independent,183,2,185,0.08,27/27,11:30 PM,04-05-2026
S2254,VEPPANAHALLI - 54,Krishnagiri,MANOHARAN.K.A,Independent,345,0,345,0.15,27/27,11:30 PM,04-05-2026
S2254,VEPPANAHALLI - 54,Krishnagiri,YUVARAJ.K.P.U,Independent,262,3,265,0.12,27/27,11:30 PM,04-05-2026
S2254,VEPPANAHALLI - 54,Krishnagiri,RAMASAMY.G.C,Independent,487,0,487,0.22,27/27,11:30 PM,04-05-2026
S2254,VEPPANAHALLI - 54,Krishnagiri,VENKATESAN.C,Independent,690,2,692,0.31,27/27,11:30 PM,04-05-2026
S2254,VEPPANAHALLI - 54,Krishnagiri,NOTA,None of the Above,1559,11,1570,0.71,27/27,11:30 PM,04-05-2026
S2255,HOSUR - 55,Krishnagiri,SATHYA.S.A.,Dravida Munnetra Kazhagam,72966,807,73773,26.56,32/32,11:27 PM,04-05-2026
S2255,HOSUR - 55,Krishnagiri,BALAKRISHNAREDDY. P,All India Anna Dravida Munnetra Kazhagam,109047,820,109867,39.55,32/32,11:27 PM,04-05-2026
S2255,HOSUR - 55,Krishnagiri,STALIN.R,Naam Tamilar Katchi,7573,59,7632,2.75,32/32,11:27 PM,04-05-2026
S2255,HOSUR - 55,Krishnagiri,SURYA. Y,Republican Party of India (Athawale),1154,21,1175,0.42,32/32,11:27 PM,04-05-2026
S2255,HOSUR - 55,Krishnagiri,PONNUMANI.R,Tamilar Makkal Katchi,238,2,240,0.09,32/32,11:27 PM,04-05-2026
S2255,HOSUR - 55,Krishnagiri,VENDARKARASAN.S,Tamilaga Vettri Kazhagam,81604,460,82064,29.54,32/32,11:27 PM,04-05-2026
S2255,HOSUR - 55,Krishnagiri,GANESH.M,Independent,189,1,190,0.07,32/32,11:27 PM,04-05-2026
S2255,HOSUR - 55,Krishnagiri,DR.SHANMUGAM.A.R.,Independent,102,1,103,0.04,32/32,11:27 PM,04-05-2026
S2255,HOSUR - 55,Krishnagiri,DEVAPPA.Y,Independent,134,1,135,0.05,32/32,11:27 PM,04-05-2026
S2255,HOSUR - 55,Krishnagiri,PATTABIRAMA. C,Independent,174,2,176,0.06,32/32,11:27 PM,04-05-2026
S2255,HOSUR - 55,Krishnagiri,MASOOD.S,Independent,290,2,292,0.11,32/32,11:27 PM,04-05-2026
S2255,HOSUR - 55,Krishnagiri,MARIYA FRANCIS.S,Independent,235,3,238,0.09,32/32,11:27 PM,04-05-2026
S2255,HOSUR - 55,Krishnagiri,RAJENDRAN.P,Independent,270,1,271,0.1,32/32,11:27 PM,04-05-2026
S2255,HOSUR - 55,Krishnagiri,NOTA,None of the Above,1585,29,1614,0.58,32/32,11:27 PM,04-05-2026
S2256,THALLI - 56,Krishnagiri,RAMACHANDRAN. T,Communist Party of India,77470,813,78283,38.02,24/24,11:30 PM,04-05-2026
S2256,THALLI - 56,Krishnagiri,NARASIMMA REDDY ALIAS NARASIMMAN. R,Naam Tamilar Katchi,4078,29,4107,1.99,24/24,11:30 PM,04-05-2026
S2256,THALLI - 56,Krishnagiri,DR.NAGESH KUMAR. C,Bharatiya Janata Party,72587,456,73043,35.48,24/24,11:30 PM,04-05-2026
S2256,THALLI - 56,Krishnagiri,AJITH. G,Tamizhaga Vaazhvurimai Katchi,1007,10,1017,0.49,24/24,11:30 PM,04-05-2026
S2256,THALLI - 56,Krishnagiri,SURESH. G,Tamilaga Vettri Kazhagam,44977,268,45245,21.98,24/24,11:30 PM,04-05-2026
S2256,THALLI - 56,Krishnagiri,JAYARAM. N,Anna Makkal Katchi,420,4,424,0.21,24/24,11:30 PM,04-05-2026
S2256,THALLI - 56,Krishnagiri,ASANRAJA. K,Independent,698,3,701,0.34,24/24,11:30 PM,04-05-2026
S2256,THALLI - 56,Krishnagiri,KUMAR. D.J,Independent,380,0,380,0.18,24/24,11:30 PM,04-05-2026
S2256,THALLI - 56,Krishnagiri,DEVAPPA. Y,Independent,506,0,506,0.25,24/24,11:30 PM,04-05-2026
S2256,THALLI - 56,Krishnagiri,JAGAN. M,Independent,621,1,622,0.3,24/24,11:30 PM,04-05-2026
S2256,THALLI - 56,Krishnagiri,NOTA,None of the Above,1544,6,1550,0.75,24/24,11:30 PM,04-05-2026
S2257,PALACODU - 57,Dharamapuri,ANBALAGAN. K.P.,All India Anna Dravida Munnetra Kazhagam,101533,1274,102807,45.64,23/23,11:30 PM,04-05-2026
S2257,PALACODU - 57,Dharamapuri,DR. DNV SENTHILKUMAR. S.,Dravida Munnetra Kazhagam,49220,823,50043,22.22,23/23,11:30 PM,04-05-2026
S2257,PALACODU - 57,Dharamapuri,BOOPATHI. R.,Naam Tamilar Katchi,5492,106,5598,2.49,23/23,11:30 PM,04-05-2026
S2257,PALACODU - 57,Dharamapuri,GOPI. R.,Tamilaga Vettri Kazhagam,63211,554,63765,28.31,23/23,11:30 PM,04-05-2026
S2257,PALACODU - 57,Dharamapuri,PALANIYAMMAL. M.,Tamilar Makkal Katchi,153,2,155,0.07,23/23,11:30 PM,04-05-2026
S2257,PALACODU - 57,Dharamapuri,RAMESH. P.,Naadaalum Makkal Katchi,176,3,179,0.08,23/23,11:30 PM,04-05-2026
S2257,PALACODU - 57,Dharamapuri,JAYARAMAN PERUMAL. P.,Tamizhaga Vaazhvurimai Katchi,115,3,118,0.05,23/23,11:30 PM,04-05-2026
S2257,PALACODU - 57,Dharamapuri,KRISHNAN. L.,Independent,61,0,61,0.03,23/23,11:30 PM,04-05-2026
S2257,PALACODU - 57,Dharamapuri,CHINNASAMY. N.,Independent,114,0,114,0.05,23/23,11:30 PM,04-05-2026
S2257,PALACODU - 57,Dharamapuri,SENTHILKUMAR. G.,Independent,140,5,145,0.06,23/23,11:30 PM,04-05-2026
S2257,PALACODU - 57,Dharamapuri,SENTHILKUMAR. K,Independent,109,7,116,0.05,23/23,11:30 PM,04-05-2026
S2257,PALACODU - 57,Dharamapuri,PERUMAL MUNUSAMY. M.,Independent,222,1,223,0.1,23/23,11:30 PM,04-05-2026
S2257,PALACODU - 57,Dharamapuri,MADHAPPAN. P.,Independent,281,2,283,0.13,23/23,11:30 PM,04-05-2026
S2257,PALACODU - 57,Dharamapuri,RAMAN. M.,Independent,358,0,358,0.16,23/23,11:30 PM,04-05-2026
S2257,PALACODU - 57,Dharamapuri,NOTA,None of the Above,1285,7,1292,0.57,23/23,11:30 PM,04-05-2026
S2258,PENNAGARAM - 58,Dharamapuri,AJITH KUMAR. S.,Bahujan Samaj Party,550,7,557,0.24,23/23,11:30 PM,04-05-2026
S2258,PENNAGARAM - 58,Dharamapuri,G. K. M. TAMILKUMARAN,Indian National Congress,52934,967,53901,23.57,23/23,11:30 PM,04-05-2026
S2258,PENNAGARAM - 58,Dharamapuri,PALANIYAMMAL. T.,Naam Tamilar Katchi,7234,124,7358,3.22,23/23,11:30 PM,04-05-2026
S2258,PENNAGARAM - 58,Dharamapuri,KANNAN. K.,Tamilar Makkal Katchi,544,2,546,0.24,23/23,11:30 PM,04-05-2026
S2258,PENNAGARAM - 58,Dharamapuri,GAJENDRAN. S.,Tamilaga Vettri Kazhagam,80473,767,81240,35.53,23/23,11:30 PM,04-05-2026
S2258,PENNAGARAM - 58,Dharamapuri,SELVAM. V.,Pattali Makkal Katchi,76737,1338,78075,34.14,23/23,11:30 PM,04-05-2026
S2258,PENNAGARAM - 58,Dharamapuri,THAVAMANI. C.,Tamizhaga Vaazhvurimai Katchi,620,8,628,0.27,23/23,11:30 PM,04-05-2026
S2258,PENNAGARAM - 58,Dharamapuri,THIRUMURUGAN. P.,Naadaalum Makkal Katchi,423,6,429,0.19,23/23,11:30 PM,04-05-2026
S2258,PENNAGARAM - 58,Dharamapuri,ANNAMALAI. M.,Independent,477,3,480,0.21,23/23,11:30 PM,04-05-2026
S2258,PENNAGARAM - 58,Dharamapuri,ARUNKUMAR. G.,Independent,499,2,501,0.22,23/23,11:30 PM,04-05-2026
S2258,PENNAGARAM - 58,Dharamapuri,ELAVARSAN. A.,Independent,366,1,367,0.16,23/23,11:30 PM,04-05-2026
S2258,PENNAGARAM - 58,Dharamapuri,SAKTHIVEL. M.,Independent,478,2,480,0.21,23/23,11:30 PM,04-05-2026
S2258,PENNAGARAM - 58,Dharamapuri,SELVAM. V.,Independent,202,0,202,0.09,23/23,11:30 PM,04-05-2026
S2258,PENNAGARAM - 58,Dharamapuri,SENDRAYAN. G.,Independent,287,6,293,0.13,23/23,11:30 PM,04-05-2026
S2258,PENNAGARAM - 58,Dharamapuri,GNANASELVAM. S.,Independent,462,1,463,0.2,23/23,11:30 PM,04-05-2026
S2258,PENNAGARAM - 58,Dharamapuri,TAMILARASAN. M.,Independent,395,5,400,0.17,23/23,11:30 PM,04-05-2026
S2258,PENNAGARAM - 58,Dharamapuri,TAMILSELVI. S.,Independent,259,4,263,0.12,23/23,11:30 PM,04-05-2026
S2258,PENNAGARAM - 58,Dharamapuri,POOMANI. P.,Independent,532,1,533,0.23,23/23,11:30 PM,04-05-2026
S2258,PENNAGARAM - 58,Dharamapuri,MANIVANNAN. S.,Independent,208,1,209,0.09,23/23,11:30 PM,04-05-2026
S2258,PENNAGARAM - 58,Dharamapuri,MANOHARAN. K. A.,Independent,362,2,364,0.16,23/23,11:30 PM,04-05-2026
S2258,PENNAGARAM - 58,Dharamapuri,VILKRISHNAN. R.,Independent,356,0,356,0.16,23/23,11:30 PM,04-05-2026
S2258,PENNAGARAM - 58,Dharamapuri,VEERAPPAN. M.,Independent,347,0,347,0.15,23/23,11:30 PM,04-05-2026
S2258,PENNAGARAM - 58,Dharamapuri,NOTA,None of the Above,656,18,674,0.29,23/23,11:30 PM,04-05-2026
S2259,DHARMAPURI - 59,Dharamapuri,DR. ELANGOVAN. V.,Desiya Murpokku Dravida Kazhagam,55457,1448,56905,23.85,23/23,11:27 PM,04-05-2026
S2259,DHARMAPURI - 59,Dharamapuri,SHANTHALAKSHMI. K.,Naam Tamilar Katchi,6558,200,6758,2.83,23/23,11:27 PM,04-05-2026
S2259,DHARMAPURI - 59,Dharamapuri,SARAVANAN. A.,Aanaithinthiya Jananayaka Pathukappu Kazhagam,1059,19,1078,0.45,23/23,11:27 PM,04-05-2026
S2259,DHARMAPURI - 59,Dharamapuri,SIVAGAMI. G.,Tamilar Makkal Katchi,377,5,382,0.16,23/23,11:27 PM,04-05-2026
S2259,DHARMAPURI - 59,Dharamapuri,SIVAN. M.,Tamilaga Vettri Kazhagam,71487,1330,72817,30.52,23/23,11:27 PM,04-05-2026
S2259,DHARMAPURI - 59,Dharamapuri,SOWMIYA ANBUMANI,Pattali Makkal Katchi,91469,2244,93713,39.28,23/23,11:27 PM,04-05-2026
S2259,DHARMAPURI - 59,Dharamapuri,PRASANTH. DBJ.,Tamizhaga Vaazhvurimai Katchi,813,8,821,0.34,23/23,11:27 PM,04-05-2026
S2259,DHARMAPURI - 59,Dharamapuri,MANIKANDAN. S.,Vishwa Tamil Kazhagam,705,5,710,0.3,23/23,11:27 PM,04-05-2026
S2259,DHARMAPURI - 59,Dharamapuri,MADHU. P.,Naadaalum Makkal Katchi,496,9,505,0.21,23/23,11:27 PM,04-05-2026
S2259,DHARMAPURI - 59,Dharamapuri,ARUMUGAM. MUNI.,Independent,210,5,215,0.09,23/23,11:27 PM,04-05-2026
S2259,DHARMAPURI - 59,Dharamapuri,KUMAR. V.,Independent,348,5,353,0.15,23/23,11:27 PM,04-05-2026
S2259,DHARMAPURI - 59,Dharamapuri,SARAVANAN. G.,Independent,969,14,983,0.41,23/23,11:27 PM,04-05-2026
S2259,DHARMAPURI - 59,Dharamapuri,SIVAM. R.,Independent,161,5,166,0.07,23/23,11:27 PM,04-05-2026
S2259,DHARMAPURI - 59,Dharamapuri,SIVAN. A.,Independent,362,10,372,0.16,23/23,11:27 PM,04-05-2026
S2259,DHARMAPURI - 59,Dharamapuri,SUNDARAMOORTHY. M.,Independent,190,2,192,0.08,23/23,11:27 PM,04-05-2026
S2259,DHARMAPURI - 59,Dharamapuri,THIRUPATHI. M.,Independent,763,0,763,0.32,23/23,11:27 PM,04-05-2026
S2259,DHARMAPURI - 59,Dharamapuri,NAGARAJAN. D.,Independent,615,4,619,0.26,23/23,11:27 PM,04-05-2026
S2259,DHARMAPURI - 59,Dharamapuri,PALANI. K.,Independent,171,7,178,0.07,23/23,11:27 PM,04-05-2026
S2259,DHARMAPURI - 59,Dharamapuri,PRABHAKARAN. M.,Independent,106,2,108,0.05,23/23,11:27 PM,04-05-2026
S2259,DHARMAPURI - 59,Dharamapuri,NOTA,None of the Above,889,52,941,0.39,23/23,11:27 PM,04-05-2026
S2260,PAPPIREDDIPATTI - 60,Dharamapuri,ARCHANA TAMILARUVI,Naam Tamilar Katchi,5060,156,5216,2.2,25/25,11:30 PM,04-05-2026
S2260,PAPPIREDDIPATTI - 60,Dharamapuri,PALANIAPPAN. P,Dravida Munnetra Kazhagam,66830,1885,68715,29.04,25/25,11:30 PM,04-05-2026
S2260,PAPPIREDDIPATTI - 60,Dharamapuri,MARAGATHAM VETRIVEL,All India Anna Dravida Munnetra Kazhagam,100096,1733,101829,43.03,25/25,11:30 PM,04-05-2026
S2260,PAPPIREDDIPATTI - 60,Dharamapuri,GANESAN. S,Vishwa Tamil Kazhagam,761,9,770,0.33,25/25,11:30 PM,04-05-2026
S2260,PAPPIREDDIPATTI - 60,Dharamapuri,CHENNAKRISHNAN. V,All India Puratchi Thalaivar Makkal Munnettra Kazhagam,238,5,243,0.1,25/25,11:30 PM,04-05-2026
S2260,PAPPIREDDIPATTI - 60,Dharamapuri,THILAGAVATHI. S,Tamilaga Vettri Kazhagam,56666,953,57619,24.35,25/25,11:30 PM,04-05-2026
S2260,PAPPIREDDIPATTI - 60,Dharamapuri,POOVARASU,Tamilar Makkal Katchi,121,0,121,0.05,25/25,11:30 PM,04-05-2026
S2260,PAPPIREDDIPATTI - 60,Dharamapuri,JAMUNARANI. M,Naadaalum Makkal Katchi,186,1,187,0.08,25/25,11:30 PM,04-05-2026
S2260,PAPPIREDDIPATTI - 60,Dharamapuri,SATHISH. S,Independent,75,1,76,0.03,25/25,11:30 PM,04-05-2026
S2260,PAPPIREDDIPATTI - 60,Dharamapuri,CHINNASAMY. P,Independent,78,0,78,0.03,25/25,11:30 PM,04-05-2026
S2260,PAPPIREDDIPATTI - 60,Dharamapuri,TAMILRAJ. K,Independent,143,3,146,0.06,25/25,11:30 PM,04-05-2026
S2260,PAPPIREDDIPATTI - 60,Dharamapuri,PALANIAPPAN. R,Independent,309,6,315,0.13,25/25,11:30 PM,04-05-2026
S2260,PAPPIREDDIPATTI - 60,Dharamapuri,MURUGAN. S,Independent,326,1,327,0.14,25/25,11:30 PM,04-05-2026
S2260,PAPPIREDDIPATTI - 60,Dharamapuri,MOORTHI. P,Independent,301,1,302,0.13,25/25,11:30 PM,04-05-2026
S2260,PAPPIREDDIPATTI - 60,Dharamapuri,NOTA,None of the Above,661,16,677,0.29,25/25,11:30 PM,04-05-2026
S2261,HARUR - 61,Dharamapuri,ANITHA. A,Naam Tamilar Katchi,5055,190,5245,2.38,23/23,11:27 PM,04-05-2026
S2261,HARUR - 61,Dharamapuri,SHANMUGAM. A,Dravida Munnetra Kazhagam,70263,1931,72194,32.81,23/23,11:27 PM,04-05-2026
S2261,HARUR - 61,Dharamapuri,SAMPATHKUMAR. V,All India Anna Dravida Munnetra Kazhagam,74063,1460,75523,34.32,23/23,11:27 PM,04-05-2026
S2261,HARUR - 61,Dharamapuri,NEHRU. G,Bahujan Samaj Party,690,6,696,0.32,23/23,11:27 PM,04-05-2026
S2261,HARUR - 61,Dharamapuri,KARUTHAMMAL. S,Naadaalum Makkal Katchi,481,6,487,0.22,23/23,11:27 PM,04-05-2026
S2261,HARUR - 61,Dharamapuri,KUPPURAJ. K,Tamilar Makkal Katchi,119,1,120,0.05,23/23,11:27 PM,04-05-2026
S2261,HARUR - 61,Dharamapuri,MANILA. S,Tamizhaga Vaazhvurimai Katchi,209,4,213,0.1,23/23,11:27 PM,04-05-2026
S2261,HARUR - 61,Dharamapuri,MARIKANNU. C,Republican Party of India (Athawale),622,30,652,0.3,23/23,11:27 PM,04-05-2026
S2261,HARUR - 61,Dharamapuri,RAKESH. K,Tamilaga Vettri Kazhagam,61685,1071,62756,28.52,23/23,11:27 PM,04-05-2026
S2261,HARUR - 61,Dharamapuri,VENKATESH (A) DR. V.K. SWAMY,Bharat Jan Chikitsa Party,158,3,161,0.07,23/23,11:27 PM,04-05-2026
S2261,HARUR - 61,Dharamapuri,SAMPATH. K,Independent,107,3,110,0.05,23/23,11:27 PM,04-05-2026
S2261,HARUR - 61,Dharamapuri,SAMPATH. C,Independent,215,2,217,0.1,23/23,11:27 PM,04-05-2026
S2261,HARUR - 61,Dharamapuri,THANGAVEL. K,Independent,437,4,441,0.2,23/23,11:27 PM,04-05-2026
S2261,HARUR - 61,Dharamapuri,PARTHIPAN. P,Independent,444,1,445,0.2,23/23,11:27 PM,04-05-2026
S2261,HARUR - 61,Dharamapuri,NOTA,None of the Above,758,24,782,0.36,23/23,11:27 PM,04-05-2026
S2262,CHENGAM - 62,Tiruvannamalai ,M.P.GIRI,Dravida Munnetra Kazhagam,69497,849,70346,28.96,25/25,11:27 PM,04-05-2026
S2262,CHENGAM - 62,Tiruvannamalai ,S.VELU,All India Anna Dravida Munnetra Kazhagam,86953,849,87802,36.15,25/25,11:27 PM,04-05-2026
S2262,CHENGAM - 62,Tiruvannamalai ,J.SHOBA,Naam Tamilar Katchi,6249,86,6335,2.61,25/25,11:27 PM,04-05-2026
S2262,CHENGAM - 62,Tiruvannamalai ,C SELVAN,Republican Party of India (Athawale),871,24,895,0.37,25/25,11:27 PM,04-05-2026
S2262,CHENGAM - 62,Tiruvannamalai ,K BHARATHIDHASAN,Tamilaga Vettri Kazhagam,73985,539,74524,30.68,25/25,11:27 PM,04-05-2026
S2262,CHENGAM - 62,Tiruvannamalai ,K MANIKANDAN,Makkal Sananayaga Kudiyarasu Katchi,149,0,149,0.06,25/25,11:27 PM,04-05-2026
S2262,CHENGAM - 62,Tiruvannamalai ,C.MALATHI,Tamizhaga Vaazhvurimai Katchi,82,2,84,0.03,25/25,11:27 PM,04-05-2026
S2262,CHENGAM - 62,Tiruvannamalai ,A.CHIDAMBARAM,Independent,172,1,173,0.07,25/25,11:27 PM,04-05-2026
S2262,CHENGAM - 62,Tiruvannamalai ,P.SELVAM,Independent,93,27,120,0.05,25/25,11:27 PM,04-05-2026
S2262,CHENGAM - 62,Tiruvannamalai ,D DHILIPKUMAR,Independent,58,13,71,0.03,25/25,11:27 PM,04-05-2026
S2262,CHENGAM - 62,Tiruvannamalai ,A.BHARATHI,Independent,399,1,400,0.16,25/25,11:27 PM,04-05-2026
S2262,CHENGAM - 62,Tiruvannamalai ,A POONGODI,Independent,197,0,197,0.08,25/25,11:27 PM,04-05-2026
S2262,CHENGAM - 62,Tiruvannamalai ,M.MUGILARASAN,Independent,133,4,137,0.06,25/25,11:27 PM,04-05-2026
S2262,CHENGAM - 62,Tiruvannamalai ,M.RAMAN MASILAMANI,Independent,156,0,156,0.06,25/25,11:27 PM,04-05-2026
S2262,CHENGAM - 62,Tiruvannamalai ,K.VELU,Independent,393,1,394,0.16,25/25,11:27 PM,04-05-2026
S2262,CHENGAM - 62,Tiruvannamalai ,NOTA,None of the Above,1103,11,1114,0.46,25/25,11:27 PM,04-05-2026
S2263,TIRUVANNAMALAI - 63,Tiruvannamalai ,ELUMALAI. C,Bharatiya Janata Party,33809,471,34280,15.58,23/23,11:30 PM,04-05-2026
S2263,TIRUVANNAMALAI - 63,Tiruvannamalai ,RAJ. S,Bahujan Samaj Party,281,0,281,0.13,23/23,11:30 PM,04-05-2026
S2263,TIRUVANNAMALAI - 63,Tiruvannamalai ,VIGNESH. S,Naam Tamilar Katchi,5930,81,6011,2.73,23/23,11:30 PM,04-05-2026
S2263,TIRUVANNAMALAI - 63,Tiruvannamalai ,VELU. E.V,Dravida Munnetra Kazhagam,87271,1002,88273,40.11,23/23,11:30 PM,04-05-2026
S2263,TIRUVANNAMALAI - 63,Tiruvannamalai ,ARUL ARUMUGAM,Tamilaga Vettri Kazhagam,85172,646,85818,39,23/23,11:30 PM,04-05-2026
S2263,TIRUVANNAMALAI - 63,Tiruvannamalai ,KANNAN. P,Veerath Thiyagi Viswanathadoss Thozhilalarkal Katchi,256,0,256,0.12,23/23,11:30 PM,04-05-2026
S2263,TIRUVANNAMALAI - 63,Tiruvannamalai ,NAKKIRAN. A,Thamizhaka Padaippalar Makkal Katchi,134,1,135,0.06,23/23,11:30 PM,04-05-2026
S2263,TIRUVANNAMALAI - 63,Tiruvannamalai ,BENNY RAJAN. C.J,Republican Party of India (Athawale),611,16,627,0.28,23/23,11:30 PM,04-05-2026
S2263,TIRUVANNAMALAI - 63,Tiruvannamalai ,MALLI. S,Tamizhaga Vaazhvurimai Katchi,121,1,122,0.06,23/23,11:30 PM,04-05-2026
S2263,TIRUVANNAMALAI - 63,Tiruvannamalai ,VIJAYAKUMAR. S,Naadaalum Makkal Katchi,276,1,277,0.13,23/23,11:30 PM,04-05-2026
S2263,TIRUVANNAMALAI - 63,Tiruvannamalai ,VELU. V,Anti Corruption Dynamic Party,80,1,81,0.04,23/23,11:30 PM,04-05-2026
S2263,TIRUVANNAMALAI - 63,Tiruvannamalai ,ARUL. K,Independent,323,2,325,0.15,23/23,11:30 PM,04-05-2026
S2263,TIRUVANNAMALAI - 63,Tiruvannamalai ,ARUL ANAND. V,Independent,168,1,169,0.08,23/23,11:30 PM,04-05-2026
S2263,TIRUVANNAMALAI - 63,Tiruvannamalai ,ANBALAGAN. M,Independent,58,1,59,0.03,23/23,11:30 PM,04-05-2026
S2263,TIRUVANNAMALAI - 63,Tiruvannamalai ,ADHITHYA PALANISAMY. A,Independent,188,0,188,0.09,23/23,11:30 PM,04-05-2026
S2263,TIRUVANNAMALAI - 63,Tiruvannamalai ,ANANTH. A. M,Independent,212,0,212,0.1,23/23,11:30 PM,04-05-2026
S2263,TIRUVANNAMALAI - 63,Tiruvannamalai ,ELUMALAI. A S/O ARUMUGAM,Independent,356,0,356,0.16,23/23,11:30 PM,04-05-2026
S2263,TIRUVANNAMALAI - 63,Tiruvannamalai ,ELUMALAI. C S/O CHINNAKUZHANTHAI,Independent,130,0,130,0.06,23/23,11:30 PM,04-05-2026
S2263,TIRUVANNAMALAI - 63,Tiruvannamalai ,ELUMALAI. C S/O CHINNARASU,Independent,87,0,87,0.04,23/23,11:30 PM,04-05-2026
S2263,TIRUVANNAMALAI - 63,Tiruvannamalai ,KOTHANDAPANI. B,Independent,284,0,284,0.13,23/23,11:30 PM,04-05-2026
S2263,TIRUVANNAMALAI - 63,Tiruvannamalai ,SALAM .M,Independent,474,0,474,0.22,23/23,11:30 PM,04-05-2026
S2263,TIRUVANNAMALAI - 63,Tiruvannamalai ,PALANI. N,Independent,219,0,219,0.1,23/23,11:30 PM,04-05-2026
S2263,TIRUVANNAMALAI - 63,Tiruvannamalai ,MAHESWARI. R,Independent,76,1,77,0.03,23/23,11:30 PM,04-05-2026
S2263,TIRUVANNAMALAI - 63,Tiruvannamalai ,MARIKKANNU. E,Independent,61,0,61,0.03,23/23,11:30 PM,04-05-2026
S2263,TIRUVANNAMALAI - 63,Tiruvannamalai ,MOORTHY. P,Independent,42,0,42,0.02,23/23,11:30 PM,04-05-2026
S2263,TIRUVANNAMALAI - 63,Tiruvannamalai ,RAMESH. V,Independent,129,0,129,0.06,23/23,11:30 PM,04-05-2026
S2263,TIRUVANNAMALAI - 63,Tiruvannamalai ,RAJA. V,Independent,90,1,91,0.04,23/23,11:30 PM,04-05-2026
S2263,TIRUVANNAMALAI - 63,Tiruvannamalai ,VIGNESH. M,Independent,93,0,93,0.04,23/23,11:30 PM,04-05-2026
S2263,TIRUVANNAMALAI - 63,Tiruvannamalai ,VENKATESAN. M,Independent,66,0,66,0.03,23/23,11:30 PM,04-05-2026
S2263,TIRUVANNAMALAI - 63,Tiruvannamalai ,VELU. K,Independent,57,1,58,0.03,23/23,11:30 PM,04-05-2026
S2263,TIRUVANNAMALAI - 63,Tiruvannamalai ,NOTA,None of the Above,758,27,785,0.36,23/23,11:30 PM,04-05-2026
S2264,KILPENNATHUR - 64,Tiruvannamalai ,RAMACHANDRAN.S,All India Anna Dravida Munnetra Kazhagam,89434,1069,90503,41.18,23/23,11:27 PM,04-05-2026
S2264,KILPENNATHUR - 64,Tiruvannamalai ,PITCHANDI.K,Dravida Munnetra Kazhagam,59157,881,60038,27.32,23/23,11:27 PM,04-05-2026
S2264,KILPENNATHUR - 64,Tiruvannamalai ,LOGANATHAN.V,Naam Tamilar Katchi,6092,92,6184,2.81,23/23,11:27 PM,04-05-2026
S2264,KILPENNATHUR - 64,Tiruvannamalai ,SHANMUGAM.A,Thamizhaka Padaippalar Makkal Katchi,164,1,165,0.08,23/23,11:27 PM,04-05-2026
S2264,KILPENNATHUR - 64,Tiruvannamalai ,RAJASEKAR.P,Tamizhaga Vaazhvurimai Katchi,294,1,295,0.13,23/23,11:27 PM,04-05-2026
S2264,KILPENNATHUR - 64,Tiruvannamalai ,RAJA.D,Tamilaga Vettri Kazhagam,58767,363,59130,26.9,23/23,11:27 PM,04-05-2026
S2264,KILPENNATHUR - 64,Tiruvannamalai ,LOKESHWARAN.R,Anti Corruption Dynamic Party,129,1,130,0.06,23/23,11:27 PM,04-05-2026
S2264,KILPENNATHUR - 64,Tiruvannamalai ,JANAKIRAMAN.R,Aanaithinthiya Jananayaka Pathukappu Kazhagam,226,2,228,0.1,23/23,11:27 PM,04-05-2026
S2264,KILPENNATHUR - 64,Tiruvannamalai ,ATHIYAMAAN.M,Independent,44,1,45,0.02,23/23,11:27 PM,04-05-2026
S2264,KILPENNATHUR - 64,Tiruvannamalai ,RAMACHANDRAN.K,Independent,56,9,65,0.03,23/23,11:27 PM,04-05-2026
S2264,KILPENNATHUR - 64,Tiruvannamalai ,SASIKUMAR.S,Independent,52,10,62,0.03,23/23,11:27 PM,04-05-2026
S2264,KILPENNATHUR - 64,Tiruvannamalai ,SANTHOSHKUMAR.E,Independent,75,1,76,0.03,23/23,11:27 PM,04-05-2026
S2264,KILPENNATHUR - 64,Tiruvannamalai ,SAMPATHRAJ.M,Independent,151,4,155,0.07,23/23,11:27 PM,04-05-2026
S2264,KILPENNATHUR - 64,Tiruvannamalai ,SURYAPRAKASH.S,Independent,144,2,146,0.07,23/23,11:27 PM,04-05-2026
S2264,KILPENNATHUR - 64,Tiruvannamalai ,DHILIPKUMAR.D,Independent,257,3,260,0.12,23/23,11:27 PM,04-05-2026
S2264,KILPENNATHUR - 64,Tiruvannamalai ,PICHANDI.D,Independent,533,0,533,0.24,23/23,11:27 PM,04-05-2026
S2264,KILPENNATHUR - 64,Tiruvannamalai ,PICHANDI.R,Independent,603,1,604,0.27,23/23,11:27 PM,04-05-2026
S2264,KILPENNATHUR - 64,Tiruvannamalai ,PICHANDI.V,Independent,302,0,302,0.14,23/23,11:27 PM,04-05-2026
S2264,KILPENNATHUR - 64,Tiruvannamalai ,MURUGAN.M,Independent,47,0,47,0.02,23/23,11:27 PM,04-05-2026
S2264,KILPENNATHUR - 64,Tiruvannamalai ,RAMACHANDRAN.K,Independent,33,0,33,0.02,23/23,11:27 PM,04-05-2026
S2264,KILPENNATHUR - 64,Tiruvannamalai ,RAMACHANDIRAN.R,Independent,27,0,27,0.01,23/23,11:27 PM,04-05-2026
S2264,KILPENNATHUR - 64,Tiruvannamalai ,RAJASEKAR.I,Independent,143,0,143,0.07,23/23,11:27 PM,04-05-2026
S2264,KILPENNATHUR - 64,Tiruvannamalai ,RAJKUMAR.R,Independent,179,0,179,0.08,23/23,11:27 PM,04-05-2026
S2264,KILPENNATHUR - 64,Tiruvannamalai ,NOTA,None of the Above,434,6,440,0.2,23/23,11:27 PM,04-05-2026
S2265,KALASAPAKKAM - 65,Tiruvannamalai ,AGRI KRISHNAMURTHY. S S,All India Anna Dravida Munnetra Kazhagam,88576,1053,89629,41.86,24/24,11:27 PM,04-05-2026
S2265,KALASAPAKKAM - 65,Tiruvannamalai ,SARAVANAN. P.S.T,Dravida Munnetra Kazhagam,62130,759,62889,29.37,24/24,11:27 PM,04-05-2026
S2265,KALASAPAKKAM - 65,Tiruvannamalai ,SEETHA SIVANANDAM. P,Naam Tamilar Katchi,5173,139,5312,2.48,24/24,11:27 PM,04-05-2026
S2265,KALASAPAKKAM - 65,Tiruvannamalai ,ELUMALAI. P,Tamilaga Vettri Kazhagam,51091,575,51666,24.13,24/24,11:27 PM,04-05-2026
S2265,KALASAPAKKAM - 65,Tiruvannamalai ,SATHYA. V,Naadaalum Makkal Katchi,242,3,245,0.11,24/24,11:27 PM,04-05-2026
S2265,KALASAPAKKAM - 65,Tiruvannamalai ,SARAVANAN. V,Tamizhaga Vaazhvurimai Katchi,91,11,102,0.05,24/24,11:27 PM,04-05-2026
S2265,KALASAPAKKAM - 65,Tiruvannamalai ,SUMAN. M,Aanaithinthiya Jananayaka Pathukappu Kazhagam,87,4,91,0.04,24/24,11:27 PM,04-05-2026
S2265,KALASAPAKKAM - 65,Tiruvannamalai ,ELUMALAI. S,Independent,45,1,46,0.02,24/24,11:27 PM,04-05-2026
S2265,KALASAPAKKAM - 65,Tiruvannamalai ,ELUMALAI. T,Independent,37,0,37,0.02,24/24,11:27 PM,04-05-2026
S2265,KALASAPAKKAM - 65,Tiruvannamalai ,KAMARAJ. G,Independent,184,14,198,0.09,24/24,11:27 PM,04-05-2026
S2265,KALASAPAKKAM - 65,Tiruvannamalai ,KRISHNAMURTHY. S,Independent,60,6,66,0.03,24/24,11:27 PM,04-05-2026
S2265,KALASAPAKKAM - 65,Tiruvannamalai ,KRISHNAMURTHY. M,Independent,105,0,105,0.05,24/24,11:27 PM,04-05-2026
S2265,KALASAPAKKAM - 65,Tiruvannamalai ,KRISHNAMURTHY. R,Independent,575,1,576,0.27,24/24,11:27 PM,04-05-2026
S2265,KALASAPAKKAM - 65,Tiruvannamalai ,KOTHANDAPANI. B,Independent,173,2,175,0.08,24/24,11:27 PM,04-05-2026
S2265,KALASAPAKKAM - 65,Tiruvannamalai ,SARAVANAN. K,Independent,404,1,405,0.19,24/24,11:27 PM,04-05-2026
S2265,KALASAPAKKAM - 65,Tiruvannamalai ,SANTHAKUMARAN. A,Independent,686,11,697,0.33,24/24,11:27 PM,04-05-2026
S2265,KALASAPAKKAM - 65,Tiruvannamalai ,DEIVEEGAN. P,Independent,654,0,654,0.31,24/24,11:27 PM,04-05-2026
S2265,KALASAPAKKAM - 65,Tiruvannamalai ,BALAJI. P,Independent,433,0,433,0.2,24/24,11:27 PM,04-05-2026
S2265,KALASAPAKKAM - 65,Tiruvannamalai ,BASKARAN. R,Independent,75,0,75,0.04,24/24,11:27 PM,04-05-2026
S2265,KALASAPAKKAM - 65,Tiruvannamalai ,MANIKANDAN. K,Independent,145,2,147,0.07,24/24,11:27 PM,04-05-2026
S2265,KALASAPAKKAM - 65,Tiruvannamalai ,RAJA. N,Independent,152,4,156,0.07,24/24,11:27 PM,04-05-2026
S2265,KALASAPAKKAM - 65,Tiruvannamalai ,NOTA,None of the Above,410,13,423,0.2,24/24,11:27 PM,04-05-2026
S2266,POLUR - 66,Tiruvannamalai ,UMADEVI. A,Naam Tamilar Katchi,6270,155,6425,3.03,22/22,11:30 PM,04-05-2026
S2266,POLUR - 66,Tiruvannamalai ,SARAVANAN. P,Desiya Murpokku Dravida Kazhagam,66907,827,67734,31.99,22/22,11:30 PM,04-05-2026
S2266,POLUR - 66,Tiruvannamalai ,ABISHEK. R,Tamilaga Vettri Kazhagam,67203,758,67961,32.1,22/22,11:30 PM,04-05-2026
S2266,POLUR - 66,Tiruvannamalai ,SHANMUGAVELU. A,Veerath Thiyagi Viswanathadoss Thozhilalarkal Katchi,962,8,970,0.46,22/22,11:30 PM,04-05-2026
S2266,POLUR - 66,Tiruvannamalai ,SYED MUKRAM. R. N,Tamizhaga Vaazhvurimai Katchi,244,7,251,0.12,22/22,11:30 PM,04-05-2026
S2266,POLUR - 66,Tiruvannamalai ,DHAVAMANI. P,Anti Corruption Dynamic Party,1322,6,1328,0.63,22/22,11:30 PM,04-05-2026
S2266,POLUR - 66,Tiruvannamalai ,BANUPRIYA. D,Republican Party of India (Athawale),847,22,869,0.41,22/22,11:30 PM,04-05-2026
S2266,POLUR - 66,Tiruvannamalai ,BASKARAN. C. R,Pattali Makkal Katchi,60516,928,61444,29.02,22/22,11:30 PM,04-05-2026
S2266,POLUR - 66,Tiruvannamalai ,MANIKANDAN. R,Aanaithinthiya Jananayaka Pathukappu Kazhagam,317,2,319,0.15,22/22,11:30 PM,04-05-2026
S2266,POLUR - 66,Tiruvannamalai ,EZHIL ARASU. M M.A. L.L.M.,Independent,143,7,150,0.07,22/22,11:30 PM,04-05-2026
S2266,POLUR - 66,Tiruvannamalai ,SARAVANAN. P,Independent,327,22,349,0.16,22/22,11:30 PM,04-05-2026
S2266,POLUR - 66,Tiruvannamalai ,SARAVANAN. M,Independent,135,3,138,0.07,22/22,11:30 PM,04-05-2026
S2266,POLUR - 66,Tiruvannamalai ,SUBHA. A,Independent,422,3,425,0.2,22/22,11:30 PM,04-05-2026
S2266,POLUR - 66,Tiruvannamalai ,BASKARAN. C,Independent,905,3,908,0.43,22/22,11:30 PM,04-05-2026
S2266,POLUR - 66,Tiruvannamalai ,PURUSOTHAMAN. M,Independent,1674,0,1674,0.79,22/22,11:30 PM,04-05-2026
S2266,POLUR - 66,Tiruvannamalai ,NOTA,None of the Above,781,17,798,0.38,22/22,11:30 PM,04-05-2026
S2267,ARANI - 67,Tiruvannamalai ,DHAVAMANI. R,Naam Tamilar Katchi,6722,166,6888,2.99,25/25,11:27 PM,04-05-2026
S2267,ARANI - 67,Tiruvannamalai ,MAHALAKSHMI GOVARTHANAN,Dravida Munnetra Kazhagam,70213,891,71104,30.89,25/25,11:27 PM,04-05-2026
S2267,ARANI - 67,Tiruvannamalai ,JAYASUDHA. L,All India Anna Dravida Munnetra Kazhagam,75881,854,76735,33.34,25/25,11:27 PM,04-05-2026
S2267,ARANI - 67,Tiruvannamalai ,GANAPATHY. S,Thamizhaka Padaippalar Makkal Katchi,355,3,358,0.16,25/25,11:27 PM,04-05-2026
S2267,ARANI - 67,Tiruvannamalai ,KALAIMANI. V,Aanaithinthiya Jananayaka Pathukappu Kazhagam,288,4,292,0.13,25/25,11:27 PM,04-05-2026
S2267,ARANI - 67,Tiruvannamalai ,SURESH. S,Tamizhaga Vaazhvurimai Katchi,131,12,143,0.06,25/25,11:27 PM,04-05-2026
S2267,ARANI - 67,Tiruvannamalai ,SELVAKOTTI. E,Veerath Thiyagi Viswanathadoss Thozhilalarkal Katchi,68,0,68,0.03,25/25,11:27 PM,04-05-2026
S2267,ARANI - 67,Tiruvannamalai ,TAMILMANNAN. D,Samaniya Makkal Nala Katchi,164,0,164,0.07,25/25,11:27 PM,04-05-2026
S2267,ARANI - 67,Tiruvannamalai ,VENKATESH KUMAR. D,Tamilaga Vettri Kazhagam,70191,666,70857,30.79,25/25,11:27 PM,04-05-2026
S2267,ARANI - 67,Tiruvannamalai ,AMMU. V,Independent,100,4,104,0.05,25/25,11:27 PM,04-05-2026
S2267,ARANI - 67,Tiruvannamalai ,EKAMBARAM. V,Independent,122,32,154,0.07,25/25,11:27 PM,04-05-2026
S2267,ARANI - 67,Tiruvannamalai ,SAKTHIVEL. S,Independent,171,13,184,0.08,25/25,11:27 PM,04-05-2026
S2267,ARANI - 67,Tiruvannamalai ,SARAVANAN. S,Independent,228,1,229,0.1,25/25,11:27 PM,04-05-2026
S2267,ARANI - 67,Tiruvannamalai ,SILAMBARASAN. C,Independent,202,0,202,0.09,25/25,11:27 PM,04-05-2026
S2267,ARANI - 67,Tiruvannamalai ,SUDHA. S,Independent,257,0,257,0.11,25/25,11:27 PM,04-05-2026
S2267,ARANI - 67,Tiruvannamalai ,SETHURAMA SASTHRI. G,Independent,178,0,178,0.08,25/25,11:27 PM,04-05-2026
S2267,ARANI - 67,Tiruvannamalai ,DHAMOTHARAN. M,Independent,387,0,387,0.17,25/25,11:27 PM,04-05-2026
S2267,ARANI - 67,Tiruvannamalai ,BASKARAN. S,Independent,423,1,424,0.18,25/25,11:27 PM,04-05-2026
S2267,ARANI - 67,Tiruvannamalai ,MAHALAKSHMI. G,Independent,357,2,359,0.16,25/25,11:27 PM,04-05-2026
S2267,ARANI - 67,Tiruvannamalai ,MAHALAKSHMI. G,Independent,115,2,117,0.05,25/25,11:27 PM,04-05-2026
S2267,ARANI - 67,Tiruvannamalai ,VINOTH. A,Independent,47,1,48,0.02,25/25,11:27 PM,04-05-2026
S2267,ARANI - 67,Tiruvannamalai ,VENKATESAN. P,Independent,53,0,53,0.02,25/25,11:27 PM,04-05-2026
S2267,ARANI - 67,Tiruvannamalai ,JAYANTHI. E,Independent,59,1,60,0.03,25/25,11:27 PM,04-05-2026
S2267,ARANI - 67,Tiruvannamalai ,JAYANTHI. M,Independent,89,1,90,0.04,25/25,11:27 PM,04-05-2026
S2267,ARANI - 67,Tiruvannamalai ,NOTA,None of the Above,694,13,707,0.31,25/25,11:27 PM,04-05-2026
S2268,CHEYYAR - 68,Tiruvannamalai ,TAMILSELVAN. M,Naam Tamilar Katchi,6941,102,7043,3.16,24/24,11:27 PM,04-05-2026
S2268,CHEYYAR - 68,Tiruvannamalai ,MUKKUR N. SUBRAMANIAN,All India Anna Dravida Munnetra Kazhagam,85939,741,86680,38.95,24/24,11:27 PM,04-05-2026
S2268,CHEYYAR - 68,Tiruvannamalai ,JOTHI. O,Dravida Munnetra Kazhagam,59231,663,59894,26.91,24/24,11:27 PM,04-05-2026
S2268,CHEYYAR - 68,Tiruvannamalai ,KUTTIMANI. S,Veerath Thiyagi Viswanathadoss Thozhilalarkal Katchi,397,4,401,0.18,24/24,11:27 PM,04-05-2026
S2268,CHEYYAR - 68,Tiruvannamalai ,CHANDRASEKARAN. M,All India Jananayaka Makkal Kazhagam,143,2,145,0.07,24/24,11:27 PM,04-05-2026
S2268,CHEYYAR - 68,Tiruvannamalai ,SRINIVASAN. K,Aanaithinthiya Jananayaka Pathukappu Kazhagam,257,2,259,0.12,24/24,11:27 PM,04-05-2026
S2268,CHEYYAR - 68,Tiruvannamalai ,DURUGAN. M,Vanchit Bahujan Aaghadi,333,1,334,0.15,24/24,11:27 PM,04-05-2026
S2268,CHEYYAR - 68,Tiruvannamalai ,DUSI K MOHAN,Tamilaga Vettri Kazhagam,65217,382,65599,29.47,24/24,11:27 PM,04-05-2026
S2268,CHEYYAR - 68,Tiruvannamalai ,PALANI. M,Tamizhaga Vaazhvurimai Katchi,159,23,182,0.08,24/24,11:27 PM,04-05-2026
S2268,CHEYYAR - 68,Tiruvannamalai ,RAGUPATHI. S,Anti Corruption Dynamic Party,124,21,145,0.07,24/24,11:27 PM,04-05-2026
S2268,CHEYYAR - 68,Tiruvannamalai ,VENKATESAN. V,Anaithindia Samudaya Munnetra Kazhagam,224,0,224,0.1,24/24,11:27 PM,04-05-2026
S2268,CHEYYAR - 68,Tiruvannamalai ,ARJUNAN. M,Independent,320,0,320,0.14,24/24,11:27 PM,04-05-2026
S2268,CHEYYAR - 68,Tiruvannamalai ,MOHAN. R,Independent,394,0,394,0.18,24/24,11:27 PM,04-05-2026
S2268,CHEYYAR - 68,Tiruvannamalai ,NOTA,None of the Above,939,11,950,0.43,24/24,11:27 PM,04-05-2026
S2269,VANDAVASI - 69,Tiruvannamalai ,AMBETHKUMAR. S,Dravida Munnetra Kazhagam,63011,794,63805,33.37,21/21,11:30 PM,04-05-2026
S2269,VANDAVASI - 69,Tiruvannamalai ,GANESH. R,Naam Tamilar Katchi,5422,73,5495,2.87,21/21,11:30 PM,04-05-2026
S2269,VANDAVASI - 69,Tiruvannamalai ,RANI. P,All India Anna Dravida Munnetra Kazhagam,59842,630,60472,31.63,21/21,11:30 PM,04-05-2026
S2269,VANDAVASI - 69,Tiruvannamalai ,UDHAYAKUMAR. M,Tamilaga Vettri Kazhagam,57810,364,58174,30.43,21/21,11:30 PM,04-05-2026
S2269,VANDAVASI - 69,Tiruvannamalai ,THAMARAI SELVI. S,Tamizhaga Vaazhvurimai Katchi,248,4,252,0.13,21/21,11:30 PM,04-05-2026
S2269,VANDAVASI - 69,Tiruvannamalai ,MUTHUSELVAM. V,Anti Corruption Dynamic Party,112,1,113,0.06,21/21,11:30 PM,04-05-2026
S2269,VANDAVASI - 69,Tiruvannamalai ,MUTHUPERUMAL. K,Aanaithinthiya Jananayaka Pathukappu Kazhagam,121,3,124,0.06,21/21,11:30 PM,04-05-2026
S2269,VANDAVASI - 69,Tiruvannamalai ,RAKESH SHARMA. R,Thakkam Katchi,61,0,61,0.03,21/21,11:30 PM,04-05-2026
S2269,VANDAVASI - 69,Tiruvannamalai ,AMBEDKAR. T,Independent,65,39,104,0.05,21/21,11:30 PM,04-05-2026
S2269,VANDAVASI - 69,Tiruvannamalai ,ARJUNAN. M,Independent,41,0,41,0.02,21/21,11:30 PM,04-05-2026
S2269,VANDAVASI - 69,Tiruvannamalai ,UDHAYAKUMAR. N,Independent,160,27,187,0.1,21/21,11:30 PM,04-05-2026
S2269,VANDAVASI - 69,Tiruvannamalai ,KANNIYAPPAN. S,Independent,117,4,121,0.06,21/21,11:30 PM,04-05-2026
S2269,VANDAVASI - 69,Tiruvannamalai ,PONNAMBALAM. P,Independent,262,0,262,0.14,21/21,11:30 PM,04-05-2026
S2269,VANDAVASI - 69,Tiruvannamalai ,RANI. A,Independent,672,2,674,0.35,21/21,11:30 PM,04-05-2026
S2269,VANDAVASI - 69,Tiruvannamalai ,JAISANKAR. M,Independent,330,1,331,0.17,21/21,11:30 PM,04-05-2026
S2269,VANDAVASI - 69,Tiruvannamalai ,NOTA,None of the Above,981,7,988,0.52,21/21,11:30 PM,04-05-2026
S2270,GINGEE - 70,Villupuram,ADVOCATE KRISHNAN E,Naam Tamilar Katchi,6296,75,6371,2.94,24/24,11:27 PM,04-05-2026
S2270,GINGEE - 70,Villupuram,GINGEE MASTHAN K S,Dravida Munnetra Kazhagam,64795,761,65556,30.26,24/24,11:27 PM,04-05-2026
S2270,GINGEE - 70,Villupuram,RANGARAJAN E,Bahujan Samaj Party,379,2,381,0.18,24/24,11:27 PM,04-05-2026
S2270,GINGEE - 70,Villupuram,RASANAYAGAM N,Tamizhaga Vaazhvurimai Katchi,415,5,420,0.19,24/24,11:27 PM,04-05-2026
S2270,GINGEE - 70,Villupuram,GANESHKUMAR A,Pattali Makkal Katchi,77324,877,78201,36.1,24/24,11:27 PM,04-05-2026
S2270,GINGEE - 70,Villupuram,SAKTHIVEL A,Thakkam Katchi,431,1,432,0.2,24/24,11:27 PM,04-05-2026
S2270,GINGEE - 70,Villupuram,CHANDRASEKARAN B,Tamilaga Vettri Kazhagam,61209,400,61609,28.44,24/24,11:27 PM,04-05-2026
S2270,GINGEE - 70,Villupuram,THANIGAIMALAI R,Anti Corruption Dynamic Party,174,0,174,0.08,24/24,11:27 PM,04-05-2026
S2270,GINGEE - 70,Villupuram,PERUMAL N,Aanaithinthiya Jananayaka Pathukappu Kazhagam,280,5,285,0.13,24/24,11:27 PM,04-05-2026
S2270,GINGEE - 70,Villupuram,MOHAMMAD SIDDIQ M H,Veerath Thiyagi Viswanathadoss Thozhilalarkal Katchi,127,1,128,0.06,24/24,11:27 PM,04-05-2026
S2270,GINGEE - 70,Villupuram,GOKULRAJ S,Independent,105,8,113,0.05,24/24,11:27 PM,04-05-2026
S2270,GINGEE - 70,Villupuram,DEVENDIRAN M,Independent,319,0,319,0.15,24/24,11:27 PM,04-05-2026
S2270,GINGEE - 70,Villupuram,BANUKUMAR R,Independent,82,0,82,0.04,24/24,11:27 PM,04-05-2026
S2270,GINGEE - 70,Villupuram,PRABAKARAN M,Independent,431,0,431,0.2,24/24,11:27 PM,04-05-2026
S2270,GINGEE - 70,Villupuram,POYYATHAPPAN K,Independent,411,0,411,0.19,24/24,11:27 PM,04-05-2026
S2270,GINGEE - 70,Villupuram,MUNUSAMY A,Independent,435,0,435,0.2,24/24,11:27 PM,04-05-2026
S2270,GINGEE - 70,Villupuram,MOHAN A,Independent,153,0,153,0.07,24/24,11:27 PM,04-05-2026
S2270,GINGEE - 70,Villupuram,RAMESH R,Independent,483,0,483,0.22,24/24,11:27 PM,04-05-2026
S2270,GINGEE - 70,Villupuram,SRIDHAR G,Independent,160,0,160,0.07,24/24,11:27 PM,04-05-2026
S2270,GINGEE - 70,Villupuram,NOTA,None of the Above,495,13,508,0.23,24/24,11:27 PM,04-05-2026
S2271,MAILAM - 71,Villupuram,SHANMUGAM C VE,All India Anna Dravida Munnetra Kazhagam,81436,917,82353,43.52,21/21,11:27 PM,04-05-2026
S2271,MAILAM - 71,Villupuram,RANJITH KUMAR M,Bahujan Samaj Party,361,4,365,0.19,21/21,11:27 PM,04-05-2026
S2271,MAILAM - 71,Villupuram,VIDJAIVIKRAM S,Naam Tamilar Katchi,4341,42,4383,2.32,21/21,11:27 PM,04-05-2026
S2271,MAILAM - 71,Villupuram,VENKATESAN L,Desiya Murpokku Dravida Kazhagam,45726,541,46267,24.45,21/21,11:27 PM,04-05-2026
S2271,MAILAM - 71,Villupuram,AYYANAR N,Anti Corruption Dynamic Party,263,1,264,0.14,21/21,11:27 PM,04-05-2026
S2271,MAILAM - 71,Villupuram,ANANDHABABU M,Tamizhaga Vaazhvurimai Katchi,120,1,121,0.06,21/21,11:27 PM,04-05-2026
S2271,MAILAM - 71,Villupuram,SURESH KUMAR S,Indhia Kudiarasu Katchi,81,1,82,0.04,21/21,11:27 PM,04-05-2026
S2271,MAILAM - 71,Villupuram,SEKAR NAYAKAR I M,All India Puratchi Thalaivar Makkal Munnettra Kazhagam,57,2,59,0.03,21/21,11:27 PM,04-05-2026
S2271,MAILAM - 71,Villupuram,DIVYA P,Naam Indiar Party,26,0,26,0.01,21/21,11:27 PM,04-05-2026
S2271,MAILAM - 71,Villupuram,PURUSHOTHAMAN K,Desiya Makkal Sakthi Katchi,46,1,47,0.02,21/21,11:27 PM,04-05-2026
S2271,MAILAM - 71,Villupuram,MANAVALAN A,Anna MGR Dravida Makkal Kalgam,92,1,93,0.05,21/21,11:27 PM,04-05-2026
S2271,MAILAM - 71,Villupuram,VINOTH R,Thakkam Katchi,332,0,332,0.18,21/21,11:27 PM,04-05-2026
S2271,MAILAM - 71,Villupuram,VIJAY NIRANJAN A,Tamilaga Vettri Kazhagam,51983,329,52312,27.65,21/21,11:27 PM,04-05-2026
S2271,MAILAM - 71,Villupuram,KARVANNAN K,Independent,91,1,92,0.05,21/21,11:27 PM,04-05-2026
S2271,MAILAM - 71,Villupuram,KRISHNAMURTHY K,Independent,198,0,198,0.1,21/21,11:27 PM,04-05-2026
S2271,MAILAM - 71,Villupuram,GOPU V S,Independent,536,1,537,0.28,21/21,11:27 PM,04-05-2026
S2271,MAILAM - 71,Villupuram,SIVA S,Independent,551,1,552,0.29,21/21,11:27 PM,04-05-2026
S2271,MAILAM - 71,Villupuram,SUNDAR C,Independent,133,0,133,0.07,21/21,11:27 PM,04-05-2026
S2271,MAILAM - 71,Villupuram,TAMIZHARASAN M,Independent,250,2,252,0.13,21/21,11:27 PM,04-05-2026
S2271,MAILAM - 71,Villupuram,RANJITHA V,Independent,356,1,357,0.19,21/21,11:27 PM,04-05-2026
S2271,MAILAM - 71,Villupuram,VIJAYAGANTH K,Independent,97,0,97,0.05,21/21,11:27 PM,04-05-2026
S2271,MAILAM - 71,Villupuram,NOTA,None of the Above,289,10,299,0.16,21/21,11:27 PM,04-05-2026
S2272,TINDIVANAM - 72,Villupuram,ARJUNAN. P,All India Anna Dravida Munnetra Kazhagam,62325,774,63099,32.19,23/23,11:30 PM,04-05-2026
S2272,TINDIVANAM - 72,Villupuram,PACHIMUTHU. P,Naam Tamilar Katchi,5205,37,5242,2.67,23/23,11:30 PM,04-05-2026
S2272,TINDIVANAM - 72,Villupuram,VANNI ARASU,Viduthalai Chiruthaigal Katchi,63094,739,63833,32.56,23/23,11:30 PM,04-05-2026
S2272,TINDIVANAM - 72,Villupuram,VENKATACHALAPATHY. A,Bahujan Samaj Party,420,2,422,0.22,23/23,11:30 PM,04-05-2026
S2272,TINDIVANAM - 72,Villupuram,SAKTHIVEL. S,Tamilaga Vettri Kazhagam,60836,323,61159,31.2,23/23,11:30 PM,04-05-2026
S2272,TINDIVANAM - 72,Villupuram,MOHAN. A,MAKKAL SAKTHI KATCHI,198,3,201,0.1,23/23,11:30 PM,04-05-2026
S2272,TINDIVANAM - 72,Villupuram,RAMNESHWARAN. V,Thakkam Katchi,65,0,65,0.03,23/23,11:30 PM,04-05-2026
S2272,TINDIVANAM - 72,Villupuram,VANJINATHAN. C,Tamizhaga Vaazhvurimai Katchi,72,2,74,0.04,23/23,11:30 PM,04-05-2026
S2272,TINDIVANAM - 72,Villupuram,CHANDARAN. A,Independent,99,0,99,0.05,23/23,11:30 PM,04-05-2026
S2272,TINDIVANAM - 72,Villupuram,DURKALI. N,Independent,69,9,78,0.04,23/23,11:30 PM,04-05-2026
S2272,TINDIVANAM - 72,Villupuram,DEVAKUMARAN. E,Independent,197,1,198,0.1,23/23,11:30 PM,04-05-2026
S2272,TINDIVANAM - 72,Villupuram,PON.SIVAKUMAR,Independent,196,3,199,0.1,23/23,11:30 PM,04-05-2026
S2272,TINDIVANAM - 72,Villupuram,VINOTH. S,Independent,433,2,435,0.22,23/23,11:30 PM,04-05-2026
S2272,TINDIVANAM - 72,Villupuram,VISWANATHAN. S.A,Independent,208,0,208,0.11,23/23,11:30 PM,04-05-2026
S2272,TINDIVANAM - 72,Villupuram,NOTA,None of the Above,704,10,714,0.36,23/23,11:30 PM,04-05-2026
S2273,VANUR - 73,Villupuram,KARIKALAN B,Naam Tamilar Katchi,4654,43,4697,2.44,23/23,11:30 PM,04-05-2026
S2273,VANUR - 73,Villupuram,GOWTHAM D,Dravida Munnetra Kazhagam,68418,455,68873,35.85,23/23,11:30 PM,04-05-2026
S2273,VANUR - 73,Villupuram,MURUGAN P,All India Anna Dravida Munnetra Kazhagam,53839,354,54193,28.21,23/23,11:30 PM,04-05-2026
S2273,VANUR - 73,Villupuram,VINAYAGAMOORTHY M,Bahujan Samaj Party,265,0,265,0.14,23/23,11:30 PM,04-05-2026
S2273,VANUR - 73,Villupuram,ANANDAKUMAR P M,Thakkam Katchi,95,0,95,0.05,23/23,11:30 PM,04-05-2026
S2273,VANUR - 73,Villupuram,SAKTHIVEL S,Tamizhaga Vaazhvurimai Katchi,283,2,285,0.15,23/23,11:30 PM,04-05-2026
S2273,VANUR - 73,Villupuram,SURESH P,Tamilaga Vettri Kazhagam,61589,250,61839,32.19,23/23,11:30 PM,04-05-2026
S2273,VANUR - 73,Villupuram,AYYANAR E,Independent,93,0,93,0.05,23/23,11:30 PM,04-05-2026
S2273,VANUR - 73,Villupuram,SATHYARAMAN P,Independent,172,0,172,0.09,23/23,11:30 PM,04-05-2026
S2273,VANUR - 73,Villupuram,SIVAKUMAR R,Independent,111,1,112,0.06,23/23,11:30 PM,04-05-2026
S2273,VANUR - 73,Villupuram,SURESH C V,Independent,67,1,68,0.04,23/23,11:30 PM,04-05-2026
S2273,VANUR - 73,Villupuram,THANGARASU N,Independent,56,0,56,0.03,23/23,11:30 PM,04-05-2026
S2273,VANUR - 73,Villupuram,MURALI M,Independent,83,0,83,0.04,23/23,11:30 PM,04-05-2026
S2273,VANUR - 73,Villupuram,RADHIKA S,Independent,197,0,197,0.1,23/23,11:30 PM,04-05-2026
S2273,VANUR - 73,Villupuram,VETRIVEL G,Independent,571,1,572,0.3,23/23,11:30 PM,04-05-2026
S2273,VANUR - 73,Villupuram,NOTA,None of the Above,510,9,519,0.27,23/23,11:30 PM,04-05-2026
S2274,VILUPPURAM - 74,Villupuram,ABINAYA PONNIVALAVAN,Naam Tamilar Katchi,5690,96,5786,2.69,24/24,11:30 PM,04-05-2026
S2274,VILUPPURAM - 74,Villupuram,LAKSHMANAN R,Dravida Munnetra Kazhagam,72041,941,72982,33.88,24/24,11:30 PM,04-05-2026
S2274,VILUPPURAM - 74,Villupuram,MURUGAN S,Bahujan Samaj Party,386,4,390,0.18,24/24,11:30 PM,04-05-2026
S2274,VILUPPURAM - 74,Villupuram,VIJAYASURESHBABU,All India Anna Dravida Munnetra Kazhagam,63118,690,63808,29.62,24/24,11:30 PM,04-05-2026
S2274,VILUPPURAM - 74,Villupuram,KUMARAN R,Tamizhaga Vaazhvurimai Katchi,437,3,440,0.2,24/24,11:30 PM,04-05-2026
S2274,VILUPPURAM - 74,Villupuram,NAGARAJAN P,Veerath Thiyagi Viswanathadoss Thozhilalarkal Katchi,230,1,231,0.11,24/24,11:30 PM,04-05-2026
S2274,VILUPPURAM - 74,Villupuram,MOHANRAJ N,Tamilaga Vettri Kazhagam,68287,576,68863,31.97,24/24,11:30 PM,04-05-2026
S2274,VILUPPURAM - 74,Villupuram,AKBAR ALI P,Independent,63,0,63,0.03,24/24,11:30 PM,04-05-2026
S2274,VILUPPURAM - 74,Villupuram,ARUMUGAM M,Independent,150,0,150,0.07,24/24,11:30 PM,04-05-2026
S2274,VILUPPURAM - 74,Villupuram,RAMAN K,Independent,94,0,94,0.04,24/24,11:30 PM,04-05-2026
S2274,VILUPPURAM - 74,Villupuram,BALAMURUGAN N,Independent,75,2,77,0.04,24/24,11:30 PM,04-05-2026
S2274,VILUPPURAM - 74,Villupuram,PRAVEEN KUMAR R,Independent,84,0,84,0.04,24/24,11:30 PM,04-05-2026
S2274,VILUPPURAM - 74,Villupuram,MOHAMED ALI JINNA M,Independent,282,0,282,0.13,24/24,11:30 PM,04-05-2026
S2274,VILUPPURAM - 74,Villupuram,MOHAN C,Independent,62,0,62,0.03,24/24,11:30 PM,04-05-2026
S2274,VILUPPURAM - 74,Villupuram,RAGHUL R,Independent,277,0,277,0.13,24/24,11:30 PM,04-05-2026
S2274,VILUPPURAM - 74,Villupuram,RAYAR K,Independent,141,1,142,0.07,24/24,11:30 PM,04-05-2026
S2274,VILUPPURAM - 74,Villupuram,RAJKUMAR S,Independent,172,0,172,0.08,24/24,11:30 PM,04-05-2026
S2274,VILUPPURAM - 74,Villupuram,LAKSHMANAN R,Independent,243,0,243,0.11,24/24,11:30 PM,04-05-2026
S2274,VILUPPURAM - 74,Villupuram,LAKSHMANAN K,Independent,148,0,148,0.07,24/24,11:30 PM,04-05-2026
S2274,VILUPPURAM - 74,Villupuram,LAKSHMANAN R,Independent,175,0,175,0.08,24/24,11:30 PM,04-05-2026
S2274,VILUPPURAM - 74,Villupuram,VIJAYA K,Independent,46,0,46,0.02,24/24,11:30 PM,04-05-2026
S2274,VILUPPURAM - 74,Villupuram,VIJAYA D,Independent,99,1,100,0.05,24/24,11:30 PM,04-05-2026
S2274,VILUPPURAM - 74,Villupuram,VIJAYA M,Independent,141,0,141,0.07,24/24,11:30 PM,04-05-2026
S2274,VILUPPURAM - 74,Villupuram,VIJAYA M,Independent,92,1,93,0.04,24/24,11:30 PM,04-05-2026
S2274,VILUPPURAM - 74,Villupuram,NOTA,None of the Above,564,9,573,0.27,24/24,11:30 PM,04-05-2026
S2275,VIKRAVANDI - 75,Villupuram,INBARASAN G,Bahujan Samaj Party,442,0,442,0.21,23/23,11:30 PM,04-05-2026
S2275,VIKRAVANDI - 75,Villupuram,ANNIYUR SIVA @ SIVASHANMUGAM A,Dravida Munnetra Kazhagam,60292,649,60941,29.13,23/23,11:30 PM,04-05-2026
S2275,VIKRAVANDI - 75,Villupuram,SUBHA CHANDRASEKARAN A,Naam Tamilar Katchi,4895,84,4979,2.38,23/23,11:30 PM,04-05-2026
S2275,VIKRAVANDI - 75,Villupuram,SIVAKUMAR C,Pattali Makkal Katchi,69028,699,69727,33.33,23/23,11:30 PM,04-05-2026
S2275,VIKRAVANDI - 75,Villupuram,SETTU C,Tamizhaga Vaazhvurimai Katchi,585,7,592,0.28,23/23,11:30 PM,04-05-2026
S2275,VIKRAVANDI - 75,Villupuram,THAMIZHVENGAI KA,Desiya Makkal Sakthi Katchi,103,0,103,0.05,23/23,11:30 PM,04-05-2026
S2275,VIKRAVANDI - 75,Villupuram,BACKIYALAKSHMI C,Thakkam Katchi,141,0,141,0.07,23/23,11:30 PM,04-05-2026
S2275,VIKRAVANDI - 75,Villupuram,MOHAMMAD SIDDIQ M H,Veerath Thiyagi Viswanathadoss Thozhilalarkal Katchi,71,0,71,0.03,23/23,11:30 PM,04-05-2026
S2275,VIKRAVANDI - 75,Villupuram,RAMACHANDRAN P,Anti Corruption Dynamic Party,342,0,342,0.16,23/23,11:30 PM,04-05-2026
S2275,VIKRAVANDI - 75,Villupuram,VIJAI VADIVEL A,Tamilaga Vettri Kazhagam,68088,729,68817,32.89,23/23,11:30 PM,04-05-2026
S2275,VIKRAVANDI - 75,Villupuram,STALIN D,Aanaithinthiya Jananayaka Pathukappu Kazhagam,190,4,194,0.09,23/23,11:30 PM,04-05-2026
S2275,VIKRAVANDI - 75,Villupuram,YEASURAJA M,Independent,115,0,115,0.05,23/23,11:30 PM,04-05-2026
S2275,VIKRAVANDI - 75,Villupuram,GOKUL RAJ B,Independent,204,1,205,0.1,23/23,11:30 PM,04-05-2026
S2275,VIKRAVANDI - 75,Villupuram,SAKTHIVEL A,Independent,104,0,104,0.05,23/23,11:30 PM,04-05-2026
S2275,VIKRAVANDI - 75,Villupuram,SANMUGAM B,Independent,432,0,432,0.21,23/23,11:30 PM,04-05-2026
S2275,VIKRAVANDI - 75,Villupuram,SHANMUGAM P,Independent,244,0,244,0.12,23/23,11:30 PM,04-05-2026
S2275,VIKRAVANDI - 75,Villupuram,SHANMUGAM R,Independent,157,1,158,0.08,23/23,11:30 PM,04-05-2026
S2275,VIKRAVANDI - 75,Villupuram,SIVAKUMAR S,Independent,454,1,455,0.22,23/23,11:30 PM,04-05-2026
S2275,VIKRAVANDI - 75,Villupuram,SELVAKUMAR S,Independent,152,2,154,0.07,23/23,11:30 PM,04-05-2026
S2275,VIKRAVANDI - 75,Villupuram,TAMILSELVAN D,Independent,287,1,288,0.14,23/23,11:30 PM,04-05-2026
S2275,VIKRAVANDI - 75,Villupuram,PRABHAKARAN D,Independent,55,0,55,0.03,23/23,11:30 PM,04-05-2026
S2275,VIKRAVANDI - 75,Villupuram,MURUGAN C,Independent,75,1,76,0.04,23/23,11:30 PM,04-05-2026
S2275,VIKRAVANDI - 75,Villupuram,RAMACHANDRAN A,Independent,67,1,68,0.03,23/23,11:30 PM,04-05-2026
S2275,VIKRAVANDI - 75,Villupuram,RAJARAM M,Independent,127,0,127,0.06,23/23,11:30 PM,04-05-2026
S2275,VIKRAVANDI - 75,Villupuram,NOTA,None of the Above,393,8,401,0.19,23/23,11:30 PM,04-05-2026
S2276,TIRUKKOYILUR - 76,Kallakurichi,GOVINDHAKANNAN M,Bahujan Samaj Party,373,1,374,0.17,24/24,11:30 PM,04-05-2026
S2276,TIRUKKOYILUR - 76,Kallakurichi,DR PON GAUTHAMSIGAMANI,Dravida Munnetra Kazhagam,61525,927,62452,28.74,24/24,11:30 PM,04-05-2026
S2276,TIRUKKOYILUR - 76,Kallakurichi,PALANISAMY S,All India Anna Dravida Munnetra Kazhagam,72347,686,73033,33.61,24/24,11:30 PM,04-05-2026
S2276,TIRUKKOYILUR - 76,Kallakurichi,HEMARAJAN K,Naam Tamilar Katchi,5703,88,5791,2.66,24/24,11:30 PM,04-05-2026
S2276,TIRUKKOYILUR - 76,Kallakurichi,SELVAM K,Veerath Thiyagi Viswanathadoss Thozhilalarkal Katchi,108,0,108,0.05,24/24,11:30 PM,04-05-2026
S2276,TIRUKKOYILUR - 76,Kallakurichi,TAMILSELVAM R,Tamizhaga Vaazhvurimai Katchi,303,9,312,0.14,24/24,11:30 PM,04-05-2026
S2276,TIRUKKOYILUR - 76,Kallakurichi,VIJAY R BARANIBALAAJI,Tamilaga Vettri Kazhagam,72247,501,72748,33.48,24/24,11:30 PM,04-05-2026
S2276,TIRUKKOYILUR - 76,Kallakurichi,EDWIN ABINESH A,Independent,136,0,136,0.06,24/24,11:30 PM,04-05-2026
S2276,TIRUKKOYILUR - 76,Kallakurichi,KARTHICK S,Independent,81,0,81,0.04,24/24,11:30 PM,04-05-2026
S2276,TIRUKKOYILUR - 76,Kallakurichi,GOWTHAM S,Independent,192,0,192,0.09,24/24,11:30 PM,04-05-2026
S2276,TIRUKKOYILUR - 76,Kallakurichi,PALANISAMY E,Independent,92,2,94,0.04,24/24,11:30 PM,04-05-2026
S2276,TIRUKKOYILUR - 76,Kallakurichi,PRABHAKARAN V J,Independent,127,5,132,0.06,24/24,11:30 PM,04-05-2026
S2276,TIRUKKOYILUR - 76,Kallakurichi,RAVICHANDRAN G,Independent,205,0,205,0.09,24/24,11:30 PM,04-05-2026
S2276,TIRUKKOYILUR - 76,Kallakurichi,RAMAKRISHNAN M,Independent,588,1,589,0.27,24/24,11:30 PM,04-05-2026
S2276,TIRUKKOYILUR - 76,Kallakurichi,VIJAYAMOORTHI E,Independent,570,1,571,0.26,24/24,11:30 PM,04-05-2026
S2276,TIRUKKOYILUR - 76,Kallakurichi,NOTA,None of the Above,491,9,500,0.23,24/24,11:30 PM,04-05-2026
S2277,ULUNDURPETTAI - 77,Kallakurichi,KUMARAGURU R,All India Anna Dravida Munnetra Kazhagam,95014,1180,96194,35.5,29/29,11:30 PM,04-05-2026
S2277,ULUNDURPETTAI - 77,Kallakurichi,LOGESHWARI S,Naam Tamilar Katchi,6449,76,6525,2.41,29/29,11:30 PM,04-05-2026
S2277,ULUNDURPETTAI - 77,Kallakurichi,VASANTHAVEL G R,Dravida Munnetra Kazhagam,97584,887,98471,36.34,29/29,11:30 PM,04-05-2026
S2277,ULUNDURPETTAI - 77,Kallakurichi,UDHAYAKUMAR R,All India Puratchi Thalaivar Makkal Munnettra Kazhagam,590,0,590,0.22,29/29,11:30 PM,04-05-2026
S2277,ULUNDURPETTAI - 77,Kallakurichi,SUDHAKAR M,Tamilaga Vettri Kazhagam,65739,469,66208,24.43,29/29,11:30 PM,04-05-2026
S2277,ULUNDURPETTAI - 77,Kallakurichi,BALAKRISHNAN K,Anna Makkal Katchi,138,2,140,0.05,29/29,11:30 PM,04-05-2026
S2277,ULUNDURPETTAI - 77,Kallakurichi,ARASAN K,Independent,73,0,73,0.03,29/29,11:30 PM,04-05-2026
S2277,ULUNDURPETTAI - 77,Kallakurichi,KRISHNAMOORTHY V,Independent,281,1,282,0.1,29/29,11:30 PM,04-05-2026
S2277,ULUNDURPETTAI - 77,Kallakurichi,SANKAR S,Independent,78,0,78,0.03,29/29,11:30 PM,04-05-2026
S2277,ULUNDURPETTAI - 77,Kallakurichi,SASIKUMAR N,Independent,102,8,110,0.04,29/29,11:30 PM,04-05-2026
S2277,ULUNDURPETTAI - 77,Kallakurichi,SENTHIL P,Independent,215,2,217,0.08,29/29,11:30 PM,04-05-2026
S2277,ULUNDURPETTAI - 77,Kallakurichi,PARTHIBAN V,Independent,166,4,170,0.06,29/29,11:30 PM,04-05-2026
S2277,ULUNDURPETTAI - 77,Kallakurichi,MANIKANDAN P,Independent,642,0,642,0.24,29/29,11:30 PM,04-05-2026
S2277,ULUNDURPETTAI - 77,Kallakurichi,RAMAKRISHNAN R,Independent,250,1,251,0.09,29/29,11:30 PM,04-05-2026
S2277,ULUNDURPETTAI - 77,Kallakurichi,NOTA,None of the Above,1047,4,1051,0.39,29/29,11:30 PM,04-05-2026
S2278,RISHIVANDIYAM - 78,Kallakurichi,KARTHIKEYAN K,Dravida Munnetra Kazhagam,88871,840,89711,36.65,25/25,11:30 PM,04-05-2026
S2278,RISHIVANDIYAM - 78,Kallakurichi,BALAKRISHNAN A,Bahujan Samaj Party,575,3,578,0.24,25/25,11:30 PM,04-05-2026
S2278,RISHIVANDIYAM - 78,Kallakurichi,RADHIKA P,Naam Tamilar Katchi,7193,54,7247,2.96,25/25,11:30 PM,04-05-2026
S2278,RISHIVANDIYAM - 78,Kallakurichi,ASHOK KUMAR G,Tamilaga Vettri Kazhagam,84465,384,84849,34.66,25/25,11:30 PM,04-05-2026
S2278,RISHIVANDIYAM - 78,Kallakurichi,ARUMUGAM G,Parivartan Rajniti Party,291,0,291,0.12,25/25,11:30 PM,04-05-2026
S2278,RISHIVANDIYAM - 78,Kallakurichi,SANKAR R,Tamizhaga Vaazhvurimai Katchi,161,0,161,0.07,25/25,11:30 PM,04-05-2026
S2278,RISHIVANDIYAM - 78,Kallakurichi,SEVVANTHA G K,Anna Makkal Katchi,322,0,322,0.13,25/25,11:30 PM,04-05-2026
S2278,RISHIVANDIYAM - 78,Kallakurichi,CHEZHIYAN P,Pattali Makkal Katchi,56135,353,56488,23.08,25/25,11:30 PM,04-05-2026
S2278,RISHIVANDIYAM - 78,Kallakurichi,RANGANATHAN N,All India Puratchi Thalaivar Makkal Munnettra Kazhagam,302,0,302,0.12,25/25,11:30 PM,04-05-2026
S2278,RISHIVANDIYAM - 78,Kallakurichi,VENKATRAMAN J,Naadaalum Makkal Katchi,248,3,251,0.1,25/25,11:30 PM,04-05-2026
S2278,RISHIVANDIYAM - 78,Kallakurichi,ANBU D,Independent,90,0,90,0.04,25/25,11:30 PM,04-05-2026
S2278,RISHIVANDIYAM - 78,Kallakurichi,ANBUMURUGAN S,Independent,458,0,458,0.19,25/25,11:30 PM,04-05-2026
S2278,RISHIVANDIYAM - 78,Kallakurichi,KARTHIKEYAN A,Independent,243,1,244,0.1,25/25,11:30 PM,04-05-2026
S2278,RISHIVANDIYAM - 78,Kallakurichi,KARTHIKEYAN V,Independent,125,0,125,0.05,25/25,11:30 PM,04-05-2026
S2278,RISHIVANDIYAM - 78,Kallakurichi,GOWTHAM C,Independent,136,0,136,0.06,25/25,11:30 PM,04-05-2026
S2278,RISHIVANDIYAM - 78,Kallakurichi,SENTHIKUMAR V N,Independent,1071,0,1071,0.44,25/25,11:30 PM,04-05-2026
S2278,RISHIVANDIYAM - 78,Kallakurichi,SELVARAJ P,Independent,800,0,800,0.33,25/25,11:30 PM,04-05-2026
S2278,RISHIVANDIYAM - 78,Kallakurichi,SEZHIYAN K,Independent,173,0,173,0.07,25/25,11:30 PM,04-05-2026
S2278,RISHIVANDIYAM - 78,Kallakurichi,NARAYANAN L,Independent,83,0,83,0.03,25/25,11:30 PM,04-05-2026
S2278,RISHIVANDIYAM - 78,Kallakurichi,MANIKANDAN C,Independent,241,0,241,0.1,25/25,11:30 PM,04-05-2026
S2278,RISHIVANDIYAM - 78,Kallakurichi,MARIKKANNU A,Independent,63,1,64,0.03,25/25,11:30 PM,04-05-2026
S2278,RISHIVANDIYAM - 78,Kallakurichi,RAJA K,Independent,97,0,97,0.04,25/25,11:30 PM,04-05-2026
S2278,RISHIVANDIYAM - 78,Kallakurichi,RAJA S,Independent,130,0,130,0.05,25/25,11:30 PM,04-05-2026
S2278,RISHIVANDIYAM - 78,Kallakurichi,VINOTH S,Independent,208,0,208,0.08,25/25,11:30 PM,04-05-2026
S2278,RISHIVANDIYAM - 78,Kallakurichi,VIJAYAKUMAR G,Independent,141,0,141,0.06,25/25,11:30 PM,04-05-2026
S2278,RISHIVANDIYAM - 78,Kallakurichi,NOTA,None of the Above,528,6,534,0.22,25/25,11:30 PM,04-05-2026
S2279,SANKARAPURAM - 79,Kallakurichi,UDHAYASURIYAN T,Dravida Munnetra Kazhagam,75641,1169,76810,32.61,25/25,11:30 PM,04-05-2026
S2279,SANKARAPURAM - 79,Kallakurichi,SUDHA M,Bahujan Samaj Party,541,3,544,0.23,25/25,11:30 PM,04-05-2026
S2279,SANKARAPURAM - 79,Kallakurichi,RAMESH K,Naam Tamilar Katchi,5509,58,5567,2.36,25/25,11:30 PM,04-05-2026
S2279,SANKARAPURAM - 79,Kallakurichi,RAKESH R,All India Anna Dravida Munnetra Kazhagam,79369,881,80250,34.07,25/25,11:30 PM,04-05-2026
S2279,SANKARAPURAM - 79,Kallakurichi,RAMACHANDIRAN M,Tamizhaga Vaazhvurimai Katchi,674,3,677,0.29,25/25,11:30 PM,04-05-2026
S2279,SANKARAPURAM - 79,Kallakurichi,GANGASEKAR A,MAKKAL SAKTHI KATCHI,223,0,223,0.09,25/25,11:30 PM,04-05-2026
S2279,SANKARAPURAM - 79,Kallakurichi,SANNIYASI N,Veerath Thiyagi Viswanathadoss Thozhilalarkal Katchi,100,0,100,0.04,25/25,11:30 PM,04-05-2026
S2279,SANKARAPURAM - 79,Kallakurichi,NADARAJAN K,All India Puratchi Thalaivar Makkal Munnettra Kazhagam,328,0,328,0.14,25/25,11:30 PM,04-05-2026
S2279,SANKARAPURAM - 79,Kallakurichi,JAGADESAN A,Tamilaga Vettri Kazhagam,67107,517,67624,28.71,25/25,11:30 PM,04-05-2026
S2279,SANKARAPURAM - 79,Kallakurichi,ANBAZHAGAN S,Independent,103,2,105,0.04,25/25,11:30 PM,04-05-2026
S2279,SANKARAPURAM - 79,Kallakurichi,KAVIKUIL V,Independent,97,0,97,0.04,25/25,11:30 PM,04-05-2026
S2279,SANKARAPURAM - 79,Kallakurichi,SAMIKKANNU M,Independent,112,0,112,0.05,25/25,11:30 PM,04-05-2026
S2279,SANKARAPURAM - 79,Kallakurichi,DURAI EZHILAN P,Independent,293,2,295,0.13,25/25,11:30 PM,04-05-2026
S2279,SANKARAPURAM - 79,Kallakurichi,PACHAIYAPPAN K,Independent,350,1,351,0.15,25/25,11:30 PM,04-05-2026
S2279,SANKARAPURAM - 79,Kallakurichi,MANI G,Independent,166,0,166,0.07,25/25,11:30 PM,04-05-2026
S2279,SANKARAPURAM - 79,Kallakurichi,MANIKANDAN P,Independent,579,0,579,0.25,25/25,11:30 PM,04-05-2026
S2279,SANKARAPURAM - 79,Kallakurichi,MAYILAMPARAI MARI A,Independent,512,0,512,0.22,25/25,11:30 PM,04-05-2026
S2279,SANKARAPURAM - 79,Kallakurichi,DR.MURUGU K,Independent,111,2,113,0.05,25/25,11:30 PM,04-05-2026
S2279,SANKARAPURAM - 79,Kallakurichi,VIGNESH R,Independent,85,0,85,0.04,25/25,11:30 PM,04-05-2026
S2279,SANKARAPURAM - 79,Kallakurichi,VIJAY J,Independent,409,0,409,0.17,25/25,11:30 PM,04-05-2026
S2279,SANKARAPURAM - 79,Kallakurichi,JAYAPRAKASH K,Independent,111,0,111,0.05,25/25,11:30 PM,04-05-2026
S2279,SANKARAPURAM - 79,Kallakurichi,HARUN RASHEETH J,Independent,84,3,87,0.04,25/25,11:30 PM,04-05-2026
S2279,SANKARAPURAM - 79,Kallakurichi,NOTA,None of the Above,371,12,383,0.16,25/25,11:30 PM,04-05-2026
S2280,KALLAKURICHI - 80,Kallakurichi,NAGAMMAL RAJKODI,Naam Tamilar Katchi,7379,115,7494,3,27/27,11:27 PM,04-05-2026
S2280,KALLAKURICHI - 80,Kallakurichi,MALATHI K,Viduthalai Chiruthaigal Katchi,76696,970,77666,31.11,27/27,11:27 PM,04-05-2026
S2280,KALLAKURICHI - 80,Kallakurichi,RAJEEVGANDHI S,All India Anna Dravida Munnetra Kazhagam,79562,772,80334,32.18,27/27,11:27 PM,04-05-2026
S2280,KALLAKURICHI - 80,Kallakurichi,ARUL VIGNESH C,Tamilaga Vettri Kazhagam,80572,560,81132,32.5,27/27,11:27 PM,04-05-2026
S2280,KALLAKURICHI - 80,Kallakurichi,SELVARAJ M,Independent,219,0,219,0.09,27/27,11:27 PM,04-05-2026
S2280,KALLAKURICHI - 80,Kallakurichi,PRABU C,Independent,145,0,145,0.06,27/27,11:27 PM,04-05-2026
S2280,KALLAKURICHI - 80,Kallakurichi,MALATHI K,Independent,177,2,179,0.07,27/27,11:27 PM,04-05-2026
S2280,KALLAKURICHI - 80,Kallakurichi,RAJIVGANDHI S,Independent,196,0,196,0.08,27/27,11:27 PM,04-05-2026
S2280,KALLAKURICHI - 80,Kallakurichi,RAJIVGANDHI P,Independent,306,2,308,0.12,27/27,11:27 PM,04-05-2026
S2280,KALLAKURICHI - 80,Kallakurichi,VASANTHAKUMAR S,Independent,412,5,417,0.17,27/27,11:27 PM,04-05-2026
S2280,KALLAKURICHI - 80,Kallakurichi,VIGNESH G,Independent,649,4,653,0.26,27/27,11:27 PM,04-05-2026
S2280,KALLAKURICHI - 80,Kallakurichi,NOTA,None of the Above,847,36,883,0.35,27/27,11:27 PM,04-05-2026
S2281,GANGAVALLI - 81,Salem,ABIRAMI. A,Naam Tamilar Katchi,6134,108,6242,3.17,22/22,11:27 PM,04-05-2026
S2281,GANGAVALLI - 81,Salem,CHINNADURAI. K,Dravida Munnetra Kazhagam,57619,1144,58763,29.88,22/22,11:27 PM,04-05-2026
S2281,GANGAVALLI - 81,Salem,NALLATHAMBI. A,All India Anna Dravida Munnetra Kazhagam,72152,1015,73167,37.2,22/22,11:27 PM,04-05-2026
S2281,GANGAVALLI - 81,Salem,BALAKRISHNAN. P,Bahujan Samaj Party,530,3,533,0.27,22/22,11:27 PM,04-05-2026
S2281,GANGAVALLI - 81,Salem,ANBAZHAGAN. S,Anna Makkal Katchi,149,2,151,0.08,22/22,11:27 PM,04-05-2026
S2281,GANGAVALLI - 81,Salem,KAVIARASAN. T.T,Tamizhaga Vaazhvurimai Katchi,230,4,234,0.12,22/22,11:27 PM,04-05-2026
S2281,GANGAVALLI - 81,Salem,SUJATHA. V,Tamilaga Vettri Kazhagam,54756,535,55291,28.11,22/22,11:27 PM,04-05-2026
S2281,GANGAVALLI - 81,Salem,MARIMUTHU. S,Puthiya Tamilagam,218,2,220,0.11,22/22,11:27 PM,04-05-2026
S2281,GANGAVALLI - 81,Salem,KANNAN. S,Independent,212,0,212,0.11,22/22,11:27 PM,04-05-2026
S2281,GANGAVALLI - 81,Salem,GUNAPRAKASH. D,Independent,105,0,105,0.05,22/22,11:27 PM,04-05-2026
S2281,GANGAVALLI - 81,Salem,TAMILARASAN. T,Independent,189,7,196,0.1,22/22,11:27 PM,04-05-2026
S2281,GANGAVALLI - 81,Salem,DHANAPAL. S,Independent,439,5,444,0.23,22/22,11:27 PM,04-05-2026
S2281,GANGAVALLI - 81,Salem,RAMESH. S,Independent,389,1,390,0.2,22/22,11:27 PM,04-05-2026
S2281,GANGAVALLI - 81,Salem,NOTA,None of the Above,712,19,731,0.37,22/22,11:27 PM,04-05-2026
S2282,ATTUR - 82,Salem,ARTHANARI. S.K.,Indian National Congress,51100,796,51896,24.91,23/23,11:27 PM,04-05-2026
S2282,ATTUR - 82,Salem,SELLAMMAL. V.M.,Bahujan Samaj Party,409,3,412,0.2,23/23,11:27 PM,04-05-2026
S2282,ATTUR - 82,Salem,MONISHA CHINNADURAI.,Naam Tamilar Katchi,6395,137,6532,3.14,23/23,11:27 PM,04-05-2026
S2282,ATTUR - 82,Salem,JAYASANKARAN. A.P.,All India Anna Dravida Munnetra Kazhagam,79825,1018,80843,38.81,23/23,11:27 PM,04-05-2026
S2282,ATTUR - 82,Salem,SELVABHARATHI. R.,Tamilaga Vettri Kazhagam,64980,545,65525,31.46,23/23,11:27 PM,04-05-2026
S2282,ATTUR - 82,Salem,PALANIYAMMAL. S.,Desiya Makkal Sakthi Katchi,211,4,215,0.1,23/23,11:27 PM,04-05-2026
S2282,ATTUR - 82,Salem,RAMESH. G.,Tamizhaga Vaazhvurimai Katchi,171,1,172,0.08,23/23,11:27 PM,04-05-2026
S2282,ATTUR - 82,Salem,SELVAKANNAN. L.,Independent,172,1,173,0.08,23/23,11:27 PM,04-05-2026
S2282,ATTUR - 82,Salem,POOMALAI. C.,Independent,235,0,235,0.11,23/23,11:27 PM,04-05-2026
S2282,ATTUR - 82,Salem,MANIKANDAN. M.,Independent,82,7,89,0.04,23/23,11:27 PM,04-05-2026
S2282,ATTUR - 82,Salem,MANIMARAN. A.,Independent,107,0,107,0.05,23/23,11:27 PM,04-05-2026
S2282,ATTUR - 82,Salem,MANICKAM. K.,Independent,255,1,256,0.12,23/23,11:27 PM,04-05-2026
S2282,ATTUR - 82,Salem,RAJESHKANNAN. K.,Independent,505,6,511,0.25,23/23,11:27 PM,04-05-2026
S2282,ATTUR - 82,Salem,VARATHARAJ. G.,Independent,140,1,141,0.07,23/23,11:27 PM,04-05-2026
S2282,ATTUR - 82,Salem,JAGAN. T.,Independent,156,2,158,0.08,23/23,11:27 PM,04-05-2026
S2282,ATTUR - 82,Salem,NOTA,None of the Above,1021,10,1031,0.49,23/23,11:27 PM,04-05-2026
S2283,YERCAUD - 83,Salem,USHARANI. P,All India Anna Dravida Munnetra Kazhagam,86895,877,87772,34.61,25/25,11:30 PM,04-05-2026
S2283,YERCAUD - 83,Salem,PALANISAMY. K,Bahujan Samaj Party,900,10,910,0.36,25/25,11:30 PM,04-05-2026
S2283,YERCAUD - 83,Salem,PALANISAMY. M,Naam Tamilar Katchi,7472,129,7601,3,25/25,11:30 PM,04-05-2026
S2283,YERCAUD - 83,Salem,REVATHI. T.M,Dravida Munnetra Kazhagam,67152,893,68045,26.83,25/25,11:30 PM,04-05-2026
S2283,YERCAUD - 83,Salem,GOPI. C,Communist Party of India (Marxist-Leninist) (Liberation),653,5,658,0.26,25/25,11:30 PM,04-05-2026
S2283,YERCAUD - 83,Salem,LAKSHMI JANARTHANAN. J,Tamilaga Vettri Kazhagam,84951,632,85583,33.75,25/25,11:30 PM,04-05-2026
S2283,YERCAUD - 83,Salem,VENGATESHSAN. T,Tamizhaga Vaazhvurimai Katchi,234,1,235,0.09,25/25,11:30 PM,04-05-2026
S2283,YERCAUD - 83,Salem,KARTHIK. N,Independent,93,1,94,0.04,25/25,11:30 PM,04-05-2026
S2283,YERCAUD - 83,Salem,KALIYAPPAN. A,Independent,123,0,123,0.05,25/25,11:30 PM,04-05-2026
S2283,YERCAUD - 83,Salem,THANGADURAI. N,Independent,291,3,294,0.12,25/25,11:30 PM,04-05-2026
S2283,YERCAUD - 83,Salem,PAZHANIVEL. K,Independent,303,0,303,0.12,25/25,11:30 PM,04-05-2026
S2283,YERCAUD - 83,Salem,VIJAYAKUMAR. N,Independent,210,1,211,0.08,25/25,11:30 PM,04-05-2026
S2283,YERCAUD - 83,Salem,VENKATESAN. S,Independent,510,3,513,0.2,25/25,11:30 PM,04-05-2026
S2283,YERCAUD - 83,Salem,NOTA,None of the Above,1231,19,1250,0.49,25/25,11:30 PM,04-05-2026
S2284,OMALUR - 84,Salem,ELANGOVAN. A.R,Desiya Murpokku Dravida Kazhagam,45941,976,46917,17.3,26/26,11:30 PM,04-05-2026
S2284,OMALUR - 84,Salem,SIVASAKTHI. M,Naam Tamilar Katchi,8222,148,8370,3.09,26/26,11:30 PM,04-05-2026
S2284,OMALUR - 84,Salem,MANI. R,All India Anna Dravida Munnetra Kazhagam,110810,1436,112246,41.4,26/26,11:30 PM,04-05-2026
S2284,OMALUR - 84,Salem,ADHIYAMAAN. R.V,Tamilaga Vettri Kazhagam,97026,681,97707,36.04,26/26,11:30 PM,04-05-2026
S2284,OMALUR - 84,Salem,KRISHNAMOORTHY. D,Tamizhaga Vaazhvurimai Katchi,535,2,537,0.2,26/26,11:30 PM,04-05-2026
S2284,OMALUR - 84,Salem,SURESHKUMAR. S,Aanaithinthiya Jananayaka Pathukappu Kazhagam,354,9,363,0.13,26/26,11:30 PM,04-05-2026
S2284,OMALUR - 84,Salem,ARUL PRAKASH. T,Independent,144,5,149,0.05,26/26,11:30 PM,04-05-2026
S2284,OMALUR - 84,Salem,GOBINATHAN. R,Independent,1542,2,1544,0.57,26/26,11:30 PM,04-05-2026
S2284,OMALUR - 84,Salem,SANTHALINGAM. C,Independent,163,1,164,0.06,26/26,11:30 PM,04-05-2026
S2284,OMALUR - 84,Salem,PERUMAL. S,Independent,132,10,142,0.05,26/26,11:30 PM,04-05-2026
S2284,OMALUR - 84,Salem,MANI. V,Independent,136,0,136,0.05,26/26,11:30 PM,04-05-2026
S2284,OMALUR - 84,Salem,MANOKARAN. A,Independent,190,7,197,0.07,26/26,11:30 PM,04-05-2026
S2284,OMALUR - 84,Salem,MAYAKKANNAN. R,Independent,629,0,629,0.23,26/26,11:30 PM,04-05-2026
S2284,OMALUR - 84,Salem,MOHANRAJ. P.M,Independent,378,0,378,0.14,26/26,11:30 PM,04-05-2026
S2284,OMALUR - 84,Salem,JEGANATHAN. A,Independent,207,0,207,0.08,26/26,11:30 PM,04-05-2026
S2284,OMALUR - 84,Salem,NOTA,None of the Above,1417,16,1433,0.53,26/26,11:30 PM,04-05-2026
S2285,METTUR - 85,Salem,MIDHUN CHAKRAVARTHY. M,Dravida Munnetra Kazhagam,66296,1097,67393,29.16,30/30,11:30 PM,04-05-2026
S2285,METTUR - 85,Salem,VIDHYA VEERAPPAN,Naam Tamilar Katchi,6987,122,7109,3.08,30/30,11:30 PM,04-05-2026
S2285,METTUR - 85,Salem,VENKATACHALAM. G,All India Anna Dravida Munnetra Kazhagam,85347,1151,86498,37.43,30/30,11:30 PM,04-05-2026
S2285,METTUR - 85,Salem,SELVAM. K,Tamilaga Vettri Kazhagam,64665,595,65260,28.24,30/30,11:30 PM,04-05-2026
S2285,METTUR - 85,Salem,PERIYAPONNU. O,Tamizhaga Vaazhvurimai Katchi,399,4,403,0.17,30/30,11:30 PM,04-05-2026
S2285,METTUR - 85,Salem,VELU. A,Vada Tamil Nadu Munnetra Katchi,106,1,107,0.05,30/30,11:30 PM,04-05-2026
S2285,METTUR - 85,Salem,KANNAN. M,Independent,98,1,99,0.04,30/30,11:30 PM,04-05-2026
S2285,METTUR - 85,Salem,KANNAN. R,Independent,86,2,88,0.04,30/30,11:30 PM,04-05-2026
S2285,METTUR - 85,Salem,KRISHNAMOORTHY. P,Independent,237,0,237,0.1,30/30,11:30 PM,04-05-2026
S2285,METTUR - 85,Salem,SARAVANAKUMAR. M,Independent,219,4,223,0.1,30/30,11:30 PM,04-05-2026
S2285,METTUR - 85,Salem,CHIDAMBARAM. A,Independent,103,1,104,0.05,30/30,11:30 PM,04-05-2026
S2285,METTUR - 85,Salem,DURAIRAJ. V,Independent,641,18,659,0.29,30/30,11:30 PM,04-05-2026
S2285,METTUR - 85,Salem,DR.PADMARAJAN. K,Independent,385,5,390,0.17,30/30,11:30 PM,04-05-2026
S2285,METTUR - 85,Salem,PRABAKARAN. S,Independent,251,0,251,0.11,30/30,11:30 PM,04-05-2026
S2285,METTUR - 85,Salem,MURUGAN. P,Independent,192,0,192,0.08,30/30,11:30 PM,04-05-2026
S2285,METTUR - 85,Salem,RAMKUMAR. D.M,Independent,706,0,706,0.31,30/30,11:30 PM,04-05-2026
S2285,METTUR - 85,Salem,VENKATASALAM. G,Independent,469,2,471,0.2,30/30,11:30 PM,04-05-2026
S2285,METTUR - 85,Salem,JAGANATHAN. A,Independent,121,0,121,0.05,30/30,11:30 PM,04-05-2026
S2285,METTUR - 85,Salem,NOTA,None of the Above,782,12,794,0.34,30/30,11:30 PM,04-05-2026
S2286,EDAPPADI - 86,Salem,KASI. C,Dravida Munnetra Kazhagam,42967,1044,44011,17.04,25/25,11:27 PM,04-05-2026
S2286,EDAPPADI - 86,Salem,EDAPPADI PALANISWAMI. K,All India Anna Dravida Munnetra Kazhagam,146534,2399,148933,57.67,25/25,11:27 PM,04-05-2026
S2286,EDAPPADI - 86,Salem,PRIYADHARSHINI. A,Naam Tamilar Katchi,8311,139,8450,3.27,25/25,11:27 PM,04-05-2026
S2286,EDAPPADI - 86,Salem,GOVINDARAJ.V,Tamizhaga Vaazhvurimai Katchi,1652,10,1662,0.64,25/25,11:27 PM,04-05-2026
S2286,EDAPPADI - 86,Salem,SURESH. L,All India Puratchi Thalaivar Makkal Munnettra Kazhagam,426,3,429,0.17,25/25,11:27 PM,04-05-2026
S2286,EDAPPADI - 86,Salem,ELUMALAI. P,Independent,212,3,215,0.08,25/25,11:27 PM,04-05-2026
S2286,EDAPPADI - 86,Salem,IYYAPPAN PERUMAL. P,Independent,289,7,296,0.11,25/25,11:27 PM,04-05-2026
S2286,EDAPPADI - 86,Salem,KUMARESAN. M,Independent,205,2,207,0.08,25/25,11:27 PM,04-05-2026
S2286,EDAPPADI - 86,Salem,SAKTHIVEL. S,Independent,66,1,67,0.03,25/25,11:27 PM,04-05-2026
S2286,EDAPPADI - 86,Salem,SUBRAMANI. P,Independent,91,6,97,0.04,25/25,11:27 PM,04-05-2026
S2286,EDAPPADI - 86,Salem,THULASIMANI. P,Independent,419,16,435,0.17,25/25,11:27 PM,04-05-2026
S2286,EDAPPADI - 86,Salem,PREMKUMAR. K,Independent,50765,58,50823,19.68,25/25,11:27 PM,04-05-2026
S2286,EDAPPADI - 86,Salem,MURUGAN. C,Independent,158,1,159,0.06,25/25,11:27 PM,04-05-2026
S2286,EDAPPADI - 86,Salem,STUDENT'S FRIEND MURUGAN. M,Independent,387,12,399,0.15,25/25,11:27 PM,04-05-2026
S2286,EDAPPADI - 86,Salem,RAJA. K. B.SC. B.TECH. EX.INAS,Independent,734,5,739,0.29,25/25,11:27 PM,04-05-2026
S2286,EDAPPADI - 86,Salem,NOTA,None of the Above,1284,57,1341,0.52,25/25,11:27 PM,04-05-2026
S2287,SANKARI - 87,Salem,SETTUMUTHU. V,Bahujan Samaj Party,394,4,398,0.16,25/25,11:30 PM,04-05-2026
S2287,SANKARI - 87,Salem,NITHYA. A,Naam Tamilar Katchi,7435,99,7534,3.09,25/25,11:30 PM,04-05-2026
S2287,SANKARI - 87,Salem,MANIKANDAN. M,Dravida Munnetra Kazhagam,64752,964,65716,26.96,25/25,11:30 PM,04-05-2026
S2287,SANKARI - 87,Salem,VETRIVEL. S,All India Anna Dravida Munnetra Kazhagam,86200,1142,87342,35.83,25/25,11:30 PM,04-05-2026
S2287,SANKARI - 87,Salem,DR. GURUNATHAN. S,Indhu Dravida Makkal Katchi,1006,3,1009,0.41,25/25,11:30 PM,04-05-2026
S2287,SANKARI - 87,Salem,SENTHILKUMAR. K,Tamilaga Vettri Kazhagam,77390,435,77825,31.92,25/25,11:30 PM,04-05-2026
S2287,SANKARI - 87,Salem,SENTHILKUMAR. R.S.,Tamizhaga Vaazhvurimai Katchi,284,3,287,0.12,25/25,11:30 PM,04-05-2026
S2287,SANKARI - 87,Salem,SAKTHIVEL. G,Independent,83,3,86,0.04,25/25,11:30 PM,04-05-2026
S2287,SANKARI - 87,Salem,SAKTHIVEL. D,Independent,139,1,140,0.06,25/25,11:30 PM,04-05-2026
S2287,SANKARI - 87,Salem,SALMAN. E,Independent,146,1,147,0.06,25/25,11:30 PM,04-05-2026
S2287,SANKARI - 87,Salem,DURAIRAJ. C,Independent,259,1,260,0.11,25/25,11:30 PM,04-05-2026
S2287,SANKARI - 87,Salem,PARAMASIVAM. R,Independent,470,3,473,0.19,25/25,11:30 PM,04-05-2026
S2287,SANKARI - 87,Salem,POOVARASAN. S,Independent,263,5,268,0.11,25/25,11:30 PM,04-05-2026
S2287,SANKARI - 87,Salem,MANIKANDAN. D,Independent,392,3,395,0.16,25/25,11:30 PM,04-05-2026
S2287,SANKARI - 87,Salem,MANIKANDAN. P,Independent,135,1,136,0.06,25/25,11:30 PM,04-05-2026
S2287,SANKARI - 87,Salem,MAYILKUMAR. M,Independent,338,2,340,0.14,25/25,11:30 PM,04-05-2026
S2287,SANKARI - 87,Salem,RANJITH KUMAR. V,Independent,96,0,96,0.04,25/25,11:30 PM,04-05-2026
S2287,SANKARI - 87,Salem,RAMESHKUMAR. V,Independent,83,0,83,0.03,25/25,11:30 PM,04-05-2026
S2287,SANKARI - 87,Salem,VIGNESH. A,Independent,289,0,289,0.12,25/25,11:30 PM,04-05-2026
S2287,SANKARI - 87,Salem,VIJAYAKUMAR. M,Independent,244,0,244,0.1,25/25,11:30 PM,04-05-2026
S2287,SANKARI - 87,Salem,NOTA,None of the Above,699,12,711,0.29,25/25,11:30 PM,04-05-2026
S2288,SALEM (WEST) - 88,Salem,ALAGAAPURAM. R. MOHANRAJ,Desiya Murpokku Dravida Kazhagam,41000,522,41522,17.71,24/24,11:30 PM,04-05-2026
S2288,SALEM (WEST) - 88,Salem,GUNASEKARAN .R,Bahujan Samaj Party,391,4,395,0.17,24/24,11:30 PM,04-05-2026
S2288,SALEM (WEST) - 88,Salem,SURESH KUMAR.R,Naam Tamilar Katchi,6726,94,6820,2.91,24/24,11:30 PM,04-05-2026
S2288,SALEM (WEST) - 88,Salem,ARUL RAMADAS,Aanaithinthiya Jananayaka Pathukappu Kazhagam,12391,141,12532,5.35,24/24,11:30 PM,04-05-2026
S2288,SALEM (WEST) - 88,Salem,KARTHE.M,Pattali Makkal Katchi,45006,534,45540,19.43,24/24,11:30 PM,04-05-2026
S2288,SALEM (WEST) - 88,Salem,PRABU .K,Vishwa Tamil Kazhagam,404,0,404,0.17,24/24,11:30 PM,04-05-2026
S2288,SALEM (WEST) - 88,Salem,RAJ KUMAR .G,Tamizhaga Vaazhvurimai Katchi,635,1,636,0.27,24/24,11:30 PM,04-05-2026
S2288,SALEM (WEST) - 88,Salem,LAKSHMANAN.S,Tamilaga Vettri Kazhagam,119587,820,120407,51.37,24/24,11:30 PM,04-05-2026
S2288,SALEM (WEST) - 88,Salem,AMIRTHALINGAM.N,Independent,316,2,318,0.14,24/24,11:30 PM,04-05-2026
S2288,SALEM (WEST) - 88,Salem,ARUL .S,Independent,80,5,85,0.04,24/24,11:30 PM,04-05-2026
S2288,SALEM (WEST) - 88,Salem,ARUL. T,Independent,108,0,108,0.05,24/24,11:30 PM,04-05-2026
S2288,SALEM (WEST) - 88,Salem,ARUL.D,Independent,238,1,239,0.1,24/24,11:30 PM,04-05-2026
S2288,SALEM (WEST) - 88,Salem,ARUL.P,Independent,299,2,301,0.13,24/24,11:30 PM,04-05-2026
S2288,SALEM (WEST) - 88,Salem,KARTHICK.M,Independent,240,3,243,0.1,24/24,11:30 PM,04-05-2026
S2288,SALEM (WEST) - 88,Salem,KARTHICK.R,Independent,89,2,91,0.04,24/24,11:30 PM,04-05-2026
S2288,SALEM (WEST) - 88,Salem,KUMAR.A.P,Independent,263,0,263,0.11,24/24,11:30 PM,04-05-2026
S2288,SALEM (WEST) - 88,Salem,CHANDRASEKARAN.G,Independent,392,1,393,0.17,24/24,11:30 PM,04-05-2026
S2288,SALEM (WEST) - 88,Salem,SELVAM.R,Independent,147,0,147,0.06,24/24,11:30 PM,04-05-2026
S2288,SALEM (WEST) - 88,Salem,DHANAPAL,Independent,73,1,74,0.03,24/24,11:30 PM,04-05-2026
S2288,SALEM (WEST) - 88,Salem,THIYAGARAJAN.M,Independent,183,1,184,0.08,24/24,11:30 PM,04-05-2026
S2288,SALEM (WEST) - 88,Salem,BHARATH.S,Independent,395,0,395,0.17,24/24,11:30 PM,04-05-2026
S2288,SALEM (WEST) - 88,Salem,BHARANITHARAN.D.K,Independent,117,1,118,0.05,24/24,11:30 PM,04-05-2026
S2288,SALEM (WEST) - 88,Salem,PANNEERSELVAM.P,Independent,67,1,68,0.03,24/24,11:30 PM,04-05-2026
S2288,SALEM (WEST) - 88,Salem,ER.PRABAKARAN.S,Independent,609,4,613,0.26,24/24,11:30 PM,04-05-2026
S2288,SALEM (WEST) - 88,Salem,PERUMAL. A,Independent,181,0,181,0.08,24/24,11:30 PM,04-05-2026
S2288,SALEM (WEST) - 88,Salem,MANOHAR.C,Independent,214,0,214,0.09,24/24,11:30 PM,04-05-2026
S2288,SALEM (WEST) - 88,Salem,MOHAN RAJ. R,Independent,86,2,88,0.04,24/24,11:30 PM,04-05-2026
S2288,SALEM (WEST) - 88,Salem,RADHAKRISHNAN. R,Independent,136,1,137,0.06,24/24,11:30 PM,04-05-2026
S2288,SALEM (WEST) - 88,Salem,VIJAYAKUMAR. S,Independent,108,3,111,0.05,24/24,11:30 PM,04-05-2026
S2288,SALEM (WEST) - 88,Salem,VELMANIKANDAN. S,Independent,366,3,369,0.16,24/24,11:30 PM,04-05-2026
S2288,SALEM (WEST) - 88,Salem,SRISABARINATHAN,Independent,359,0,359,0.15,24/24,11:30 PM,04-05-2026
S2288,SALEM (WEST) - 88,Salem,NOTA,None of the Above,1026,26,1052,0.45,24/24,11:30 PM,04-05-2026
S2289,SALEM (NORTH) - 89,Salem,RAJENDRAN. R,Dravida Munnetra Kazhagam,70667,1009,71676,34.02,23/23,11:30 PM,04-05-2026
S2289,SALEM (NORTH) - 89,Salem,GUNASEELA. M,Naam Tamilar Katchi,6375,75,6450,3.06,23/23,11:30 PM,04-05-2026
S2289,SALEM (NORTH) - 89,Salem,SADHASIVAM. S,Pattali Makkal Katchi,43753,485,44238,20.99,23/23,11:30 PM,04-05-2026
S2289,SALEM (NORTH) - 89,Salem,SIVAKUMAR. K,Tamilaga Vettri Kazhagam,85218,492,85710,40.68,23/23,11:30 PM,04-05-2026
S2289,SALEM (NORTH) - 89,Salem,MOHANRAJ. S,Tamizhaga Vaazhvurimai Katchi,337,1,338,0.16,23/23,11:30 PM,04-05-2026
S2289,SALEM (NORTH) - 89,Salem,JOTHILAKSHMI. R.S,Vishwa Tamil Kazhagam,174,2,176,0.08,23/23,11:30 PM,04-05-2026
S2289,SALEM (NORTH) - 89,Salem,SABAREESAN. D,Independent,137,0,137,0.07,23/23,11:30 PM,04-05-2026
S2289,SALEM (NORTH) - 89,Salem,PALANISAMY. R,Independent,74,3,77,0.04,23/23,11:30 PM,04-05-2026
S2289,SALEM (NORTH) - 89,Salem,PRAVINA. G,Independent,96,1,97,0.05,23/23,11:30 PM,04-05-2026
S2289,SALEM (NORTH) - 89,Salem,MANIVANNAN. S,Independent,75,15,90,0.04,23/23,11:30 PM,04-05-2026
S2289,SALEM (NORTH) - 89,Salem,MAHABUB JOHN. K,Independent,115,2,117,0.06,23/23,11:30 PM,04-05-2026
S2289,SALEM (NORTH) - 89,Salem,RAJASEKAR. S,Independent,125,3,128,0.06,23/23,11:30 PM,04-05-2026
S2289,SALEM (NORTH) - 89,Salem,RAJA. A,Independent,150,1,151,0.07,23/23,11:30 PM,04-05-2026
S2289,SALEM (NORTH) - 89,Salem,RAJENDRAN. A,Independent,121,1,122,0.06,23/23,11:30 PM,04-05-2026
S2289,SALEM (NORTH) - 89,Salem,NOTA,None of the Above,1188,17,1205,0.57,23/23,11:30 PM,04-05-2026
S2290,SALEM (SOUTH) - 90,Salem,SOFIA. S,Naam Tamilar Katchi,5770,49,5819,2.8,20/20,11:30 PM,04-05-2026
S2290,SALEM (SOUTH) - 90,Salem,LOGANATHAN. M,Dravida Munnetra Kazhagam,57443,559,58002,27.9,20/20,11:30 PM,04-05-2026
S2290,SALEM (SOUTH) - 90,Salem,VINOTH. J,All India Anna Dravida Munnetra Kazhagam,49800,416,50216,24.15,20/20,11:30 PM,04-05-2026
S2290,SALEM (SOUTH) - 90,Salem,BAS MADHESWARAN,Tamizhaga Vaazhvurimai Katchi,407,0,407,0.2,20/20,11:30 PM,04-05-2026
S2290,SALEM (SOUTH) - 90,Salem,VIJAY TAMILAN PARTHIBAN. A,Tamilaga Vettri Kazhagam,91008,363,91371,43.95,20/20,11:30 PM,04-05-2026
S2290,SALEM (SOUTH) - 90,Salem,AMBEDKAR. C,Independent,157,1,158,0.08,20/20,11:30 PM,04-05-2026
S2290,SALEM (SOUTH) - 90,Salem,SANTHOSH. S,Independent,92,0,92,0.04,20/20,11:30 PM,04-05-2026
S2290,SALEM (SOUTH) - 90,Salem,SUNDARAM. R,Independent,56,0,56,0.03,20/20,11:30 PM,04-05-2026
S2290,SALEM (SOUTH) - 90,Salem,SUMATHI. P,Independent,61,0,61,0.03,20/20,11:30 PM,04-05-2026
S2290,SALEM (SOUTH) - 90,Salem,PADMANAPAN. M,Independent,40,0,40,0.02,20/20,11:30 PM,04-05-2026
S2290,SALEM (SOUTH) - 90,Salem,PALANIAPPAN. M,Independent,74,1,75,0.04,20/20,11:30 PM,04-05-2026
S2290,SALEM (SOUTH) - 90,Salem,PARTHIBAN. A,Independent,90,3,93,0.04,20/20,11:30 PM,04-05-2026
S2290,SALEM (SOUTH) - 90,Salem,PARTHIBAN. V,Independent,58,0,58,0.03,20/20,11:30 PM,04-05-2026
S2290,SALEM (SOUTH) - 90,Salem,PRAVEEN KUMAR. M,Independent,91,0,91,0.04,20/20,11:30 PM,04-05-2026
S2290,SALEM (SOUTH) - 90,Salem,MAYAKANNAN. N,Independent,99,0,99,0.05,20/20,11:30 PM,04-05-2026
S2290,SALEM (SOUTH) - 90,Salem,LOGANATHAN. M,Independent,164,1,165,0.08,20/20,11:30 PM,04-05-2026
S2290,SALEM (SOUTH) - 90,Salem,LOGANATHAN. M,Independent,71,0,71,0.03,20/20,11:30 PM,04-05-2026
S2290,SALEM (SOUTH) - 90,Salem,VARATHARAJAN. S.P,Independent,166,0,166,0.08,20/20,11:30 PM,04-05-2026
S2290,SALEM (SOUTH) - 90,Salem,JAYARAJ. S,Independent,117,0,117,0.06,20/20,11:30 PM,04-05-2026
S2290,SALEM (SOUTH) - 90,Salem,NOTA,None of the Above,728,17,745,0.36,20/20,11:30 PM,04-05-2026
S2291,VEERAPANDI - 91,Salem,THARUN. A.K,Dravida Munnetra Kazhagam,68483,813,69296,29.38,23/23,11:30 PM,04-05-2026
S2291,VEERAPANDI - 91,Salem,RAJESHKUMAR. S,Naam Tamilar Katchi,6741,79,6820,2.89,23/23,11:30 PM,04-05-2026
S2291,VEERAPANDI - 91,Salem,SRI BALAJI SUGUMAR. S,All India Anna Dravida Munnetra Kazhagam,75091,745,75836,32.15,23/23,11:30 PM,04-05-2026
S2291,VEERAPANDI - 91,Salem,ANBAZHAGAN. P,Communist Party of India (Marxist-Leninist) (Liberation),435,2,437,0.19,23/23,11:30 PM,04-05-2026
S2291,VEERAPANDI - 91,Salem,SAKTHIVEL. M,Naadaalum Makkal Katchi,396,1,397,0.17,23/23,11:30 PM,04-05-2026
S2291,VEERAPANDI - 91,Salem,PALANIVEL. M.S,Tamilaga Vettri Kazhagam,79535,372,79907,33.88,23/23,11:30 PM,04-05-2026
S2291,VEERAPANDI - 91,Salem,BRAMAMOORTHI. M,Tamizhaga Vaazhvurimai Katchi,635,7,642,0.27,23/23,11:30 PM,04-05-2026
S2291,VEERAPANDI - 91,Salem,INDRAJITH GUPTHA. G,Independent,152,1,153,0.06,23/23,11:30 PM,04-05-2026
S2291,VEERAPANDI - 91,Salem,KAVITHA. M.P,Independent,56,0,56,0.02,23/23,11:30 PM,04-05-2026
S2291,VEERAPANDI - 91,Salem,KARTHI. R,Independent,77,3,80,0.03,23/23,11:30 PM,04-05-2026
S2291,VEERAPANDI - 91,Salem,GOPI. R,Independent,96,0,96,0.04,23/23,11:30 PM,04-05-2026
S2291,VEERAPANDI - 91,Salem,GOPINATH. B,Independent,56,2,58,0.02,23/23,11:30 PM,04-05-2026
S2291,VEERAPANDI - 91,Salem,SENTHILKUMAR. M,Independent,135,0,135,0.06,23/23,11:30 PM,04-05-2026
S2291,VEERAPANDI - 91,Salem,TAMILARASAN. D,Independent,142,0,142,0.06,23/23,11:30 PM,04-05-2026
S2291,VEERAPANDI - 91,Salem,DEVENDHIRAPRABU. M,Independent,103,0,103,0.04,23/23,11:30 PM,04-05-2026
S2291,VEERAPANDI - 91,Salem,PALANISAMY. P,Independent,448,1,449,0.19,23/23,11:30 PM,04-05-2026
S2291,VEERAPANDI - 91,Salem,PRABHU. V,Independent,348,1,349,0.15,23/23,11:30 PM,04-05-2026
S2291,VEERAPANDI - 91,Salem,RANGANATHAN. D,Independent,49,0,49,0.02,23/23,11:30 PM,04-05-2026
S2291,VEERAPANDI - 91,Salem,VAIDESSWARA PRASAD. N,Independent,197,0,197,0.08,23/23,11:30 PM,04-05-2026
S2291,VEERAPANDI - 91,Salem,JAYAVEL. M,Independent,79,0,79,0.03,23/23,11:30 PM,04-05-2026
S2291,VEERAPANDI - 91,Salem,NOTA,None of the Above,585,9,594,0.25,23/23,11:30 PM,04-05-2026
S2292,RASIPURAM - 92,Salem,PREMKUMAR S D,Bharatiya Janata Party,59357,940,60297,29.46,21/21,11:30 PM,04-05-2026
S2292,RASIPURAM - 92,Salem,SASIKALA S,Naam Tamilar Katchi,6283,132,6415,3.13,21/21,11:30 PM,04-05-2026
S2292,RASIPURAM - 92,Salem,MATHIVENTHAN M DR,Dravida Munnetra Kazhagam,56376,1478,57854,28.27,21/21,11:30 PM,04-05-2026
S2292,RASIPURAM - 92,Salem,ARULKUMAR P,Ganasangam Party of India,456,6,462,0.23,21/21,11:30 PM,04-05-2026
S2292,RASIPURAM - 92,Salem,ARULRAJU G,Anaithinthiya Anna Dravida Makkal Seyal katchi,182,1,183,0.09,21/21,11:30 PM,04-05-2026
S2292,RASIPURAM - 92,Salem,KRISHNAMOORTHI P,Tamizhaga Vaazhvurimai Katchi,119,2,121,0.06,21/21,11:30 PM,04-05-2026
S2292,RASIPURAM - 92,Salem,MUNIYAPPAN M,Puthiya Tamilagam,242,1,243,0.12,21/21,11:30 PM,04-05-2026
S2292,RASIPURAM - 92,Salem,RAMADASS D,Samaniya Makkal Nala Katchi,348,0,348,0.17,21/21,11:30 PM,04-05-2026
S2292,RASIPURAM - 92,Salem,LOGESH TAMILSELVAN D,Tamilaga Vettri Kazhagam,74050,758,74808,36.55,21/21,11:30 PM,04-05-2026
S2292,RASIPURAM - 92,Salem,AMPULIMADHAN M,Independent,180,3,183,0.09,21/21,11:30 PM,04-05-2026
S2292,RASIPURAM - 92,Salem,THANGAMANI S,Independent,142,5,147,0.07,21/21,11:30 PM,04-05-2026
S2292,RASIPURAM - 92,Salem,TAMILAZHAGAN M,Independent,92,0,92,0.04,21/21,11:30 PM,04-05-2026
S2292,RASIPURAM - 92,Salem,NAGARAJAN K,Independent,179,0,179,0.09,21/21,11:30 PM,04-05-2026
S2292,RASIPURAM - 92,Salem,NEPPOLIYAN K,Independent,427,1,428,0.21,21/21,11:30 PM,04-05-2026
S2292,RASIPURAM - 92,Salem,MANIKANDAN C,Independent,175,0,175,0.09,21/21,11:30 PM,04-05-2026
S2292,RASIPURAM - 92,Salem,MURUGESAN A,Independent,1292,0,1292,0.63,21/21,11:30 PM,04-05-2026
S2292,RASIPURAM - 92,Salem,RAJESHKANNAN R,Independent,472,0,472,0.23,21/21,11:30 PM,04-05-2026
S2292,RASIPURAM - 92,Salem,JAYANTHI M,Independent,115,3,118,0.06,21/21,11:30 PM,04-05-2026
S2292,RASIPURAM - 92,Salem,NOTA,None of the Above,839,24,863,0.42,21/21,11:30 PM,04-05-2026
S2293,SENTHAMANGALAM - 93,Salem,C CHANDRASEKARAN,All India Anna Dravida Munnetra Kazhagam,65161,999,66160,31.55,23/23,11:30 PM,04-05-2026
S2293,SENTHAMANGALAM - 93,Salem,P POOMALAR,Dravida Munnetra Kazhagam,63891,1060,64951,30.98,23/23,11:30 PM,04-05-2026
S2293,SENTHAMANGALAM - 93,Salem,PONNUMANI C,Naam Tamilar Katchi,6354,124,6478,3.09,23/23,11:30 PM,04-05-2026
S2293,SENTHAMANGALAM - 93,Salem,P CHANDRASEKAR,Tamilaga Vettri Kazhagam,68124,691,68815,32.82,23/23,11:30 PM,04-05-2026
S2293,SENTHAMANGALAM - 93,Salem,K DURAISAMY,Ganasangam Party of India,198,1,199,0.09,23/23,11:30 PM,04-05-2026
S2293,SENTHAMANGALAM - 93,Salem,P RAMASAMY,Tamizhaga Vaazhvurimai Katchi,111,0,111,0.05,23/23,11:30 PM,04-05-2026
S2293,SENTHAMANGALAM - 93,Salem,C JAGANATHAN,All India Puratchi Thalaivar Makkal Munnettra Kazhagam,112,1,113,0.05,23/23,11:30 PM,04-05-2026
S2293,SENTHAMANGALAM - 93,Salem,C SUTHAN,Independent,96,0,96,0.05,23/23,11:30 PM,04-05-2026
S2293,SENTHAMANGALAM - 93,Salem,M SWAMINATHAN,Independent,254,6,260,0.12,23/23,11:30 PM,04-05-2026
S2293,SENTHAMANGALAM - 93,Salem,A BALAMUGAN,Independent,251,8,259,0.12,23/23,11:30 PM,04-05-2026
S2293,SENTHAMANGALAM - 93,Salem,E MANIKANDAN,Independent,429,0,429,0.2,23/23,11:30 PM,04-05-2026
S2293,SENTHAMANGALAM - 93,Salem,K RAMESH,Independent,603,2,605,0.29,23/23,11:30 PM,04-05-2026
S2293,SENTHAMANGALAM - 93,Salem,NOTA,None of the Above,1198,13,1211,0.58,23/23,11:30 PM,04-05-2026
S2294,NAMAKKAL - 94,Namakkal,RAMASAMY P,Bahujan Samaj Party,294,2,296,0.14,23/23,11:27 PM,04-05-2026
S2294,NAMAKKAL - 94,Namakkal,PRAVEENKUMAR K,Naam Tamilar Katchi,6172,114,6286,2.96,23/23,11:27 PM,04-05-2026
S2294,NAMAKKAL - 94,Namakkal,SRIDEVI MOHAN P S,All India Anna Dravida Munnetra Kazhagam,67350,1386,68736,32.38,23/23,11:27 PM,04-05-2026
S2294,NAMAKKAL - 94,Namakkal,RANI P,Dravida Munnetra Kazhagam,51502,1306,52808,24.88,23/23,11:27 PM,04-05-2026
S2294,NAMAKKAL - 94,Namakkal,AADITHIYAN A,Anna Puratchi Thalaivar Amma Dravida Munnetra Kazhagam,278,1,279,0.13,23/23,11:27 PM,04-05-2026
S2294,NAMAKKAL - 94,Namakkal,GANDHIAN RAMESH T,Ahimsa Socialist Party,209,4,213,0.1,23/23,11:27 PM,04-05-2026
S2294,NAMAKKAL - 94,Namakkal,SURESHKANNAN P,Ganasangam Party of India,145,1,146,0.07,23/23,11:27 PM,04-05-2026
S2294,NAMAKKAL - 94,Namakkal,THIYAGARAJAN R,Samaniya Makkal Nala Katchi,318,2,320,0.15,23/23,11:27 PM,04-05-2026
S2294,NAMAKKAL - 94,Namakkal,DILIP C S,Tamilaga Vettri Kazhagam,78916,828,79744,37.56,23/23,11:27 PM,04-05-2026
S2294,NAMAKKAL - 94,Namakkal,PALANISAMY M P,All India Puratchi Thalaivar Makkal Munnettra Kazhagam,147,2,149,0.07,23/23,11:27 PM,04-05-2026
S2294,NAMAKKAL - 94,Namakkal,MAHENDRAN P,Anaithinthiya Anna Dravida Makkal Seyal katchi,95,1,96,0.05,23/23,11:27 PM,04-05-2026
S2294,NAMAKKAL - 94,Namakkal,MATHESWARAN C,Puthiya Tamilagam,143,3,146,0.07,23/23,11:27 PM,04-05-2026
S2294,NAMAKKAL - 94,Namakkal,ABINESHKUMAR T,Independent,212,1,213,0.1,23/23,11:27 PM,04-05-2026
S2294,NAMAKKAL - 94,Namakkal,ARAVINTH S,Independent,191,2,193,0.09,23/23,11:27 PM,04-05-2026
S2294,NAMAKKAL - 94,Namakkal,KANAKARAJ K,Independent,157,2,159,0.07,23/23,11:27 PM,04-05-2026
S2294,NAMAKKAL - 94,Namakkal,CHANDRA P,Independent,322,0,322,0.15,23/23,11:27 PM,04-05-2026
S2294,NAMAKKAL - 94,Namakkal,NATARAJAN M,Independent,221,4,225,0.11,23/23,11:27 PM,04-05-2026
S2294,NAMAKKAL - 94,Namakkal,NETAJIKAVIARASU V,Independent,90,2,92,0.04,23/23,11:27 PM,04-05-2026
S2294,NAMAKKAL - 94,Namakkal,MANIKANDAN R,Independent,188,3,191,0.09,23/23,11:27 PM,04-05-2026
S2294,NAMAKKAL - 94,Namakkal,MUTHUSAMY S,Independent,178,1,179,0.08,23/23,11:27 PM,04-05-2026
S2294,NAMAKKAL - 94,Namakkal,MOHAN S,Independent,70,1,71,0.03,23/23,11:27 PM,04-05-2026
S2294,NAMAKKAL - 94,Namakkal,MOHAN P,Independent,111,0,111,0.05,23/23,11:27 PM,04-05-2026
S2294,NAMAKKAL - 94,Namakkal,MOHAN M,Independent,53,1,54,0.03,23/23,11:27 PM,04-05-2026
S2294,NAMAKKAL - 94,Namakkal,RAMESH A,Independent,113,1,114,0.05,23/23,11:27 PM,04-05-2026
S2294,NAMAKKAL - 94,Namakkal,JAYAKUMAR R,Independent,168,0,168,0.08,23/23,11:27 PM,04-05-2026
S2294,NAMAKKAL - 94,Namakkal,JAYARAMAN M,Independent,112,1,113,0.05,23/23,11:27 PM,04-05-2026
S2294,NAMAKKAL - 94,Namakkal,STALIN R,Independent,98,1,99,0.05,23/23,11:27 PM,04-05-2026
S2294,NAMAKKAL - 94,Namakkal,NOTA,None of the Above,730,30,760,0.36,23/23,11:27 PM,04-05-2026
S2295,PARAMATHI-VELUR - 95,Namakkal,ARAVIND M,Naam Tamilar Katchi,5612,115,5727,3.03,20/20,11:30 PM,04-05-2026
S2295,PARAMATHI-VELUR - 95,Namakkal,RAMAN V,Bahujan Samaj Party,257,2,259,0.14,20/20,11:30 PM,04-05-2026
S2295,PARAMATHI-VELUR - 95,Namakkal,SEKAR S,All India Anna Dravida Munnetra Kazhagam,60017,1332,61349,32.49,20/20,11:30 PM,04-05-2026
S2295,PARAMATHI-VELUR - 95,Namakkal,MOORTHIY K S,Dravida Munnetra Kazhagam,59402,1639,61041,32.32,20/20,11:30 PM,04-05-2026
S2295,PARAMATHI-VELUR - 95,Namakkal,SELVARASU S,Anna Puratchi Thalaivar Amma Dravida Munnetra Kazhagam,330,4,334,0.18,20/20,11:30 PM,04-05-2026
S2295,PARAMATHI-VELUR - 95,Namakkal,SHAILAJA,Tamizhaga Vaazhvurimai Katchi,438,6,444,0.24,20/20,11:30 PM,04-05-2026
S2295,PARAMATHI-VELUR - 95,Namakkal,NANDAKUMAR A,Tamilaga Vettri Kazhagam,55408,659,56067,29.69,20/20,11:30 PM,04-05-2026
S2295,PARAMATHI-VELUR - 95,Namakkal,BAKKIAM P,Anaithinthiya Anna Dravida Makkal Seyal katchi,114,2,116,0.06,20/20,11:30 PM,04-05-2026
S2295,PARAMATHI-VELUR - 95,Namakkal,VIJAY SURYABHALAAJI K R,All India Puratchi Thalaivar Makkal Munnettra Kazhagam,133,4,137,0.07,20/20,11:30 PM,04-05-2026
S2295,PARAMATHI-VELUR - 95,Namakkal,RAMASAMY N,Independent,71,0,71,0.04,20/20,11:30 PM,04-05-2026
S2295,PARAMATHI-VELUR - 95,Namakkal,KANDASAMY S,Independent,156,2,158,0.08,20/20,11:30 PM,04-05-2026
S2295,PARAMATHI-VELUR - 95,Namakkal,KARTHIK R,Independent,78,5,83,0.04,20/20,11:30 PM,04-05-2026
S2295,PARAMATHI-VELUR - 95,Namakkal,GOPALAN G,Independent,231,0,231,0.12,20/20,11:30 PM,04-05-2026
S2295,PARAMATHI-VELUR - 95,Namakkal,SUDHARSAN K,Independent,171,1,172,0.09,20/20,11:30 PM,04-05-2026
S2295,PARAMATHI-VELUR - 95,Namakkal,SURESH R,Independent,82,0,82,0.04,20/20,11:30 PM,04-05-2026
S2295,PARAMATHI-VELUR - 95,Namakkal,SEKAR C,Independent,308,1,309,0.16,20/20,11:30 PM,04-05-2026
S2295,PARAMATHI-VELUR - 95,Namakkal,SEKAR V,Independent,246,3,249,0.13,20/20,11:30 PM,04-05-2026
S2295,PARAMATHI-VELUR - 95,Namakkal,THANGARASU M,Independent,100,0,100,0.05,20/20,11:30 PM,04-05-2026
S2295,PARAMATHI-VELUR - 95,Namakkal,PARAMESHWARI S,Independent,192,0,192,0.1,20/20,11:30 PM,04-05-2026
S2295,PARAMATHI-VELUR - 95,Namakkal,PALANISAMY S,Independent,169,0,169,0.09,20/20,11:30 PM,04-05-2026
S2295,PARAMATHI-VELUR - 95,Namakkal,BALAJI R,Independent,52,0,52,0.03,20/20,11:30 PM,04-05-2026
S2295,PARAMATHI-VELUR - 95,Namakkal,PRATHAP K,Independent,111,1,112,0.06,20/20,11:30 PM,04-05-2026
S2295,PARAMATHI-VELUR - 95,Namakkal,MANOJKUMAR M,Independent,337,1,338,0.18,20/20,11:30 PM,04-05-2026
S2295,PARAMATHI-VELUR - 95,Namakkal,MURTHI,Independent,53,0,53,0.03,20/20,11:30 PM,04-05-2026
S2295,PARAMATHI-VELUR - 95,Namakkal,MOORTHI M,Independent,35,1,36,0.02,20/20,11:30 PM,04-05-2026
S2295,PARAMATHI-VELUR - 95,Namakkal,RANJITH K,Independent,50,0,50,0.03,20/20,11:30 PM,04-05-2026
S2295,PARAMATHI-VELUR - 95,Namakkal,RAMESH P,Independent,37,0,37,0.02,20/20,11:30 PM,04-05-2026
S2295,PARAMATHI-VELUR - 95,Namakkal,RAMESH R,Independent,53,0,53,0.03,20/20,11:30 PM,04-05-2026
S2295,PARAMATHI-VELUR - 95,Namakkal,RAJA R,Independent,230,2,232,0.12,20/20,11:30 PM,04-05-2026
S2295,PARAMATHI-VELUR - 95,Namakkal,LATHA A,Independent,90,0,90,0.05,20/20,11:30 PM,04-05-2026
S2295,PARAMATHI-VELUR - 95,Namakkal,VIJAYAKUMAR A,Independent,53,0,53,0.03,20/20,11:30 PM,04-05-2026
S2295,PARAMATHI-VELUR - 95,Namakkal,NOTA,None of the Above,431,18,449,0.24,20/20,11:30 PM,04-05-2026
S2296,TIRUCHENGODU - 96,Namakkal,ESWARAN E R,Dravida Munnetra Kazhagam,48320,1145,49465,25.88,22/22,11:30 PM,04-05-2026
S2296,TIRUCHENGODU - 96,Namakkal,SRMT SEKAR (A) CHANDRASEKAR R,All India Anna Dravida Munnetra Kazhagam,50439,889,51328,26.86,22/22,11:30 PM,04-05-2026
S2296,TIRUCHENGODU - 96,Namakkal,REVATHI K,Naam Tamilar Katchi,6001,84,6085,3.18,22/22,11:30 PM,04-05-2026
S2296,TIRUCHENGODU - 96,Namakkal,ARUNRAJ K G,Tamilaga Vettri Kazhagam,78824,676,79500,41.6,22/22,11:30 PM,04-05-2026
S2296,TIRUCHENGODU - 96,Namakkal,SHARAVANAN A K,Tamizhaga Vaazhvurimai Katchi,351,3,354,0.19,22/22,11:30 PM,04-05-2026
S2296,TIRUCHENGODU - 96,Namakkal,CHINNATHAMBI K,Republican Party of India (Athawale),287,9,296,0.15,22/22,11:30 PM,04-05-2026
S2296,TIRUCHENGODU - 96,Namakkal,DHANAPAL SUBRAMANIYAM,Anaithinthiya Anna Dravida Makkal Seyal katchi,91,0,91,0.05,22/22,11:30 PM,04-05-2026
S2296,TIRUCHENGODU - 96,Namakkal,THIRUKKUMARAN P,Makkal Munnetra Katchi,51,1,52,0.03,22/22,11:30 PM,04-05-2026
S2296,TIRUCHENGODU - 96,Namakkal,MUNUSAMY A T,Samaniya Makkal Nala Katchi,36,2,38,0.02,22/22,11:30 PM,04-05-2026
S2296,TIRUCHENGODU - 96,Namakkal,ARULPRAKASAM S,Independent,49,0,49,0.03,22/22,11:30 PM,04-05-2026
S2296,TIRUCHENGODU - 96,Namakkal,ARJUNAN L K,Independent,24,0,24,0.01,22/22,11:30 PM,04-05-2026
S2296,TIRUCHENGODU - 96,Namakkal,ESWARAN M,Independent,91,2,93,0.05,22/22,11:30 PM,04-05-2026
S2296,TIRUCHENGODU - 96,Namakkal,SATHEESKUMAR P,Independent,249,2,251,0.13,22/22,11:30 PM,04-05-2026
S2296,TIRUCHENGODU - 96,Namakkal,SARAVANASUNDARAM S,Independent,1173,17,1190,0.62,22/22,11:30 PM,04-05-2026
S2296,TIRUCHENGODU - 96,Namakkal,DHINESH KARIKALAN,Independent,246,1,247,0.13,22/22,11:30 PM,04-05-2026
S2296,TIRUCHENGODU - 96,Namakkal,DEEPAKRAJAN V,Independent,496,1,497,0.26,22/22,11:30 PM,04-05-2026
S2296,TIRUCHENGODU - 96,Namakkal,PALANISAMY K,Independent,319,5,324,0.17,22/22,11:30 PM,04-05-2026
S2296,TIRUCHENGODU - 96,Namakkal,BALAJI CHEZHIAN P,Independent,189,0,189,0.1,22/22,11:30 PM,04-05-2026
S2296,TIRUCHENGODU - 96,Namakkal,MAHESHKUMAR N,Independent,45,0,45,0.02,22/22,11:30 PM,04-05-2026
S2296,TIRUCHENGODU - 96,Namakkal,RAMESH S,Independent,298,0,298,0.16,22/22,11:30 PM,04-05-2026
S2296,TIRUCHENGODU - 96,Namakkal,RAJAKUMAR P,Independent,96,0,96,0.05,22/22,11:30 PM,04-05-2026
S2296,TIRUCHENGODU - 96,Namakkal,REVANTH S N,Independent,37,0,37,0.02,22/22,11:30 PM,04-05-2026
S2296,TIRUCHENGODU - 96,Namakkal,VISWANATHAN P,Independent,53,0,53,0.03,22/22,11:30 PM,04-05-2026
S2296,TIRUCHENGODU - 96,Namakkal,NOTA,None of the Above,509,11,520,0.27,22/22,11:30 PM,04-05-2026
S2297,KUMARAPALAYAM - 97,Namakkal,P.THANGAMANI,All India Anna Dravida Munnetra Kazhagam,72783,700,73483,35.79,24/24,11:27 PM,04-05-2026
S2297,KUMARAPALAYAM - 97,Namakkal,S.BALU,Dravida Munnetra Kazhagam,39520,473,39993,19.48,24/24,11:27 PM,04-05-2026
S2297,KUMARAPALAYAM - 97,Namakkal,UVARANI SURESH,Naam Tamilar Katchi,7611,52,7663,3.73,24/24,11:27 PM,04-05-2026
S2297,KUMARAPALAYAM - 97,Namakkal,J KARTHI,Vishwa Tamil Kazhagam,142,0,142,0.07,24/24,11:27 PM,04-05-2026
S2297,KUMARAPALAYAM - 97,Namakkal,PALANISAMY,Samaniya Makkal Nala Katchi,71,0,71,0.03,24/24,11:27 PM,04-05-2026
S2297,KUMARAPALAYAM - 97,Namakkal,PANNERSELVAM,Anaithinthiya Anna Dravida Makkal Seyal katchi,233,0,233,0.11,24/24,11:27 PM,04-05-2026
S2297,KUMARAPALAYAM - 97,Namakkal,C.VIJAYALAKSHMI,Tamilaga Vettri Kazhagam,80874,305,81179,39.54,24/24,11:27 PM,04-05-2026
S2297,KUMARAPALAYAM - 97,Namakkal,AMIRTHALINGAM,Independent,127,1,128,0.06,24/24,11:27 PM,04-05-2026
S2297,KUMARAPALAYAM - 97,Namakkal,KARTHI,Independent,116,4,120,0.06,24/24,11:27 PM,04-05-2026
S2297,KUMARAPALAYAM - 97,Namakkal,R.KUMARESAN,Independent,96,1,97,0.05,24/24,11:27 PM,04-05-2026
S2297,KUMARAPALAYAM - 97,Namakkal,GOPALAKRISHNAN,Independent,52,0,52,0.03,24/24,11:27 PM,04-05-2026
S2297,KUMARAPALAYAM - 97,Namakkal,SARAVANAN,Independent,56,0,56,0.03,24/24,11:27 PM,04-05-2026
S2297,KUMARAPALAYAM - 97,Namakkal,G. SAMUELRAJ,Independent,71,1,72,0.04,24/24,11:27 PM,04-05-2026
S2297,KUMARAPALAYAM - 97,Namakkal,SIVARAJ,Independent,68,0,68,0.03,24/24,11:27 PM,04-05-2026
S2297,KUMARAPALAYAM - 97,Namakkal,P.SENTHILKUMAR,Independent,183,1,184,0.09,24/24,11:27 PM,04-05-2026
S2297,KUMARAPALAYAM - 97,Namakkal,SELVARAJ,Independent,437,0,437,0.21,24/24,11:27 PM,04-05-2026
S2297,KUMARAPALAYAM - 97,Namakkal,K. PALANIVEL,Independent,326,0,326,0.16,24/24,11:27 PM,04-05-2026
S2297,KUMARAPALAYAM - 97,Namakkal,A.MURUGANANDHAN,Independent,184,1,185,0.09,24/24,11:27 PM,04-05-2026
S2297,KUMARAPALAYAM - 97,Namakkal,R.RAJA,Independent,65,0,65,0.03,24/24,11:27 PM,04-05-2026
S2297,KUMARAPALAYAM - 97,Namakkal,VENKATACHALAM,Independent,30,0,30,0.01,24/24,11:27 PM,04-05-2026
S2297,KUMARAPALAYAM - 97,Namakkal,S JAYAVEL,Independent,75,0,75,0.04,24/24,11:27 PM,04-05-2026
S2297,KUMARAPALAYAM - 97,Namakkal,NOTA,None of the Above,658,7,665,0.32,24/24,11:27 PM,04-05-2026
S2298,ERODE (EAST) - 98,Erode,GOPINATH PALANIYAPPAN,Indian National Congress,45327,454,45781,28.18,20/20,11:27 PM,04-05-2026
S2298,ERODE (EAST) - 98,Erode,B.CHITRA,Bahujan Samaj Party,254,2,256,0.16,20/20,11:27 PM,04-05-2026
S2298,ERODE (EAST) - 98,Erode,S.THANDAVAMOORTHY,Naam Tamilar Katchi,4924,63,4987,3.07,20/20,11:27 PM,04-05-2026
S2298,ERODE (EAST) - 98,Erode,R.MANOHARAN,All India Anna Dravida Munnetra Kazhagam,37904,279,38183,23.5,20/20,11:27 PM,04-05-2026
S2298,ERODE (EAST) - 98,Erode,M.KAMAL KUMAR,Vishwa Tamil Kazhagam,225,2,227,0.14,20/20,11:27 PM,04-05-2026
S2298,ERODE (EAST) - 98,Erode,R.DHANDAPANI,Veerath Thiyagi Viswanathadoss Thozhilalarkal Katchi,75,1,76,0.05,20/20,11:27 PM,04-05-2026
S2298,ERODE (EAST) - 98,Erode,K.DHAVASIAPPAN,Tamilaga Makkal Nala Katchi,79,1,80,0.05,20/20,11:27 PM,04-05-2026
S2298,ERODE (EAST) - 98,Erode,A.MANIKANDAN,Tamizhaga Vaazhvurimai Katchi,85,1,86,0.05,20/20,11:27 PM,04-05-2026
S2298,ERODE (EAST) - 98,Erode,K.MANIKANNAN,Samaniya Makkal Nala Katchi,172,1,173,0.11,20/20,11:27 PM,04-05-2026
S2298,ERODE (EAST) - 98,Erode,M.VIJAY BALAJI,Tamilaga Vettri Kazhagam,69384,363,69747,42.93,20/20,11:27 PM,04-05-2026
S2298,ERODE (EAST) - 98,Erode,M.V.KARTHY,Independent,65,1,66,0.04,20/20,11:27 PM,04-05-2026
S2298,ERODE (EAST) - 98,Erode,SHANMUGAM.P,Independent,53,2,55,0.03,20/20,11:27 PM,04-05-2026
S2298,ERODE (EAST) - 98,Erode,M.DHARANI KUMAR,Independent,95,1,96,0.06,20/20,11:27 PM,04-05-2026
S2298,ERODE (EAST) - 98,Erode,C.THIYAGARAJAN,Independent,131,1,132,0.08,20/20,11:27 PM,04-05-2026
S2298,ERODE (EAST) - 98,Erode,NATHIYA.S,Independent,133,3,136,0.08,20/20,11:27 PM,04-05-2026
S2298,ERODE (EAST) - 98,Erode,H.MOHAMED GAIPEER,Independent,320,1,321,0.2,20/20,11:27 PM,04-05-2026
S2298,ERODE (EAST) - 98,Erode,J.MUTHU BAVA,Independent,854,4,858,0.53,20/20,11:27 PM,04-05-2026
S2298,ERODE (EAST) - 98,Erode,M.MURUGESAN,Independent,48,3,51,0.03,20/20,11:27 PM,04-05-2026
S2298,ERODE (EAST) - 98,Erode,S.LAKSHMANATHAN,Independent,67,0,67,0.04,20/20,11:27 PM,04-05-2026
S2298,ERODE (EAST) - 98,Erode,R.VAIRAM,Independent,194,2,196,0.12,20/20,11:27 PM,04-05-2026
S2298,ERODE (EAST) - 98,Erode,NOTA,None of the Above,851,28,879,0.54,20/20,11:27 PM,04-05-2026
S2299,ERODE (WEST) - 99,Erode,V . PALANI,Bahujan Samaj Party,515,1,516,0.23,24/24,11:27 PM,04-05-2026
S2299,ERODE (WEST) - 99,Erode,S. MUTHUSAMY,Dravida Munnetra Kazhagam,73628,958,74586,33.69,24/24,11:27 PM,04-05-2026
S2299,ERODE (WEST) - 99,Erode,M. YUVARAJA,Bharatiya Janata Party,37666,519,38185,17.25,24/24,11:27 PM,04-05-2026
S2299,ERODE (WEST) - 99,Erode,N. VIJAY,Naam Tamilar Katchi,8047,77,8124,3.67,24/24,11:27 PM,04-05-2026
S2299,ERODE (WEST) - 99,Erode,ANANTH MOGHAN K.K.,Tamilaga Vettri Kazhagam,96364,472,96836,43.74,24/24,11:27 PM,04-05-2026
S2299,ERODE (WEST) - 99,Erode,K. KALAIYARASAN,Party for the Rights of Other backward Classes,434,5,439,0.2,24/24,11:27 PM,04-05-2026
S2299,ERODE (WEST) - 99,Erode,V. DHANALAKSHMI,Tamizhaga Vaazhvurimai Katchi,161,2,163,0.07,24/24,11:27 PM,04-05-2026
S2299,ERODE (WEST) - 99,Erode,M. NATARAJ,Vishwa Tamil Kazhagam,176,1,177,0.08,24/24,11:27 PM,04-05-2026
S2299,ERODE (WEST) - 99,Erode,M. RUKMANI,Samaniya Makkal Nala Katchi,116,2,118,0.05,24/24,11:27 PM,04-05-2026
S2299,ERODE (WEST) - 99,Erode,SHANMUGAM M.,Independent,234,1,235,0.11,24/24,11:27 PM,04-05-2026
S2299,ERODE (WEST) - 99,Erode,MOORTHI P.,Independent,202,3,205,0.09,24/24,11:27 PM,04-05-2026
S2299,ERODE (WEST) - 99,Erode,A. RAMU,Independent,226,1,227,0.1,24/24,11:27 PM,04-05-2026
S2299,ERODE (WEST) - 99,Erode,C. RAJENDRAN,Independent,330,2,332,0.15,24/24,11:27 PM,04-05-2026
S2299,ERODE (WEST) - 99,Erode,NOTA,None of the Above,1236,21,1257,0.57,24/24,11:27 PM,04-05-2026
S22100,MODAKKURICHI - 100,Erode,M.ARUNKUMAR,Naam Tamilar Katchi,6634,89,6723,3.52,21/21,11:30 PM,04-05-2026
S22100,MODAKKURICHI - 100,Erode,S.KIRTHIKA,Bharatiya Janata Party,57306,979,58285,30.55,21/21,11:30 PM,04-05-2026
S22100,MODAKKURICHI - 100,Erode,S.SENTHILNATHAN,Dravida Munnetra Kazhagam,56989,1247,58236,30.53,21/21,11:30 PM,04-05-2026
S22100,MODAKKURICHI - 100,Erode,K.MUNIYAPPAN,Bahujan Samaj Party,638,13,651,0.34,21/21,11:30 PM,04-05-2026
S22100,MODAKKURICHI - 100,Erode,R.KARTHIKEYAN,Tamizhaga Vaazhvurimai Katchi,2192,47,2239,1.17,21/21,11:30 PM,04-05-2026
S22100,MODAKKURICHI - 100,Erode,D.SHANMUGAN,Tamilaga Vettri Kazhagam,59978,737,60715,31.83,21/21,11:30 PM,04-05-2026
S22100,MODAKKURICHI - 100,Erode,M.RAMESH,Namathu Kongu Munnetra Kalagam,198,2,200,0.1,21/21,11:30 PM,04-05-2026
S22100,MODAKKURICHI - 100,Erode,M.RAVIKUMAR,Ganasangam Party of India,222,1,223,0.12,21/21,11:30 PM,04-05-2026
S22100,MODAKKURICHI - 100,Erode,A.KATHIRVEL,Independent,243,2,245,0.13,21/21,11:30 PM,04-05-2026
S22100,MODAKKURICHI - 100,Erode,K.DHANABAL,Independent,281,3,284,0.15,21/21,11:30 PM,04-05-2026
S22100,MODAKKURICHI - 100,Erode,A.DURAISAMY,Independent,297,6,303,0.16,21/21,11:30 PM,04-05-2026
S22100,MODAKKURICHI - 100,Erode,R.NATARAJAN,Independent,224,3,227,0.12,21/21,11:30 PM,04-05-2026
S22100,MODAKKURICHI - 100,Erode,L.BHARATHI,Independent,582,3,585,0.31,21/21,11:30 PM,04-05-2026
S22100,MODAKKURICHI - 100,Erode,R.VELUSAMY,Independent,918,0,918,0.48,21/21,11:30 PM,04-05-2026
S22100,MODAKKURICHI - 100,Erode,NOTA,None of the Above,905,20,925,0.48,21/21,11:30 PM,04-05-2026
S22101,DHARAPURAM - 101,Erode,INDIRANI.T,Dravida Munnetra Kazhagam,63336,1037,64373,32.2,24/24,11:27 PM,04-05-2026
S22101,DHARAPURAM - 101,Erode,SATHYABAMA.P,All India Anna Dravida Munnetra Kazhagam,80248,852,81100,40.56,24/24,11:27 PM,04-05-2026
S22101,DHARAPURAM - 101,Erode,DHIVYA,Naam Tamilar Katchi,5936,90,6026,3.01,24/24,11:27 PM,04-05-2026
S22101,DHARAPURAM - 101,Erode,GOWRI CHITRA,Tamilaga Vettri Kazhagam,46099,339,46438,23.23,24/24,11:27 PM,04-05-2026
S22101,DHARAPURAM - 101,Erode,ANANTHI.S,Independent,149,2,151,0.08,24/24,11:27 PM,04-05-2026
S22101,DHARAPURAM - 101,Erode,INDHIRANI.C,Independent,138,4,142,0.07,24/24,11:27 PM,04-05-2026
S22101,DHARAPURAM - 101,Erode,GOWRI.P,Independent,120,5,125,0.06,24/24,11:27 PM,04-05-2026
S22101,DHARAPURAM - 101,Erode,MOHANRAJ.M,Independent,173,1,174,0.09,24/24,11:27 PM,04-05-2026
S22101,DHARAPURAM - 101,Erode,ROHINI.S,Independent,357,0,357,0.18,24/24,11:27 PM,04-05-2026
S22101,DHARAPURAM - 101,Erode,NOTA,None of the Above,1037,21,1058,0.53,24/24,11:27 PM,04-05-2026
S22102,KANGAYAM - 102,Erode,KARMEGAN.M,Naam Tamilar Katchi,6961,107,7068,3.47,24/24,11:27 PM,04-05-2026
S22102,KANGAYAM - 102,Erode,M.P.SAMINATHAN,Dravida Munnetra Kazhagam,58184,1046,59230,29.1,24/24,11:27 PM,04-05-2026
S22102,KANGAYAM - 102,Erode,NSN NATARAJ,All India Anna Dravida Munnetra Kazhagam,70352,770,71122,34.94,24/24,11:27 PM,04-05-2026
S22102,KANGAYAM - 102,Erode,P.THIRUGNANASAMBANTHAM,Party for the Rights of Other backward Classes,498,1,499,0.25,24/24,11:27 PM,04-05-2026
S22102,KANGAYAM - 102,Erode,MANI GOUNDER,Tamilaga Vettri Kazhagam,62485,504,62989,30.95,24/24,11:27 PM,04-05-2026
S22102,KANGAYAM - 102,Erode,R.VIJAYALAKSHMI,Ganasangam Party of India,172,4,176,0.09,24/24,11:27 PM,04-05-2026
S22102,KANGAYAM - 102,Erode,K.ARUMUGAM,Independent,68,0,68,0.03,24/24,11:27 PM,04-05-2026
S22102,KANGAYAM - 102,Erode,R. IMMANUVEL,Independent,281,1,282,0.14,24/24,11:27 PM,04-05-2026
S22102,KANGAYAM - 102,Erode,KARTHIKEYAN,Independent,163,1,164,0.08,24/24,11:27 PM,04-05-2026
S22102,KANGAYAM - 102,Erode,GOWTHAM,Independent,93,5,98,0.05,24/24,11:27 PM,04-05-2026
S22102,KANGAYAM - 102,Erode,T.NATARAJ,Independent,76,2,78,0.04,24/24,11:27 PM,04-05-2026
S22102,KANGAYAM - 102,Erode,PALANISAMY,Independent,203,0,203,0.1,24/24,11:27 PM,04-05-2026
S22102,KANGAYAM - 102,Erode,P.PARTHIBAN,Independent,311,1,312,0.15,24/24,11:27 PM,04-05-2026
S22102,KANGAYAM - 102,Erode,P.MANI,Independent,273,1,274,0.13,24/24,11:27 PM,04-05-2026
S22102,KANGAYAM - 102,Erode,B.RAJENDRAN,Independent,264,1,265,0.13,24/24,11:27 PM,04-05-2026
S22102,KANGAYAM - 102,Erode,NOTA,None of the Above,683,23,706,0.35,24/24,11:27 PM,04-05-2026
S22103,PERUNDURAI - 103,Erode,ESWARAN. P,Bahujan Samaj Party,560,5,565,0.28,22/22,11:30 PM,04-05-2026
S22103,PERUNDURAI - 103,Erode,INGUR. C. LOGANATHAN,Naam Tamilar Katchi,6401,67,6468,3.22,22/22,11:30 PM,04-05-2026
S22103,PERUNDURAI - 103,Erode,THOPPU VENKATACHALAM (ALIAS) N.D. VENKATACHALAM,Dravida Munnetra Kazhagam,59662,947,60609,30.2,22/22,11:30 PM,04-05-2026
S22103,PERUNDURAI - 103,Erode,JAYAKUMAR. S,All India Anna Dravida Munnetra Kazhagam,69408,894,70302,35.03,22/22,11:30 PM,04-05-2026
S22103,PERUNDURAI - 103,Erode,ARUNACHALAM. V. P,Tamilaga Vettri Kazhagam,59030,453,59483,29.64,22/22,11:30 PM,04-05-2026
S22103,PERUNDURAI - 103,Erode,SHANTHOSH KRISHNAN. S,Tamizhaga Vaazhvurimai Katchi,268,3,271,0.14,22/22,11:30 PM,04-05-2026
S22103,PERUNDURAI - 103,Erode,VALARMATHI. P,Samaniya Makkal Nala Katchi,77,0,77,0.04,22/22,11:30 PM,04-05-2026
S22103,PERUNDURAI - 103,Erode,SANTHOSH. S,Independent,257,2,259,0.13,22/22,11:30 PM,04-05-2026
S22103,PERUNDURAI - 103,Erode,SELVARAJU. M,Independent,152,2,154,0.08,22/22,11:30 PM,04-05-2026
S22103,PERUNDURAI - 103,Erode,PALANISAMY. M,Independent,172,2,174,0.09,22/22,11:30 PM,04-05-2026
S22103,PERUNDURAI - 103,Erode,VENKATACHALAM. C,Independent,869,9,878,0.44,22/22,11:30 PM,04-05-2026
S22103,PERUNDURAI - 103,Erode,GEORGE STEPHEN. A,Independent,341,4,345,0.17,22/22,11:30 PM,04-05-2026
S22103,PERUNDURAI - 103,Erode,JAYAPRAKASH. K,Independent,287,2,289,0.14,22/22,11:30 PM,04-05-2026
S22103,PERUNDURAI - 103,Erode,NOTA,None of the Above,792,20,812,0.4,22/22,11:30 PM,04-05-2026
S22104,BHAVANI - 104,Erode,KARUPPANAN. K.C,All India Anna Dravida Munnetra Kazhagam,74402,1175,75577,36.28,22/22,11:27 PM,04-05-2026
S22104,BHAVANI - 104,Erode,CHANDRASEKAR. K.A,Dravida Munnetra Kazhagam,52906,1181,54087,25.96,22/22,11:27 PM,04-05-2026
S22104,BHAVANI - 104,Erode,SEKAR. K,Bahujan Samaj Party,449,7,456,0.22,22/22,11:27 PM,04-05-2026
S22104,BHAVANI - 104,Erode,MOHANADEVI. R,Naam Tamilar Katchi,6075,120,6195,2.97,22/22,11:27 PM,04-05-2026
S22104,BHAVANI - 104,Erode,PARASAKTHI. P,Samaniya Makkal Nala Katchi,100,1,101,0.05,22/22,11:27 PM,04-05-2026
S22104,BHAVANI - 104,Erode,PALANISAMY. P.K,Tamizhaga Vaazhvurimai Katchi,350,4,354,0.17,22/22,11:27 PM,04-05-2026
S22104,BHAVANI - 104,Erode,BALAKRISHNAN,Tamilaga Vettri Kazhagam,67518,663,68181,32.73,22/22,11:27 PM,04-05-2026
S22104,BHAVANI - 104,Erode,VIMALRAJ. R,Makkal Munnetra Katchi,253,0,253,0.12,22/22,11:27 PM,04-05-2026
S22104,BHAVANI - 104,Erode,ARUMUGAM. P.V,Independent,378,4,382,0.18,22/22,11:27 PM,04-05-2026
S22104,BHAVANI - 104,Erode,KANNAN. M,Independent,326,5,331,0.16,22/22,11:27 PM,04-05-2026
S22104,BHAVANI - 104,Erode,KARTHIKEYAN. P,Independent,123,4,127,0.06,22/22,11:27 PM,04-05-2026
S22104,BHAVANI - 104,Erode,BOOPATHI RAJARAJA CHOZHAN. M,Independent,134,0,134,0.06,22/22,11:27 PM,04-05-2026
S22104,BHAVANI - 104,Erode,PERUMAL. V.M,Independent,209,1,210,0.1,22/22,11:27 PM,04-05-2026
S22104,BHAVANI - 104,Erode,MANIKKAM. P,Independent,524,2,526,0.25,22/22,11:27 PM,04-05-2026
S22104,BHAVANI - 104,Erode,NOTA,None of the Above,1386,23,1409,0.68,22/22,11:27 PM,04-05-2026
S22105,ANTHIYUR - 105,Erode,AALANGATTUR ANANDHI,Naam Tamilar Katchi,5164,123,5287,2.85,20/20,11:27 PM,04-05-2026
S22105,ANTHIYUR - 105,Erode,KAVIBHARATHI.K,Bahujan Samaj Party,374,6,380,0.2,20/20,11:27 PM,04-05-2026
S22105,ANTHIYUR - 105,Erode,SIVABALAN.M,Dravida Munnetra Kazhagam,57640,1142,58782,31.64,20/20,11:27 PM,04-05-2026
S22105,ANTHIYUR - 105,Erode,HARIBASKAR.P,All India Anna Dravida Munnetra Kazhagam,59183,859,60042,32.32,20/20,11:27 PM,04-05-2026
S22105,ANTHIYUR - 105,Erode,RAMASAMY.S,Samaniya Makkal Nala Katchi,611,0,611,0.33,20/20,11:27 PM,04-05-2026
S22105,ANTHIYUR - 105,Erode,EASWARAMURTHI.K,Tamizhaga Vaazhvurimai Katchi,381,9,390,0.21,20/20,11:27 PM,04-05-2026
S22105,ANTHIYUR - 105,Erode,GOBAL.S.C.R,Aanaithinthiya Jananayaka Pathukappu Kazhagam,425,7,432,0.23,20/20,11:27 PM,04-05-2026
S22105,ANTHIYUR - 105,Erode,VIJAY VENKATESH.M,Tamilaga Vettri Kazhagam,55726,646,56372,30.34,20/20,11:27 PM,04-05-2026
S22105,ANTHIYUR - 105,Erode,KARTHI.M,Independent,196,1,197,0.11,20/20,11:27 PM,04-05-2026
S22105,ANTHIYUR - 105,Erode,SANKARKUMAR.K.A,Independent,330,0,330,0.18,20/20,11:27 PM,04-05-2026
S22105,ANTHIYUR - 105,Erode,SELVI.A,Independent,173,3,176,0.09,20/20,11:27 PM,04-05-2026
S22105,ANTHIYUR - 105,Erode,DHANABAL.C,Independent,778,4,782,0.42,20/20,11:27 PM,04-05-2026
S22105,ANTHIYUR - 105,Erode,VEERAN.K,Independent,988,2,990,0.53,20/20,11:27 PM,04-05-2026
S22105,ANTHIYUR - 105,Erode,SHEIK DAVOOD.A.M,Independent,249,1,250,0.13,20/20,11:27 PM,04-05-2026
S22105,ANTHIYUR - 105,Erode,NOTA,None of the Above,730,24,754,0.41,20/20,11:27 PM,04-05-2026
S22106,GOBICHETTIPALAYAM - 106,Erode,SEETHALAKSHMI.M.K,Naam Tamilar Katchi,8010,127,8137,3.7,23/23,11:27 PM,04-05-2026
S22106,GOBICHETTIPALAYAM - 106,Erode,NALLASIVAM.N,Dravida Munnetra Kazhagam,64933,1059,65992,30.03,23/23,11:27 PM,04-05-2026
S22106,GOBICHETTIPALAYAM - 106,Erode,PRABHU.V.B,All India Anna Dravida Munnetra Kazhagam,55660,572,56232,25.59,23/23,11:27 PM,04-05-2026
S22106,GOBICHETTIPALAYAM - 106,Erode,RAVIKUMAR.R,Bahujan Samaj Party,758,2,760,0.35,23/23,11:27 PM,04-05-2026
S22106,GOBICHETTIPALAYAM - 106,Erode,SENGOTTAIYAN.K.A,Tamilaga Vettri Kazhagam,81628,984,82612,37.6,23/23,11:27 PM,04-05-2026
S22106,GOBICHETTIPALAYAM - 106,Erode,THIRUVENGATESH.M,Tamizhaga Vaazhvurimai Katchi,1717,29,1746,0.79,23/23,11:27 PM,04-05-2026
S22106,GOBICHETTIPALAYAM - 106,Erode,MALARVIZHI,Party for the Rights of Other backward Classes,197,0,197,0.09,23/23,11:27 PM,04-05-2026
S22106,GOBICHETTIPALAYAM - 106,Erode,ANANDHAKUMAR.M,Independent,159,2,161,0.07,23/23,11:27 PM,04-05-2026
S22106,GOBICHETTIPALAYAM - 106,Erode,SAKTHIVEL.G,Independent,113,1,114,0.05,23/23,11:27 PM,04-05-2026
S22106,GOBICHETTIPALAYAM - 106,Erode,SHANMUGAM.G,Independent,100,0,100,0.05,23/23,11:27 PM,04-05-2026
S22106,GOBICHETTIPALAYAM - 106,Erode,SEETHA.R,Independent,138,1,139,0.06,23/23,11:27 PM,04-05-2026
S22106,GOBICHETTIPALAYAM - 106,Erode,SUMATHI.G,Independent,330,2,332,0.15,23/23,11:27 PM,04-05-2026
S22106,GOBICHETTIPALAYAM - 106,Erode,SELVAKUMAR.R,Independent,289,3,292,0.13,23/23,11:27 PM,04-05-2026
S22106,GOBICHETTIPALAYAM - 106,Erode,DHANAPAL.K,Independent,346,3,349,0.16,23/23,11:27 PM,04-05-2026
S22106,GOBICHETTIPALAYAM - 106,Erode,PALANISAMYRAAJ.M,Independent,533,6,539,0.25,23/23,11:27 PM,04-05-2026
S22106,GOBICHETTIPALAYAM - 106,Erode,BHUVANESHWARI.A,Independent,498,1,499,0.23,23/23,11:27 PM,04-05-2026
S22106,GOBICHETTIPALAYAM - 106,Erode,RAMESH.P,Independent,148,1,149,0.07,23/23,11:27 PM,04-05-2026
S22106,GOBICHETTIPALAYAM - 106,Erode,VENKATACHALAM,Independent,468,2,470,0.21,23/23,11:27 PM,04-05-2026
S22106,GOBICHETTIPALAYAM - 106,Erode,NOTA,None of the Above,884,23,907,0.41,23/23,11:27 PM,04-05-2026
S22107,BHAVANISAGAR - 107,Erode,P.L.SUNDARAM,Communist Party of India,62178,929,63107,29.41,24/24,11:27 PM,04-05-2026
S22107,BHAVANISAGAR - 107,Erode,S.SOUNDARYA,Naam Tamilar Katchi,5766,66,5832,2.72,24/24,11:27 PM,04-05-2026
S22107,BHAVANISAGAR - 107,Erode,A.BANNARI,All India Anna Dravida Munnetra Kazhagam,67116,706,67822,31.6,24/24,11:27 PM,04-05-2026
S22107,BHAVANISAGAR - 107,Erode,B.PALANISWAMY,Bahujan Samaj Party,1021,8,1029,0.48,24/24,11:27 PM,04-05-2026
S22107,BHAVANISAGAR - 107,Erode,V.P.TAMILSELVI,Tamilaga Vettri Kazhagam,71879,512,72391,33.73,24/24,11:27 PM,04-05-2026
S22107,BHAVANISAGAR - 107,Erode,RAKKI,All India Puratchi Thalaivar Makkal Munnettra Kazhagam,323,4,327,0.15,24/24,11:27 PM,04-05-2026
S22107,BHAVANISAGAR - 107,Erode,A.AMRISH,Independent,175,2,177,0.08,24/24,11:27 PM,04-05-2026
S22107,BHAVANISAGAR - 107,Erode,GOPALAN.M,Independent,192,1,193,0.09,24/24,11:27 PM,04-05-2026
S22107,BHAVANISAGAR - 107,Erode,C.PALANICHAMY,Independent,476,5,481,0.22,24/24,11:27 PM,04-05-2026
S22107,BHAVANISAGAR - 107,Erode,S.PALANISWAMY,Independent,329,4,333,0.16,24/24,11:27 PM,04-05-2026
S22107,BHAVANISAGAR - 107,Erode,RAMAKRISHNAN,Independent,540,3,543,0.25,24/24,11:27 PM,04-05-2026
S22107,BHAVANISAGAR - 107,Erode,DR.HANUMAIAH.C,Independent,551,5,556,0.26,24/24,11:27 PM,04-05-2026
S22107,BHAVANISAGAR - 107,Erode,NOTA,None of the Above,1787,17,1804,0.84,24/24,11:27 PM,04-05-2026
S22108,UDHAGAMANDALAM - 108,Nilgiris,BHOJARAJAN.M,Bharatiya Janata Party,47734,754,48488,32.61,21/21,11:30 PM,04-05-2026
S22108,UDHAGAMANDALAM - 108,Nilgiris,RAGUPATHY.B,Naam Tamilar Katchi,4551,90,4641,3.12,21/21,11:30 PM,04-05-2026
S22108,UDHAGAMANDALAM - 108,Nilgiris,RAMACHANDRAN.B,Indian National Congress,44879,779,45658,30.7,21/21,11:30 PM,04-05-2026
S22108,UDHAGAMANDALAM - 108,Nilgiris,IBRAHIM.R,Tamilaga Vettri Kazhagam,47002,510,47512,31.95,21/21,11:30 PM,04-05-2026
S22108,UDHAGAMANDALAM - 108,Nilgiris,SAVEETHA.R,Tamizhaga Vaazhvurimai Katchi,409,9,418,0.28,21/21,11:30 PM,04-05-2026
S22108,UDHAGAMANDALAM - 108,Nilgiris,MANIAN.R,Independent,452,10,462,0.31,21/21,11:30 PM,04-05-2026
S22108,UDHAGAMANDALAM - 108,Nilgiris,NOTA,None of the Above,1502,23,1525,1.03,21/21,11:30 PM,04-05-2026
S22109,GUDALUR - 109,Nilgiris,KARTHIK.R,Naam Tamilar Katchi,6148,51,6199,4.1,18/18,11:27 PM,04-05-2026
S22109,GUDALUR - 109,Nilgiris,DHRAVIDAMANI.M,Dravida Munnetra Kazhagam,64926,664,65590,43.37,18/18,11:27 PM,04-05-2026
S22109,GUDALUR - 109,Nilgiris,PON.JAYASEELAN,All India Anna Dravida Munnetra Kazhagam,42268,489,42757,28.27,18/18,11:27 PM,04-05-2026
S22109,GUDALUR - 109,Nilgiris,DEEPAK SAI KISHORE.A,Tamilaga Vettri Kazhagam,34756,206,34962,23.12,18/18,11:27 PM,04-05-2026
S22109,GUDALUR - 109,Nilgiris,RAJ.S.K,Veerath Thiyagi Viswanathadoss Thozhilalarkal Katchi,417,2,419,0.28,18/18,11:27 PM,04-05-2026
S22109,GUDALUR - 109,Nilgiris,THILAGARAJ.N,Independent,442,1,443,0.29,18/18,11:27 PM,04-05-2026
S22109,GUDALUR - 109,Nilgiris,NOTA,None of the Above,863,8,871,0.58,18/18,11:27 PM,04-05-2026
S22110,COONOOR - 110,Nilgiris,K. DEENU,Naam Tamilar Katchi,4631,64,4695,3.32,18/18,11:27 PM,04-05-2026
S22110,COONOOR - 110,Nilgiris,A. RAMU,All India Anna Dravida Munnetra Kazhagam,41684,687,42371,29.97,18/18,11:27 PM,04-05-2026
S22110,COONOOR - 110,Nilgiris,M. RAJU,Dravida Munnetra Kazhagam,49583,887,50470,35.69,18/18,11:27 PM,04-05-2026
S22110,COONOOR - 110,Nilgiris,C. THANGARAJU,Tamilaga Vettri Kazhagam,41844,381,42225,29.86,18/18,11:27 PM,04-05-2026
S22110,COONOOR - 110,Nilgiris,C. DINESH KUMAR,Independent,570,3,573,0.41,18/18,11:27 PM,04-05-2026
S22110,COONOOR - 110,Nilgiris,D. VIDHYASAGAR,Independent,338,2,340,0.24,18/18,11:27 PM,04-05-2026
S22110,COONOOR - 110,Nilgiris,NOTA,None of the Above,699,21,720,0.51,18/18,11:27 PM,04-05-2026
S22111,METTUPPALAYAM - 111,Coimbatore,SMT.KAVITHA KALYANASUNDARAM,Dravida Munnetra Kazhagam,67215,681,67896,27.79,27/27,11:30 PM,04-05-2026
S22111,METTUPPALAYAM - 111,Coimbatore,S.GOPALAKRISHNAN,Naam Tamilar Katchi,6450,58,6508,2.66,27/27,11:30 PM,04-05-2026
S22111,METTUPPALAYAM - 111,Coimbatore,O.K.CHINNARAJ,All India Anna Dravida Munnetra Kazhagam,61151,585,61736,25.27,27/27,11:30 PM,04-05-2026
S22111,METTUPPALAYAM - 111,Coimbatore,S.ABDUL RAHIMAN,Veerath Thiyagi Viswanathadoss Thozhilalarkal Katchi,449,9,458,0.19,27/27,11:30 PM,04-05-2026
S22111,METTUPPALAYAM - 111,Coimbatore,R.SANGEETHA,Naadaalum Makkal Katchi,350,6,356,0.15,27/27,11:30 PM,04-05-2026
S22111,METTUPPALAYAM - 111,Coimbatore,"SIVARAJ,R.",Anna Puratchi Thalaivar Amma Dravida Munnetra Kazhagam,385,2,387,0.16,27/27,11:30 PM,04-05-2026
S22111,METTUPPALAYAM - 111,Coimbatore,SUNILANAND,Tamilaga Vettri Kazhagam,75392,272,75664,30.97,27/27,11:30 PM,04-05-2026
S22111,METTUPPALAYAM - 111,Coimbatore,"DHAMOTHARAN,V.",All India Puratchi Thalaivar Makkal Munnettra Kazhagam,296,0,296,0.12,27/27,11:30 PM,04-05-2026
S22111,METTUPPALAYAM - 111,Coimbatore,C.NAGARAJ,Party for the Rights of Other backward Classes,157,4,161,0.07,27/27,11:30 PM,04-05-2026
S22111,METTUPPALAYAM - 111,Coimbatore,T.AMIRTHALINGAM,Independent,119,0,119,0.05,27/27,11:30 PM,04-05-2026
S22111,METTUPPALAYAM - 111,Coimbatore,V.ANANDKUMAR,Independent,596,0,596,0.24,27/27,11:30 PM,04-05-2026
S22111,METTUPPALAYAM - 111,Coimbatore,S.KAVITHA,Independent,261,2,263,0.11,27/27,11:30 PM,04-05-2026
S22111,METTUPPALAYAM - 111,Coimbatore,T.R.SHANMUGASUNDARAM,Independent,26535,221,26756,10.95,27/27,11:30 PM,04-05-2026
S22111,METTUPPALAYAM - 111,Coimbatore,A.SATHIYALEELA,Independent,237,1,238,0.1,27/27,11:30 PM,04-05-2026
S22111,METTUPPALAYAM - 111,Coimbatore,N.SARAVANA KUMAR,Independent,250,2,252,0.1,27/27,11:30 PM,04-05-2026
S22111,METTUPPALAYAM - 111,Coimbatore,R.CHINNARAJ,Independent,585,1,586,0.24,27/27,11:30 PM,04-05-2026
S22111,METTUPPALAYAM - 111,Coimbatore,V.SENTHIL KUMAR,Independent,610,2,612,0.25,27/27,11:30 PM,04-05-2026
S22111,METTUPPALAYAM - 111,Coimbatore,M.PALANICHAMI,Independent,120,0,120,0.05,27/27,11:30 PM,04-05-2026
S22111,METTUPPALAYAM - 111,Coimbatore,C.MAHENDRAN,Independent,189,1,190,0.08,27/27,11:30 PM,04-05-2026
S22111,METTUPPALAYAM - 111,Coimbatore,MANOHARAN,Independent,97,1,98,0.04,27/27,11:30 PM,04-05-2026
S22111,METTUPPALAYAM - 111,Coimbatore,"RANGASAMY,P.",Independent,96,3,99,0.04,27/27,11:30 PM,04-05-2026
S22111,METTUPPALAYAM - 111,Coimbatore,P.RAVICHANDRAN,Independent,89,0,89,0.04,27/27,11:30 PM,04-05-2026
S22111,METTUPPALAYAM - 111,Coimbatore,NOTA,None of the Above,831,8,839,0.34,27/27,11:30 PM,04-05-2026
S22112,AVANASHI - 112,Coimbatore,DR. GOKILAMANI.V,Dravida Munnetra Kazhagam,64706,824,65530,28.29,28/28,11:27 PM,04-05-2026
S22112,AVANASHI - 112,Coimbatore,GOVINDAN.P,Bahujan Samaj Party,576,9,585,0.25,28/28,11:27 PM,04-05-2026
S22112,AVANASHI - 112,Coimbatore,DR. L. MURUGAN,Bharatiya Janata Party,68138,698,68836,29.72,28/28,11:27 PM,04-05-2026
S22112,AVANASHI - 112,Coimbatore,MENAKA. V,Naam Tamilar Katchi,7623,81,7704,3.33,28/28,11:27 PM,04-05-2026
S22112,AVANASHI - 112,Coimbatore,ARUMUGAM.R,Ganasangam Party of India,498,3,501,0.22,28/28,11:27 PM,04-05-2026
S22112,AVANASHI - 112,Coimbatore,KAMALI.S,Tamilaga Vettri Kazhagam,83730,479,84209,36.36,28/28,11:27 PM,04-05-2026
S22112,AVANASHI - 112,Coimbatore,CHINNASAMY.V,Tamizhaga Vaazhvurimai Katchi,259,0,259,0.11,28/28,11:27 PM,04-05-2026
S22112,AVANASHI - 112,Coimbatore,ARUMUGAM. P,Independent,187,1,188,0.08,28/28,11:27 PM,04-05-2026
S22112,AVANASHI - 112,Coimbatore,ANANDHI.S,Independent,231,4,235,0.1,28/28,11:27 PM,04-05-2026
S22112,AVANASHI - 112,Coimbatore,GOKILAMANI. M,Independent,650,2,652,0.28,28/28,11:27 PM,04-05-2026
S22112,AVANASHI - 112,Coimbatore,SATHIYARASU. R,Independent,208,7,215,0.09,28/28,11:27 PM,04-05-2026
S22112,AVANASHI - 112,Coimbatore,SUBRAMANI.C.K,Independent,261,3,264,0.11,28/28,11:27 PM,04-05-2026
S22112,AVANASHI - 112,Coimbatore,DHANABAL.R,Independent,546,0,546,0.24,28/28,11:27 PM,04-05-2026
S22112,AVANASHI - 112,Coimbatore,MOORTHI.R,Independent,311,2,313,0.14,28/28,11:27 PM,04-05-2026
S22112,AVANASHI - 112,Coimbatore,NOTA,None of the Above,1539,24,1563,0.67,28/28,11:27 PM,04-05-2026
S22113,TIRUPPUR (NORTH) - 113,Coimbatore,R.ABINAYA,Naam Tamilar Katchi,13095,62,13157,4.99,34/34,11:30 PM,04-05-2026
S22113,TIRUPPUR (NORTH) - 113,Coimbatore,M.S.M.ANANDAN,All India Anna Dravida Munnetra Kazhagam,61082,327,61409,23.31,34/34,11:30 PM,04-05-2026
S22113,TIRUPPUR (NORTH) - 113,Coimbatore,M.RAVI ALIAS M.SUBRAMANIAN,Communist Party of India,53525,439,53964,20.48,34/34,11:30 PM,04-05-2026
S22113,TIRUPPUR (NORTH) - 113,Coimbatore,L.JAMES REYNOLD,Bahujan Samaj Party,378,2,380,0.14,34/34,11:30 PM,04-05-2026
S22113,TIRUPPUR (NORTH) - 113,Coimbatore,T.KRISHNASWAMY,Anna Puratchi Thalaivar Amma Dravida Munnetra Kazhagam,349,2,351,0.13,34/34,11:30 PM,04-05-2026
S22113,TIRUPPUR (NORTH) - 113,Coimbatore,V.SATHYABAMA,Tamilaga Vettri Kazhagam,130901,500,131401,49.88,34/34,11:30 PM,04-05-2026
S22113,TIRUPPUR (NORTH) - 113,Coimbatore,PY.DHATCHINAMURTHY,Tamizhaga Vaazhvurimai Katchi,213,1,214,0.08,34/34,11:30 PM,04-05-2026
S22113,TIRUPPUR (NORTH) - 113,Coimbatore,S.ANANDHAKUMAR,Independent,99,1,100,0.04,34/34,11:30 PM,04-05-2026
S22113,TIRUPPUR (NORTH) - 113,Coimbatore,K.ANAND,Independent,191,2,193,0.07,34/34,11:30 PM,04-05-2026
S22113,TIRUPPUR (NORTH) - 113,Coimbatore,GANISHKAR,Independent,170,2,172,0.07,34/34,11:30 PM,04-05-2026
S22113,TIRUPPUR (NORTH) - 113,Coimbatore,G.BALAKRISHNAN,Independent,247,0,247,0.09,34/34,11:30 PM,04-05-2026
S22113,TIRUPPUR (NORTH) - 113,Coimbatore,M.RANGASAMY,Independent,179,0,179,0.07,34/34,11:30 PM,04-05-2026
S22113,TIRUPPUR (NORTH) - 113,Coimbatore,P.RAVI,Independent,195,1,196,0.07,34/34,11:30 PM,04-05-2026
S22113,TIRUPPUR (NORTH) - 113,Coimbatore,R.VISHNUMOORTHY,Independent,198,0,198,0.08,34/34,11:30 PM,04-05-2026
S22113,TIRUPPUR (NORTH) - 113,Coimbatore,K.VENKADASWAMY,Independent,216,2,218,0.08,34/34,11:30 PM,04-05-2026
S22113,TIRUPPUR (NORTH) - 113,Coimbatore,NOTA,None of the Above,1065,13,1078,0.41,34/34,11:30 PM,04-05-2026
S22114,TIRUPPUR (SOUTH) - 114,Coimbatore,THANGARAJ. S,Bharatiya Janata Party,34399,218,34617,19.25,21/21,11:30 PM,04-05-2026
S22114,TIRUPPUR (SOUTH) - 114,Coimbatore,DINESH. P.N,Naam Tamilar Katchi,6918,38,6956,3.87,21/21,11:30 PM,04-05-2026
S22114,TIRUPPUR (SOUTH) - 114,Coimbatore,DINESHKUMAR. N,Dravida Munnetra Kazhagam,60392,500,60892,33.86,21/21,11:30 PM,04-05-2026
S22114,TIRUPPUR (SOUTH) - 114,Coimbatore,RANGASAMY. S,Bahujan Samaj Party,231,3,234,0.13,21/21,11:30 PM,04-05-2026
S22114,TIRUPPUR (SOUTH) - 114,Coimbatore,KALIMUTHU. K,All India Forward Bloc,625,1,626,0.35,21/21,11:30 PM,04-05-2026
S22114,TIRUPPUR (SOUTH) - 114,Coimbatore,BALAMURUGAN. S,Tamilaga Vettri Kazhagam,73472,321,73793,41.04,21/21,11:30 PM,04-05-2026
S22114,TIRUPPUR (SOUTH) - 114,Coimbatore,MALARVIZHI. G,Indhu Dravida Makkal Katchi,167,3,170,0.09,21/21,11:30 PM,04-05-2026
S22114,TIRUPPUR (SOUTH) - 114,Coimbatore,MOHAMED MUBARAK ALI,Ganasangam Party of India,60,0,60,0.03,21/21,11:30 PM,04-05-2026
S22114,TIRUPPUR (SOUTH) - 114,Coimbatore,VIJAYAKUMAR. M,Anna Puratchi Thalaivar Amma Dravida Munnetra Kazhagam,78,3,81,0.05,21/21,11:30 PM,04-05-2026
S22114,TIRUPPUR (SOUTH) - 114,Coimbatore,JOHN BASHA. A,Tamizhaga Vaazhvurimai Katchi,75,1,76,0.04,21/21,11:30 PM,04-05-2026
S22114,TIRUPPUR (SOUTH) - 114,Coimbatore,AMUTHAVEL. P,Independent,69,0,69,0.04,21/21,11:30 PM,04-05-2026
S22114,TIRUPPUR (SOUTH) - 114,Coimbatore,DR. RAMAKRISHNAN. S,Independent,49,1,50,0.03,21/21,11:30 PM,04-05-2026
S22114,TIRUPPUR (SOUTH) - 114,Coimbatore,KARTHIKADEVI. K,Independent,44,1,45,0.03,21/21,11:30 PM,04-05-2026
S22114,TIRUPPUR (SOUTH) - 114,Coimbatore,KESAVAMURTHI. N,Independent,193,1,194,0.11,21/21,11:30 PM,04-05-2026
S22114,TIRUPPUR (SOUTH) - 114,Coimbatore,DHANABAL. D,Independent,131,1,132,0.07,21/21,11:30 PM,04-05-2026
S22114,TIRUPPUR (SOUTH) - 114,Coimbatore,DINESHKUMAR,Independent,235,0,235,0.13,21/21,11:30 PM,04-05-2026
S22114,TIRUPPUR (SOUTH) - 114,Coimbatore,DINESHKUMAR,Independent,202,1,203,0.11,21/21,11:30 PM,04-05-2026
S22114,TIRUPPUR (SOUTH) - 114,Coimbatore,DINESHKUMAR. V,Independent,115,1,116,0.06,21/21,11:30 PM,04-05-2026
S22114,TIRUPPUR (SOUTH) - 114,Coimbatore,MAHALINGAM. V,Independent,167,0,167,0.09,21/21,11:30 PM,04-05-2026
S22114,TIRUPPUR (SOUTH) - 114,Coimbatore,RATHINAVEL. M,Independent,71,1,72,0.04,21/21,11:30 PM,04-05-2026
S22114,TIRUPPUR (SOUTH) - 114,Coimbatore,RAMESH. S,Independent,39,2,41,0.02,21/21,11:30 PM,04-05-2026
S22114,TIRUPPUR (SOUTH) - 114,Coimbatore,VASANTHAMANI. K,Independent,141,1,142,0.08,21/21,11:30 PM,04-05-2026
S22114,TIRUPPUR (SOUTH) - 114,Coimbatore,VENKADASAMY. K,Independent,60,0,60,0.03,21/21,11:30 PM,04-05-2026
S22114,TIRUPPUR (SOUTH) - 114,Coimbatore,VENKATACHALAM. G,Independent,138,1,139,0.08,21/21,11:30 PM,04-05-2026
S22114,TIRUPPUR (SOUTH) - 114,Coimbatore,NOTA,None of the Above,636,8,644,0.36,21/21,11:30 PM,04-05-2026
S22115,PALLADAM - 115,Coimbatore,K.SELVARAJ,Dravida Munnetra Kazhagam,77804,821,78625,26.12,35/35,11:30 PM,04-05-2026
S22115,PALLADAM - 115,Coimbatore,K.V.THAMILINIYAN,Naam Tamilar Katchi,13038,103,13141,4.37,35/35,11:30 PM,04-05-2026
S22115,PALLADAM - 115,Coimbatore,K.P.PARAMASIVAM,All India Anna Dravida Munnetra Kazhagam,82761,639,83400,27.71,35/35,11:30 PM,04-05-2026
S22115,PALLADAM - 115,Coimbatore,K.RATHINASAMY,Bahujan Samaj Party,574,4,578,0.19,35/35,11:30 PM,04-05-2026
S22115,PALLADAM - 115,Coimbatore,K.SAKTHIVEL,Anna Puratchi Thalaivar Amma Dravida Munnetra Kazhagam,180,4,184,0.06,35/35,11:30 PM,04-05-2026
S22115,PALLADAM - 115,Coimbatore,S.DHARMARAJ,Tamilaga Makkal Nala Katchi,326,1,327,0.11,35/35,11:30 PM,04-05-2026
S22115,PALLADAM - 115,Coimbatore,K.RAMKUMAR,Tamilaga Vettri Kazhagam,120703,594,121297,40.3,35/35,11:30 PM,04-05-2026
S22115,PALLADAM - 115,Coimbatore,A.ANNADURAI,Independent,344,2,346,0.11,35/35,11:30 PM,04-05-2026
S22115,PALLADAM - 115,Coimbatore,ANNADURAI.R,Independent,284,1,285,0.09,35/35,11:30 PM,04-05-2026
S22115,PALLADAM - 115,Coimbatore,S.ARUMUGAM,Independent,274,0,274,0.09,35/35,11:30 PM,04-05-2026
S22115,PALLADAM - 115,Coimbatore,A.SARAVANAN,Independent,79,4,83,0.03,35/35,11:30 PM,04-05-2026
S22115,PALLADAM - 115,Coimbatore,G.SELVARAJ,Independent,162,1,163,0.05,35/35,11:30 PM,04-05-2026
S22115,PALLADAM - 115,Coimbatore,M. SELVARAJ,Independent,123,0,123,0.04,35/35,11:30 PM,04-05-2026
S22115,PALLADAM - 115,Coimbatore,V.MOHANRAJ,Independent,407,0,407,0.14,35/35,11:30 PM,04-05-2026
S22115,PALLADAM - 115,Coimbatore,A. RAMESH,Independent,362,2,364,0.12,35/35,11:30 PM,04-05-2026
S22115,PALLADAM - 115,Coimbatore,NOTA,None of the Above,1402,15,1417,0.47,35/35,11:30 PM,04-05-2026
S22116,SULUR - 116,Coimbatore,V.P.KANDASAMY,All India Anna Dravida Munnetra Kazhagam,85040,701,85741,31.34,30/30,11:30 PM,04-05-2026
S22116,SULUR - 116,Coimbatore,THALAPATHY MURUGESAN,Dravida Munnetra Kazhagam,82794,860,83654,30.58,30/30,11:30 PM,04-05-2026
S22116,SULUR - 116,Coimbatore,DR.S.RAJASEKARAN,Naam Tamilar Katchi,10067,80,10147,3.71,30/30,11:30 PM,04-05-2026
S22116,SULUR - 116,Coimbatore,KANTHASAMY.K.,Anna Puratchi Thalaivar Amma Dravida Munnetra Kazhagam,282,1,283,0.1,30/30,11:30 PM,04-05-2026
S22116,SULUR - 116,Coimbatore,NM.SUKUMAR,Tamilaga Vettri Kazhagam,90237,294,90531,33.1,30/30,11:30 PM,04-05-2026
S22116,SULUR - 116,Coimbatore,SUMAN SINGH.R.,Tamizhaga Vaazhvurimai Katchi,204,1,205,0.07,30/30,11:30 PM,04-05-2026
S22116,SULUR - 116,Coimbatore,NAGARAJ.K.,Ganasangam Party of India,137,0,137,0.05,30/30,11:30 PM,04-05-2026
S22116,SULUR - 116,Coimbatore,NELSON.W.,Tamilaga Makkal Nala Katchi,74,1,75,0.03,30/30,11:30 PM,04-05-2026
S22116,SULUR - 116,Coimbatore,PALANISAMY.M.,Party for the Rights of Other backward Classes,155,1,156,0.06,30/30,11:30 PM,04-05-2026
S22116,SULUR - 116,Coimbatore,PAPPA MUTHULAKSHMI.P.,All India Puratchi Thalaivar Makkal Munnettra Kazhagam,211,5,216,0.08,30/30,11:30 PM,04-05-2026
S22116,SULUR - 116,Coimbatore,KANDASAMY.A.,Independent,107,2,109,0.04,30/30,11:30 PM,04-05-2026
S22116,SULUR - 116,Coimbatore,KANDASAMY.R.,Independent,268,3,271,0.1,30/30,11:30 PM,04-05-2026
S22116,SULUR - 116,Coimbatore,KANDASAMY.V.,Independent,89,1,90,0.03,30/30,11:30 PM,04-05-2026
S22116,SULUR - 116,Coimbatore,MURUGESAN.N.,Independent,136,3,139,0.05,30/30,11:30 PM,04-05-2026
S22116,SULUR - 116,Coimbatore,MURUGESH.R.,Independent,436,1,437,0.16,30/30,11:30 PM,04-05-2026
S22116,SULUR - 116,Coimbatore,NOTA,None of the Above,1345,8,1353,0.49,30/30,11:30 PM,04-05-2026
S22117,KAVUNDAMPALAYAM - 117,Coimbatore,ARUNKUMAR PRG,All India Anna Dravida Munnetra Kazhagam,103189,1137,104326,28.66,28/28,11:27 PM,04-05-2026
S22117,KAVUNDAMPALAYAM - 117,Coimbatore,KALAMANI JAGANATHAN,Naam Tamilar Katchi,16699,135,16834,4.62,28/28,11:27 PM,04-05-2026
S22117,KAVUNDAMPALAYAM - 117,Coimbatore,SURYA PRAKASH K.P,Indian National Congress,89683,1043,90726,24.93,28/28,11:27 PM,04-05-2026
S22117,KAVUNDAMPALAYAM - 117,Coimbatore,K.VELMURUGAN,Bahujan Samaj Party,515,9,524,0.14,28/28,11:27 PM,04-05-2026
S22117,KAVUNDAMPALAYAM - 117,Coimbatore,THOZHAR.N.ARUNKUMAR,Tamizhaga Vaazhvurimai Katchi,419,5,424,0.12,28/28,11:27 PM,04-05-2026
S22117,KAVUNDAMPALAYAM - 117,Coimbatore,KANIMOZHI SANTHOSH,Tamilaga Vettri Kazhagam,145888,578,146466,40.24,28/28,11:27 PM,04-05-2026
S22117,KAVUNDAMPALAYAM - 117,Coimbatore,S.THAMARAI KANNAN,Party for the Rights of Other backward Classes,353,3,356,0.1,28/28,11:27 PM,04-05-2026
S22117,KAVUNDAMPALAYAM - 117,Coimbatore,V.PUSHPANANTHAM,Tamizhaga Murpokku Makkal Katchi,119,0,119,0.03,28/28,11:27 PM,04-05-2026
S22117,KAVUNDAMPALAYAM - 117,Coimbatore,MALLIGA.M,All India Puratchi Thalaivar Makkal Munnettra Kazhagam,312,2,314,0.09,28/28,11:27 PM,04-05-2026
S22117,KAVUNDAMPALAYAM - 117,Coimbatore,KANIMOZHI.K,Independent,552,15,567,0.16,28/28,11:27 PM,04-05-2026
S22117,KAVUNDAMPALAYAM - 117,Coimbatore,SURIYAKUMAR.K,Independent,232,3,235,0.06,28/28,11:27 PM,04-05-2026
S22117,KAVUNDAMPALAYAM - 117,Coimbatore,A.BALAMURUGAN,Independent,333,7,340,0.09,28/28,11:27 PM,04-05-2026
S22117,KAVUNDAMPALAYAM - 117,Coimbatore,M.RAJALINGAM,Independent,336,2,338,0.09,28/28,11:27 PM,04-05-2026
S22117,KAVUNDAMPALAYAM - 117,Coimbatore,M.JOHN BOSCO,Independent,305,1,306,0.08,28/28,11:27 PM,04-05-2026
S22117,KAVUNDAMPALAYAM - 117,Coimbatore,NOTA,None of the Above,2092,24,2116,0.58,28/28,11:27 PM,04-05-2026
S22118,COIMBATORE (NORTH) - 118,Coimbatore,P. KRISHNASAMY,Bahujan Samaj Party,379,4,383,0.17,25/25,11:27 PM,04-05-2026
S22118,COIMBATORE (NORTH) - 118,Coimbatore,DURAI. SENTHAMIL SELVAN B.E,Dravida Munnetra Kazhagam,69739,769,70508,31.18,25/25,11:27 PM,04-05-2026
S22118,COIMBATORE (NORTH) - 118,Coimbatore,NARMADHA. G.,Naam Tamilar Katchi,8990,46,9036,4,25/25,11:27 PM,04-05-2026
S22118,COIMBATORE (NORTH) - 118,Coimbatore,VANATHI SRINIVASAN,Bharatiya Janata Party,49112,610,49722,21.99,25/25,11:27 PM,04-05-2026
S22118,COIMBATORE (NORTH) - 118,Coimbatore,K. UDHAYAKUMAR,Thamizhaka Padaippalar Makkal Katchi,326,1,327,0.14,25/25,11:27 PM,04-05-2026
S22118,COIMBATORE (NORTH) - 118,Coimbatore,V. SAMPATHKUMAR,Tamilaga Vettri Kazhagam,92136,364,92500,40.91,25/25,11:27 PM,04-05-2026
S22118,COIMBATORE (NORTH) - 118,Coimbatore,S. SENTHILKUMAR,Samaniya Makkal Nala Katchi,120,1,121,0.05,25/25,11:27 PM,04-05-2026
S22118,COIMBATORE (NORTH) - 118,Coimbatore,S. MEENAKSHI SUNDARAM,Tamizhaga Murpokku Makkal Katchi,75,0,75,0.03,25/25,11:27 PM,04-05-2026
S22118,COIMBATORE (NORTH) - 118,Coimbatore,K. RAGHUL GANDHI,All India Puratchi Thalaivar Makkal Munnettra Kazhagam,112,0,112,0.05,25/25,11:27 PM,04-05-2026
S22118,COIMBATORE (NORTH) - 118,Coimbatore,RAJASEKARAN. B.,Tamizhaga Vaazhvurimai Katchi,93,3,96,0.04,25/25,11:27 PM,04-05-2026
S22118,COIMBATORE (NORTH) - 118,Coimbatore,G.D. KRISHNAKUMAR,Independent,104,0,104,0.05,25/25,11:27 PM,04-05-2026
S22118,COIMBATORE (NORTH) - 118,Coimbatore,V. KRISHNAN,Independent,115,3,118,0.05,25/25,11:27 PM,04-05-2026
S22118,COIMBATORE (NORTH) - 118,Coimbatore,R. SATHISH KUMAR,Independent,54,0,54,0.02,25/25,11:27 PM,04-05-2026
S22118,COIMBATORE (NORTH) - 118,Coimbatore,K. SAMPATH KUMAR,Independent,71,0,71,0.03,25/25,11:27 PM,04-05-2026
S22118,COIMBATORE (NORTH) - 118,Coimbatore,S. SAMPATHKUMAR,Independent,133,1,134,0.06,25/25,11:27 PM,04-05-2026
S22118,COIMBATORE (NORTH) - 118,Coimbatore,R. SAMPATH KUMAR,Independent,309,1,310,0.14,25/25,11:27 PM,04-05-2026
S22118,COIMBATORE (NORTH) - 118,Coimbatore,P. SARAVANAN,Independent,120,1,121,0.05,25/25,11:27 PM,04-05-2026
S22118,COIMBATORE (NORTH) - 118,Coimbatore,A.K. SENTHAMIZH SELVAN,Independent,350,1,351,0.16,25/25,11:27 PM,04-05-2026
S22118,COIMBATORE (NORTH) - 118,Coimbatore,R. SETHURAGUNATHAN,Independent,59,1,60,0.03,25/25,11:27 PM,04-05-2026
S22118,COIMBATORE (NORTH) - 118,Coimbatore,S. DHANA RAJ,Independent,86,1,87,0.04,25/25,11:27 PM,04-05-2026
S22118,COIMBATORE (NORTH) - 118,Coimbatore,PALANIKUMAR. V.,Independent,152,0,152,0.07,25/25,11:27 PM,04-05-2026
S22118,COIMBATORE (NORTH) - 118,Coimbatore,BALU. P.M.,Independent,275,1,276,0.12,25/25,11:27 PM,04-05-2026
S22118,COIMBATORE (NORTH) - 118,Coimbatore,R. MANIAN,Independent,89,0,89,0.04,25/25,11:27 PM,04-05-2026
S22118,COIMBATORE (NORTH) - 118,Coimbatore,A. MARIMUTHU,Independent,54,0,54,0.02,25/25,11:27 PM,04-05-2026
S22118,COIMBATORE (NORTH) - 118,Coimbatore,A. RAMESH,Independent,26,0,26,0.01,25/25,11:27 PM,04-05-2026
S22118,COIMBATORE (NORTH) - 118,Coimbatore,RAVI. V,Independent,95,0,95,0.04,25/25,11:27 PM,04-05-2026
S22118,COIMBATORE (NORTH) - 118,Coimbatore,G. RAJKUMAR,Independent,41,1,42,0.02,25/25,11:27 PM,04-05-2026
S22118,COIMBATORE (NORTH) - 118,Coimbatore,V. LINGARAJA,Independent,65,0,65,0.03,25/25,11:27 PM,04-05-2026
S22118,COIMBATORE (NORTH) - 118,Coimbatore,NOTA,None of the Above,998,22,1020,0.45,25/25,11:27 PM,04-05-2026
S22119,THONDAMUTHUR - 119,Coimbatore,N.R.KARTHIKEYAN,Dravida Munnetra Kazhagam,75335,582,75917,29.36,28/28,11:30 PM,04-05-2026
S22119,THONDAMUTHUR - 119,Coimbatore,RAJABU NISHA.Z,Naam Tamilar Katchi,6931,45,6976,2.7,28/28,11:30 PM,04-05-2026
S22119,THONDAMUTHUR - 119,Coimbatore,S.P.VELUMANI,All India Anna Dravida Munnetra Kazhagam,92372,944,93316,36.09,28/28,11:30 PM,04-05-2026
S22119,THONDAMUTHUR - 119,Coimbatore,SATHISH RAJU (ALIAS) K.P.R. SATHISH,Tamilaga Vettri Kazhagam,78365,226,78591,30.4,28/28,11:30 PM,04-05-2026
S22119,THONDAMUTHUR - 119,Coimbatore,SHAJAHAN.S,Tamizhaga Vaazhvurimai Katchi,214,1,215,0.08,28/28,11:30 PM,04-05-2026
S22119,THONDAMUTHUR - 119,Coimbatore,ARULKUMAR.P,Independent,99,5,104,0.04,28/28,11:30 PM,04-05-2026
S22119,THONDAMUTHUR - 119,Coimbatore,KALAIVANI.S,Independent,123,2,125,0.05,28/28,11:30 PM,04-05-2026
S22119,THONDAMUTHUR - 119,Coimbatore,KARTHIKEYAN.M,Independent,90,0,90,0.03,28/28,11:30 PM,04-05-2026
S22119,THONDAMUTHUR - 119,Coimbatore,KARTHIKEYAN.R,Independent,54,0,54,0.02,28/28,11:30 PM,04-05-2026
S22119,THONDAMUTHUR - 119,Coimbatore,KARTHIKEYAN.R-THONDAMUTHUR,Independent,105,3,108,0.04,28/28,11:30 PM,04-05-2026
S22119,THONDAMUTHUR - 119,Coimbatore,KARTHIKEYAN.R-POOLUVAPATTI,Independent,234,7,241,0.09,28/28,11:30 PM,04-05-2026
S22119,THONDAMUTHUR - 119,Coimbatore,KOWSALYA.V,Independent,75,2,77,0.03,28/28,11:30 PM,04-05-2026
S22119,THONDAMUTHUR - 119,Coimbatore,SIVARAMAN.C,Independent,185,0,185,0.07,28/28,11:30 PM,04-05-2026
S22119,THONDAMUTHUR - 119,Coimbatore,DEEPA.G.S,Independent,194,1,195,0.08,28/28,11:30 PM,04-05-2026
S22119,THONDAMUTHUR - 119,Coimbatore,DEVADASS.K,Independent,98,1,99,0.04,28/28,11:30 PM,04-05-2026
S22119,THONDAMUTHUR - 119,Coimbatore,NIRMALKUMAR.R,Independent,258,0,258,0.1,28/28,11:30 PM,04-05-2026
S22119,THONDAMUTHUR - 119,Coimbatore,BALAMANI.V,Independent,304,0,304,0.12,28/28,11:30 PM,04-05-2026
S22119,THONDAMUTHUR - 119,Coimbatore,MANOKARAN.K,Independent,142,0,142,0.05,28/28,11:30 PM,04-05-2026
S22119,THONDAMUTHUR - 119,Coimbatore,RAFEEQ.A.M.,Independent,317,0,317,0.12,28/28,11:30 PM,04-05-2026
S22119,THONDAMUTHUR - 119,Coimbatore,VIJAYA.K,Independent,183,0,183,0.07,28/28,11:30 PM,04-05-2026
S22119,THONDAMUTHUR - 119,Coimbatore,VISWANATHAN.M,Independent,51,1,52,0.02,28/28,11:30 PM,04-05-2026
S22119,THONDAMUTHUR - 119,Coimbatore,NOTA,None of the Above,994,6,1000,0.39,28/28,11:30 PM,04-05-2026
S22120,COIMBATORE (SOUTH) - 120,Coimbatore,AMMAN K.ARJUNAN,All India Anna Dravida Munnetra Kazhagam,31236,453,31689,20.25,20/20,11:27 PM,04-05-2026
S22120,COIMBATORE (SOUTH) - 120,Coimbatore,V SENTHILBALAJI,Dravida Munnetra Kazhagam,59167,557,59724,38.16,20/20,11:27 PM,04-05-2026
S22120,COIMBATORE (SOUTH) - 120,Coimbatore,PERARIVALAN. V,Naam Tamilar Katchi,5017,45,5062,3.23,20/20,11:27 PM,04-05-2026
S22120,COIMBATORE (SOUTH) - 120,Coimbatore,GOKULA KRISHNAN.S,Tamizhaga Vaazhvurimai Katchi,155,3,158,0.1,20/20,11:27 PM,04-05-2026
S22120,COIMBATORE (SOUTH) - 120,Coimbatore,V. SENTHILKUMAR,Tamilaga Vettri Kazhagam,57176,277,57453,36.71,20/20,11:27 PM,04-05-2026
S22120,COIMBATORE (SOUTH) - 120,Coimbatore,B. DHANDAPANI,New Generation People's Party,152,5,157,0.1,20/20,11:27 PM,04-05-2026
S22120,COIMBATORE (SOUTH) - 120,Coimbatore,G. MAHESHWARAN,Tamizhaga Murpokku Makkal Katchi,35,1,36,0.02,20/20,11:27 PM,04-05-2026
S22120,COIMBATORE (SOUTH) - 120,Coimbatore,N. ABILAZAN,Independent,31,0,31,0.02,20/20,11:27 PM,04-05-2026
S22120,COIMBATORE (SOUTH) - 120,Coimbatore,IMTHIYAS,Independent,63,2,65,0.04,20/20,11:27 PM,04-05-2026
S22120,COIMBATORE (SOUTH) - 120,Coimbatore,P. KATHIRAVAN,Independent,22,1,23,0.01,20/20,11:27 PM,04-05-2026
S22120,COIMBATORE (SOUTH) - 120,Coimbatore,GOPALAKRISHNAN,Independent,24,0,24,0.02,20/20,11:27 PM,04-05-2026
S22120,COIMBATORE (SOUTH) - 120,Coimbatore,P. SANGARARAJ,Independent,35,1,36,0.02,20/20,11:27 PM,04-05-2026
S22120,COIMBATORE (SOUTH) - 120,Coimbatore,J. SURIYAKUMAR,Independent,37,0,37,0.02,20/20,11:27 PM,04-05-2026
S22120,COIMBATORE (SOUTH) - 120,Coimbatore,M. SENTHILKUMAR,Independent,154,4,158,0.1,20/20,11:27 PM,04-05-2026
S22120,COIMBATORE (SOUTH) - 120,Coimbatore,V. SENTHILKUMAR,Independent,91,1,92,0.06,20/20,11:27 PM,04-05-2026
S22120,COIMBATORE (SOUTH) - 120,Coimbatore,K. DINESH KUMAR,Independent,115,2,117,0.07,20/20,11:27 PM,04-05-2026
S22120,COIMBATORE (SOUTH) - 120,Coimbatore,P. PALANIVEL,Independent,153,1,154,0.1,20/20,11:27 PM,04-05-2026
S22120,COIMBATORE (SOUTH) - 120,Coimbatore,J. PRAVEENKUMAR,Independent,170,0,170,0.11,20/20,11:27 PM,04-05-2026
S22120,COIMBATORE (SOUTH) - 120,Coimbatore,T. MAGIZHAN,Independent,40,0,40,0.03,20/20,11:27 PM,04-05-2026
S22120,COIMBATORE (SOUTH) - 120,Coimbatore,P. MANOJ,Independent,27,1,28,0.02,20/20,11:27 PM,04-05-2026
S22120,COIMBATORE (SOUTH) - 120,Coimbatore,B. YUVARAJ,Independent,105,0,105,0.07,20/20,11:27 PM,04-05-2026
S22120,COIMBATORE (SOUTH) - 120,Coimbatore,S. RANGARAJ,Independent,66,1,67,0.04,20/20,11:27 PM,04-05-2026
S22120,COIMBATORE (SOUTH) - 120,Coimbatore,M. RAVICHANDRAN,Independent,21,0,21,0.01,20/20,11:27 PM,04-05-2026
S22120,COIMBATORE (SOUTH) - 120,Coimbatore,K.S. RAJAGOPAL,Independent,26,1,27,0.02,20/20,11:27 PM,04-05-2026
S22120,COIMBATORE (SOUTH) - 120,Coimbatore,K. RAJAPANDIAN,Independent,40,0,40,0.03,20/20,11:27 PM,04-05-2026
S22120,COIMBATORE (SOUTH) - 120,Coimbatore,D. VIGNESHWARAN,Independent,32,0,32,0.02,20/20,11:27 PM,04-05-2026
S22120,COIMBATORE (SOUTH) - 120,Coimbatore,K. VIJAYAN,Independent,32,0,32,0.02,20/20,11:27 PM,04-05-2026
S22120,COIMBATORE (SOUTH) - 120,Coimbatore,VENKATACHALAM PARAMASIVAM,Independent,42,1,43,0.03,20/20,11:27 PM,04-05-2026
S22120,COIMBATORE (SOUTH) - 120,Coimbatore,V. VELMURUGAN,Independent,46,2,48,0.03,20/20,11:27 PM,04-05-2026
S22120,COIMBATORE (SOUTH) - 120,Coimbatore,M. JOHN BOSCO,Independent,32,1,33,0.02,20/20,11:27 PM,04-05-2026
S22120,COIMBATORE (SOUTH) - 120,Coimbatore,L. HAKKIM,Independent,38,0,38,0.02,20/20,11:27 PM,04-05-2026
S22120,COIMBATORE (SOUTH) - 120,Coimbatore,NOTA,None of the Above,747,12,759,0.48,20/20,11:27 PM,04-05-2026
S22121,SINGANALLUR - 121,Coimbatore,SIVAJI PERUMAL,Bahujan Samaj Party,423,5,428,0.19,27/27,11:30 PM,04-05-2026
S22121,SINGANALLUR - 121,Coimbatore,NEHRUJI GUNASEKARAN,Naam Tamilar Katchi,9119,84,9203,4.16,27/27,11:30 PM,04-05-2026
S22121,SINGANALLUR - 121,Coimbatore,K.R.JAYARAM,All India Anna Dravida Munnetra Kazhagam,57073,710,57783,26.14,27/27,11:30 PM,04-05-2026
S22121,SINGANALLUR - 121,Coimbatore,V.SRINIDHI,Indian National Congress,64162,862,65024,29.42,27/27,11:30 PM,04-05-2026
S22121,SINGANALLUR - 121,Coimbatore,N.R.APPATHURAI,All India Puratchi Thalaivar Makkal Munnettra Kazhagam,315,3,318,0.14,27/27,11:30 PM,04-05-2026
S22121,SINGANALLUR - 121,Coimbatore,SARVESWARAN,Party for the Rights of Other backward Classes,150,1,151,0.07,27/27,11:30 PM,04-05-2026
S22121,SINGANALLUR - 121,Coimbatore,S.S.SUNDHARAM,Rashtriya Samaj Dal (R),200,1,201,0.09,27/27,11:30 PM,04-05-2026
S22121,SINGANALLUR - 121,Coimbatore,MURUGAN.O,Ganasangam Party of India,228,0,228,0.1,27/27,11:30 PM,04-05-2026
S22121,SINGANALLUR - 121,Coimbatore,K.S.SRI GIRI PRASATH,Tamilaga Vettri Kazhagam,83725,438,84163,38.08,27/27,11:30 PM,04-05-2026
S22121,SINGANALLUR - 121,Coimbatore,AKBAR ALI,Independent,250,5,255,0.12,27/27,11:30 PM,04-05-2026
S22121,SINGANALLUR - 121,Coimbatore,M.ASHOK KUMAR,Independent,82,0,82,0.04,27/27,11:30 PM,04-05-2026
S22121,SINGANALLUR - 121,Coimbatore,AYOOB RIYAS,Independent,49,1,50,0.02,27/27,11:30 PM,04-05-2026
S22121,SINGANALLUR - 121,Coimbatore,N.RAJASEKARAN,Independent,129,1,130,0.06,27/27,11:30 PM,04-05-2026
S22121,SINGANALLUR - 121,Coimbatore,UMA PARAMASIVAM,Independent,114,1,115,0.05,27/27,11:30 PM,04-05-2026
S22121,SINGANALLUR - 121,Coimbatore,KARTHIK,Independent,54,0,54,0.02,27/27,11:30 PM,04-05-2026
S22121,SINGANALLUR - 121,Coimbatore,K.KUMAR BABU,Independent,127,0,127,0.06,27/27,11:30 PM,04-05-2026
S22121,SINGANALLUR - 121,Coimbatore,S.SATHEESH,Independent,160,0,160,0.07,27/27,11:30 PM,04-05-2026
S22121,SINGANALLUR - 121,Coimbatore,SUBARAMANIAN.N,Independent,101,1,102,0.05,27/27,11:30 PM,04-05-2026
S22121,SINGANALLUR - 121,Coimbatore,P.TAMILSELVI,Independent,171,3,174,0.08,27/27,11:30 PM,04-05-2026
S22121,SINGANALLUR - 121,Coimbatore,THAHIR HUSSAIN,Independent,278,0,278,0.13,27/27,11:30 PM,04-05-2026
S22121,SINGANALLUR - 121,Coimbatore,V.BALAMURUGAN,Independent,91,0,91,0.04,27/27,11:30 PM,04-05-2026
S22121,SINGANALLUR - 121,Coimbatore,R.MANIKANDABRABHU,Independent,51,2,53,0.02,27/27,11:30 PM,04-05-2026
S22121,SINGANALLUR - 121,Coimbatore,A.MOUNAKUMAR,Independent,48,0,48,0.02,27/27,11:30 PM,04-05-2026
S22121,SINGANALLUR - 121,Coimbatore,DR.K.RAJKUMAR,Independent,65,0,65,0.03,27/27,11:30 PM,04-05-2026
S22121,SINGANALLUR - 121,Coimbatore,RAJKUMAR.M,Independent,108,3,111,0.05,27/27,11:30 PM,04-05-2026
S22121,SINGANALLUR - 121,Coimbatore,VASANTHI,Independent,59,0,59,0.03,27/27,11:30 PM,04-05-2026
S22121,SINGANALLUR - 121,Coimbatore,VIJAYAKUMAR,Independent,63,3,66,0.03,27/27,11:30 PM,04-05-2026
S22121,SINGANALLUR - 121,Coimbatore,JANANI.D,Independent,166,2,168,0.08,27/27,11:30 PM,04-05-2026
S22121,SINGANALLUR - 121,Coimbatore,NOTA,None of the Above,1320,26,1346,0.61,27/27,11:30 PM,04-05-2026
S22122,KINATHUKADAVU - 122,Coimbatore,SABARI KARTHIKEYAN K.V.K.S,Dravida Munnetra Kazhagam,87547,693,88240,32.94,31/31,11:27 PM,04-05-2026
S22122,KINATHUKADAVU - 122,Coimbatore,DAMODARAN S,All India Anna Dravida Munnetra Kazhagam,67333,456,67789,25.3,31/31,11:27 PM,04-05-2026
S22122,KINATHUKADAVU - 122,Coimbatore,BANUPRIYA M,Naam Tamilar Katchi,9614,53,9667,3.61,31/31,11:27 PM,04-05-2026
S22122,KINATHUKADAVU - 122,Coimbatore,MARIYAPPAN R,Ganasangam Party of India,548,6,554,0.21,31/31,11:27 PM,04-05-2026
S22122,KINATHUKADAVU - 122,Coimbatore,VIGNESH K,Tamilaga Vettri Kazhagam,99661,289,99950,37.31,31/31,11:27 PM,04-05-2026
S22122,KINATHUKADAVU - 122,Coimbatore,NOTA,None of the Above,1703,14,1717,0.64,31/31,11:27 PM,04-05-2026
S22123,POLLACHI - 123,Coimbatore,C.M. ARUCHAMY,Bahujan Samaj Party,327,2,329,0.18,22/22,11:30 PM,04-05-2026
S22123,POLLACHI - 123,Coimbatore,N. SENTHIL KUMAR,Naam Tamilar Katchi,4826,40,4866,2.69,22/22,11:30 PM,04-05-2026
S22123,POLLACHI - 123,Coimbatore,K. NITHYANANDHAN,Dravida Munnetra Kazhagam,61347,666,62013,34.22,22/22,11:30 PM,04-05-2026
S22123,POLLACHI - 123,Coimbatore,POLLACHI V. JAYARAMAN,All India Anna Dravida Munnetra Kazhagam,56842,544,57386,31.67,22/22,11:30 PM,04-05-2026
S22123,POLLACHI - 123,Coimbatore,G. RAMANATHAN,Tamilaga Vettri Kazhagam,53605,214,53819,29.7,22/22,11:30 PM,04-05-2026
S22123,POLLACHI - 123,Coimbatore,V. KARTHIKEYAN,Independent,190,2,192,0.11,22/22,11:30 PM,04-05-2026
S22123,POLLACHI - 123,Coimbatore,P. NAGARAJ,Independent,85,2,87,0.05,22/22,11:30 PM,04-05-2026
S22123,POLLACHI - 123,Coimbatore,T. NITHYANANTHAM,Independent,122,4,126,0.07,22/22,11:30 PM,04-05-2026
S22123,POLLACHI - 123,Coimbatore,K. NITHYANANDAN,Independent,113,1,114,0.06,22/22,11:30 PM,04-05-2026
S22123,POLLACHI - 123,Coimbatore,M. JAYAPRATHAP,Independent,225,2,227,0.13,22/22,11:30 PM,04-05-2026
S22123,POLLACHI - 123,Coimbatore,S. JEYARAM,Independent,322,1,323,0.18,22/22,11:30 PM,04-05-2026
S22123,POLLACHI - 123,Coimbatore,M. JAYARAM,Independent,593,3,596,0.33,22/22,11:30 PM,04-05-2026
S22123,POLLACHI - 123,Coimbatore,M. JAYARAMAN,Independent,264,5,269,0.15,22/22,11:30 PM,04-05-2026
S22123,POLLACHI - 123,Coimbatore,NOTA,None of the Above,841,8,849,0.47,22/22,11:30 PM,04-05-2026
S22124,VALPARAI - 124,Coimbatore,UMADEVI. P,Naam Tamilar Katchi,5203,53,5256,3.49,19/19,11:30 PM,04-05-2026
S22124,VALPARAI - 124,Coimbatore,KUTTY (ALIAS) SUDHAKAR. A,Dravida Munnetra Kazhagam,54096,575,54671,36.34,19/19,11:30 PM,04-05-2026
S22124,VALPARAI - 124,Coimbatore,LEKSHMANA SINGH. D,All India Anna Dravida Munnetra Kazhagam,43393,335,43728,29.07,19/19,11:30 PM,04-05-2026
S22124,VALPARAI - 124,Coimbatore,DR. SRIDHARAN. A,Tamilaga Vettri Kazhagam,45099,201,45300,30.11,19/19,11:30 PM,04-05-2026
S22124,VALPARAI - 124,Coimbatore,PERUMAL. K,Independent,479,0,479,0.32,19/19,11:30 PM,04-05-2026
S22124,VALPARAI - 124,Coimbatore,LAKSHMI. N,Independent,319,3,322,0.21,19/19,11:30 PM,04-05-2026
S22124,VALPARAI - 124,Coimbatore,NOTA,None of the Above,671,4,675,0.45,19/19,11:30 PM,04-05-2026
S22125,UDUMALAIPETTAI - 125,Tiruppur,RADHAKRISHNAN K.,All India Anna Dravida Munnetra Kazhagam,65156,511,65667,32.26,22/22,11:30 PM,04-05-2026
S22125,UDUMALAIPETTAI - 125,Tiruppur,RAM KUMAR M.,Naam Tamilar Katchi,6629,73,6702,3.29,22/22,11:30 PM,04-05-2026
S22125,UDUMALAIPETTAI - 125,Tiruppur,JAYAKUMAR M.,Dravida Munnetra Kazhagam,67727,822,68549,33.67,22/22,11:30 PM,04-05-2026
S22125,UDUMALAIPETTAI - 125,Tiruppur,SANKAR K.,Tamilaga Vettri Kazhagam,59506,325,59831,29.39,22/22,11:30 PM,04-05-2026
S22125,UDUMALAIPETTAI - 125,Tiruppur,UMAR ALI D.,Independent,314,1,315,0.15,22/22,11:30 PM,04-05-2026
S22125,UDUMALAIPETTAI - 125,Tiruppur,ELSY C.,Independent,82,2,84,0.04,22/22,11:30 PM,04-05-2026
S22125,UDUMALAIPETTAI - 125,Tiruppur,GANESH S.,Independent,120,4,124,0.06,22/22,11:30 PM,04-05-2026
S22125,UDUMALAIPETTAI - 125,Tiruppur,KALIMUTHU S.,Independent,135,0,135,0.07,22/22,11:30 PM,04-05-2026
S22125,UDUMALAIPETTAI - 125,Tiruppur,PADMENDRAPRAKASH A.,Independent,462,8,470,0.23,22/22,11:30 PM,04-05-2026
S22125,UDUMALAIPETTAI - 125,Tiruppur,MAHENDRAN A.,Independent,322,0,322,0.16,22/22,11:30 PM,04-05-2026
S22125,UDUMALAIPETTAI - 125,Tiruppur,RAMASAMY S.,Independent,223,4,227,0.11,22/22,11:30 PM,04-05-2026
S22125,UDUMALAIPETTAI - 125,Tiruppur,NOTA,None of the Above,1128,21,1149,0.56,22/22,11:30 PM,04-05-2026
S22126,MADATHUKULAM - 126,Tiruppur,M RADHAMANI,Naam Tamilar Katchi,6497,81,6578,3.49,22/22,11:27 PM,04-05-2026
S22126,MADATHUKULAM - 126,Tiruppur,R JAYARAMAKRISHNAN,Dravida Munnetra Kazhagam,69595,863,70458,37.43,22/22,11:27 PM,04-05-2026
S22126,MADATHUKULAM - 126,Tiruppur,C SHANMUGAVELU,Amma Makkal Munnettra Kazagam,53982,508,54490,28.95,22/22,11:27 PM,04-05-2026
S22126,MADATHUKULAM - 126,Tiruppur,AK SENTHILKUMAR,Puthiya Tamilagam,615,6,621,0.33,22/22,11:27 PM,04-05-2026
S22126,MADATHUKULAM - 126,Tiruppur,R THIRUMALAI,Tamilaga Vettri Kazhagam,52419,265,52684,27.99,22/22,11:27 PM,04-05-2026
S22126,MADATHUKULAM - 126,Tiruppur,M AHAMED ALI,Independent,206,0,206,0.11,22/22,11:27 PM,04-05-2026
S22126,MADATHUKULAM - 126,Tiruppur,A SHANMUGAVEL,Independent,119,1,120,0.06,22/22,11:27 PM,04-05-2026
S22126,MADATHUKULAM - 126,Tiruppur,K SHANMUGAVEL,Independent,92,0,92,0.05,22/22,11:27 PM,04-05-2026
S22126,MADATHUKULAM - 126,Tiruppur,S SHANMUGAVEL,Independent,297,4,301,0.16,22/22,11:27 PM,04-05-2026
S22126,MADATHUKULAM - 126,Tiruppur,M SHANUGAVEL,Independent,395,2,397,0.21,22/22,11:27 PM,04-05-2026
S22126,MADATHUKULAM - 126,Tiruppur,P THANGARAJ,Independent,263,0,263,0.14,22/22,11:27 PM,04-05-2026
S22126,MADATHUKULAM - 126,Tiruppur,SP MAHENDRAN,Independent,464,0,464,0.25,22/22,11:27 PM,04-05-2026
S22126,MADATHUKULAM - 126,Tiruppur,K VADIVAZHAGAN BALAJI,Independent,662,2,664,0.35,22/22,11:27 PM,04-05-2026
S22126,MADATHUKULAM - 126,Tiruppur,NOTA,None of the Above,897,14,911,0.48,22/22,11:27 PM,04-05-2026
S22127,PALANI - 127,Dindigul,NACHIMUTHU. S,Bahujan Samaj Party,580,5,585,0.28,27/27,11:30 PM,04-05-2026
S22127,PALANI - 127,Dindigul,PANDI. N,Communist Party of India (Marxist),64942,592,65534,31.41,27/27,11:30 PM,04-05-2026
S22127,PALANI - 127,Dindigul,MURUGESWARI. B,Naam Tamilar Katchi,6195,105,6300,3.02,27/27,11:30 PM,04-05-2026
S22127,PALANI - 127,Dindigul,RAVIMANOHARAN. K,All India Anna Dravida Munnetra Kazhagam,66426,560,66986,32.11,27/27,11:30 PM,04-05-2026
S22127,PALANI - 127,Dindigul,DR. PRAVEEN KUMAR. M,Tamilaga Vettri Kazhagam,65742,551,66293,31.78,27/27,11:30 PM,04-05-2026
S22127,PALANI - 127,Dindigul,RAMAMOORTHI. G,Rashtriya Samaj Dal (R),271,2,273,0.13,27/27,11:30 PM,04-05-2026
S22127,PALANI - 127,Dindigul,VAYKKALDURAI. K,Puthiya Tamilagam,148,3,151,0.07,27/27,11:30 PM,04-05-2026
S22127,PALANI - 127,Dindigul,ASHOKKUMAR. G,Independent,253,1,254,0.12,27/27,11:30 PM,04-05-2026
S22127,PALANI - 127,Dindigul,ANBARASU. R,Independent,70,0,70,0.03,27/27,11:30 PM,04-05-2026
S22127,PALANI - 127,Dindigul,THANNASIAPPAN. P,Independent,135,1,136,0.07,27/27,11:30 PM,04-05-2026
S22127,PALANI - 127,Dindigul,THIRUMALAISAMY. B,Independent,90,2,92,0.04,27/27,11:30 PM,04-05-2026
S22127,PALANI - 127,Dindigul,BALACHANDRAN. M,Independent,214,0,214,0.1,27/27,11:30 PM,04-05-2026
S22127,PALANI - 127,Dindigul,PRAVEENKUMAR. R,Independent,283,0,283,0.14,27/27,11:30 PM,04-05-2026
S22127,PALANI - 127,Dindigul,MADHESWARI. R,Independent,178,0,178,0.09,27/27,11:30 PM,04-05-2026
S22127,PALANI - 127,Dindigul,JAYAKUMAR. T,Independent,519,1,520,0.25,27/27,11:30 PM,04-05-2026
S22127,PALANI - 127,Dindigul,NOTA,None of the Above,738,12,750,0.36,27/27,11:30 PM,04-05-2026
S22128,ODDANCHATRAM - 128,Dindigul,SAKKARAPANI. R,Dravida Munnetra Kazhagam,92068,1031,93099,46.17,26/26,11:27 PM,04-05-2026
S22128,ODDANCHATRAM - 128,Dindigul,MURUGARAJ. P,Bahujan Samaj Party,508,8,516,0.26,26/26,11:27 PM,04-05-2026
S22128,ODDANCHATRAM - 128,Dindigul,RAGUPATHI. P,Naam Tamilar Katchi,5382,72,5454,2.71,26/26,11:27 PM,04-05-2026
S22128,ODDANCHATRAM - 128,Dindigul,VIDIYAL S. SEKAR,Bharatiya Janata Party,49494,356,49850,24.72,26/26,11:27 PM,04-05-2026
S22128,ODDANCHATRAM - 128,Dindigul,MOHAN. S,Tamilaga Vettri Kazhagam,48906,249,49155,24.38,26/26,11:27 PM,04-05-2026
S22128,ODDANCHATRAM - 128,Dindigul,ALAGIYANNAN. A,Independent,298,3,301,0.15,26/26,11:27 PM,04-05-2026
S22128,ODDANCHATRAM - 128,Dindigul,ARUMUGAM. M,Independent,89,0,89,0.04,26/26,11:27 PM,04-05-2026
S22128,ODDANCHATRAM - 128,Dindigul,ANANTHRAJ. T,Independent,99,0,99,0.05,26/26,11:27 PM,04-05-2026
S22128,ODDANCHATRAM - 128,Dindigul,KUMARRATHINAM. M,Independent,174,1,175,0.09,26/26,11:27 PM,04-05-2026
S22128,ODDANCHATRAM - 128,Dindigul,CHELLAMUTHU. K,Independent,101,0,101,0.05,26/26,11:27 PM,04-05-2026
S22128,ODDANCHATRAM - 128,Dindigul,NAGUL PRAKASH. A,Independent,240,0,240,0.12,26/26,11:27 PM,04-05-2026
S22128,ODDANCHATRAM - 128,Dindigul,PRABAHARAN. M,Independent,646,0,646,0.32,26/26,11:27 PM,04-05-2026
S22128,ODDANCHATRAM - 128,Dindigul,MANIKANNAN. A,Independent,191,1,192,0.1,26/26,11:27 PM,04-05-2026
S22128,ODDANCHATRAM - 128,Dindigul,RAGHUNATH. K,Independent,216,0,216,0.11,26/26,11:27 PM,04-05-2026
S22128,ODDANCHATRAM - 128,Dindigul,NOTA,None of the Above,1478,13,1491,0.74,26/26,11:27 PM,04-05-2026
S22129,ATHOOR - 129,Dindigul,S. KARTHIGAISELVAN,Bahujan Samaj Party,525,6,531,0.22,26/26,11:27 PM,04-05-2026
S22129,ATHOOR - 129,Dindigul,DR. A. SIMON JUSTIN,Naam Tamilar Katchi,9759,187,9946,4.19,26/26,11:27 PM,04-05-2026
S22129,ATHOOR - 129,Dindigul,I. PERIASAMY,Dravida Munnetra Kazhagam,104467,1773,106240,44.79,26/26,11:27 PM,04-05-2026
S22129,ATHOOR - 129,Dindigul,A. VISWANATHAN,All India Anna Dravida Munnetra Kazhagam,32172,305,32477,13.69,26/26,11:27 PM,04-05-2026
S22129,ATHOOR - 129,Dindigul,N. KALAISELVI,Tamilaga Vettri Kazhagam,83113,759,83872,35.36,26/26,11:27 PM,04-05-2026
S22129,ATHOOR - 129,Dindigul,D. SANKAR,Naadaalum Makkal Katchi,719,1,720,0.3,26/26,11:27 PM,04-05-2026
S22129,ATHOOR - 129,Dindigul,M.K. NAGENDRAN,Aanaithinthiya Jananayaka Pathukappu Kazhagam,575,1,576,0.24,26/26,11:27 PM,04-05-2026
S22129,ATHOOR - 129,Dindigul,S. BALA MURUGAN,Tamizhaga Vaazhvurimai Katchi,177,6,183,0.08,26/26,11:27 PM,04-05-2026
S22129,ATHOOR - 129,Dindigul,K. JAYAPRAKASH,Puthiya Tamilagam,226,4,230,0.1,26/26,11:27 PM,04-05-2026
S22129,ATHOOR - 129,Dindigul,K. KATHIRESAN,Independent,200,0,200,0.08,26/26,11:27 PM,04-05-2026
S22129,ATHOOR - 129,Dindigul,D. NAGARAJ,Independent,154,1,155,0.07,26/26,11:27 PM,04-05-2026
S22129,ATHOOR - 129,Dindigul,M. PERIYASAMY,Independent,225,11,236,0.1,26/26,11:27 PM,04-05-2026
S22129,ATHOOR - 129,Dindigul,P. MANIVEL,Independent,353,0,353,0.15,26/26,11:27 PM,04-05-2026
S22129,ATHOOR - 129,Dindigul,K. VISVANATHAN,Independent,538,0,538,0.23,26/26,11:27 PM,04-05-2026
S22129,ATHOOR - 129,Dindigul,K. VELMURUGAN,Independent,114,0,114,0.05,26/26,11:27 PM,04-05-2026
S22129,ATHOOR - 129,Dindigul,NOTA,None of the Above,797,15,812,0.34,26/26,11:27 PM,04-05-2026
S22130,NILAKKOTTAI - 130,Dindigul,DR.KAILAI RAJAN.D,Naam Tamilar Katchi,8486,129,8615,4.36,25/25,11:27 PM,04-05-2026
S22130,NILAKKOTTAI - 130,Dindigul,THENMOZHI.S,All India Anna Dravida Munnetra Kazhagam,49510,414,49924,25.27,25/25,11:27 PM,04-05-2026
S22130,NILAKKOTTAI - 130,Dindigul,NAGAJOTHI.S,Dravida Munnetra Kazhagam,64944,711,65655,33.23,25/25,11:27 PM,04-05-2026
S22130,NILAKKOTTAI - 130,Dindigul,RAJALAKSHMI.M,Bahujan Samaj Party,501,4,505,0.26,25/25,11:27 PM,04-05-2026
S22130,NILAKKOTTAI - 130,Dindigul,AYYANAR.R,Tamilaga Vettri Kazhagam,67953,627,68580,34.71,25/25,11:27 PM,04-05-2026
S22130,NILAKKOTTAI - 130,Dindigul,ANBALAGAN.G,All India Puratchi Thalaivar Makkal Munnettra Kazhagam,390,9,399,0.2,25/25,11:27 PM,04-05-2026
S22130,NILAKKOTTAI - 130,Dindigul,SANKAR.P,Puthiya Tamilagam,427,14,441,0.22,25/25,11:27 PM,04-05-2026
S22130,NILAKKOTTAI - 130,Dindigul,SELVAM.P B.A. B.L.,Republican Party of India (A),738,25,763,0.39,25/25,11:27 PM,04-05-2026
S22130,NILAKKOTTAI - 130,Dindigul,ALAPPAN.A,Independent,330,1,331,0.17,25/25,11:27 PM,04-05-2026
S22130,NILAKKOTTAI - 130,Dindigul,KARUPPAIAH.S,Independent,59,0,59,0.03,25/25,11:27 PM,04-05-2026
S22130,NILAKKOTTAI - 130,Dindigul,CHELLAM.K,Independent,160,2,162,0.08,25/25,11:27 PM,04-05-2026
S22130,NILAKKOTTAI - 130,Dindigul,PERUMAL.N,Independent,237,1,238,0.12,25/25,11:27 PM,04-05-2026
S22130,NILAKKOTTAI - 130,Dindigul,MANIKANDAN.P,Independent,515,0,515,0.26,25/25,11:27 PM,04-05-2026
S22130,NILAKKOTTAI - 130,Dindigul,MANOHARAN.M,Independent,349,0,349,0.18,25/25,11:27 PM,04-05-2026
S22130,NILAKKOTTAI - 130,Dindigul,VIJAYAPANDIYAN.M,Independent,413,2,415,0.21,25/25,11:27 PM,04-05-2026
S22130,NILAKKOTTAI - 130,Dindigul,NOTA,None of the Above,624,18,642,0.32,25/25,11:27 PM,04-05-2026
S22131,NATHAM - 131,Dindigul,ALAGAMMAL A,Naam Tamilar Katchi,9570,107,9677,4.05,27/27,11:27 PM,04-05-2026
S22131,NATHAM - 131,Dindigul,SELVAKUMAR K,Dravida Munnetra Kazhagam,73336,503,73839,30.88,27/27,11:27 PM,04-05-2026
S22131,NATHAM - 131,Dindigul,NATHAM VISWANATHAN R,All India Anna Dravida Munnetra Kazhagam,85215,493,85708,35.84,27/27,11:27 PM,04-05-2026
S22131,NATHAM - 131,Dindigul,ALEX S,Tamizhaga Vaazhvurimai Katchi,715,0,715,0.3,27/27,11:27 PM,04-05-2026
S22131,NATHAM - 131,Dindigul,RAMESH L N,Tamilaga Vettri Kazhagam,64603,394,64997,27.18,27/27,11:27 PM,04-05-2026
S22131,NATHAM - 131,Dindigul,RAJASEKARAN P,Aanaithinthiya Jananayaka Pathukappu Kazhagam,246,1,247,0.1,27/27,11:27 PM,04-05-2026
S22131,NATHAM - 131,Dindigul,VIJAYAKUMAR S,Puthiya Tamilagam,103,0,103,0.04,27/27,11:27 PM,04-05-2026
S22131,NATHAM - 131,Dindigul,GOPAL R,Independent,307,0,307,0.13,27/27,11:27 PM,04-05-2026
S22131,NATHAM - 131,Dindigul,SATHAM USAIN M,Independent,154,1,155,0.06,27/27,11:27 PM,04-05-2026
S22131,NATHAM - 131,Dindigul,SUNDAR C,Independent,53,0,53,0.02,27/27,11:27 PM,04-05-2026
S22131,NATHAM - 131,Dindigul,DHANDABANI K,Independent,79,2,81,0.03,27/27,11:27 PM,04-05-2026
S22131,NATHAM - 131,Dindigul,TAMILSELVAN C,Independent,108,3,111,0.05,27/27,11:27 PM,04-05-2026
S22131,NATHAM - 131,Dindigul,MANIKANDAN V,Independent,137,1,138,0.06,27/27,11:27 PM,04-05-2026
S22131,NATHAM - 131,Dindigul,MARIA AROCKIAM S,Independent,245,0,245,0.1,27/27,11:27 PM,04-05-2026
S22131,NATHAM - 131,Dindigul,MURUGAN K,Independent,273,0,273,0.11,27/27,11:27 PM,04-05-2026
S22131,NATHAM - 131,Dindigul,MURUGESAN C,Independent,289,0,289,0.12,27/27,11:27 PM,04-05-2026
S22131,NATHAM - 131,Dindigul,RAMA JANARTHANAN S,Independent,233,0,233,0.1,27/27,11:27 PM,04-05-2026
S22131,NATHAM - 131,Dindigul,VADIVEL K,Independent,584,0,584,0.24,27/27,11:27 PM,04-05-2026
S22131,NATHAM - 131,Dindigul,VIJAYAKUMAR S,Independent,465,0,465,0.19,27/27,11:27 PM,04-05-2026
S22131,NATHAM - 131,Dindigul,VENKATESAN G,Independent,148,1,149,0.06,27/27,11:27 PM,04-05-2026
S22131,NATHAM - 131,Dindigul,VENKATESH P,Independent,175,0,175,0.07,27/27,11:27 PM,04-05-2026
S22131,NATHAM - 131,Dindigul,NOTA,None of the Above,585,11,596,0.25,27/27,11:27 PM,04-05-2026
S22132,DINDIGUL - 132,Dindigul,SREENIVASAN. C,All India Anna Dravida Munnetra Kazhagam,53228,758,53986,25.46,26/26,11:27 PM,04-05-2026
S22132,DINDIGUL - 132,Dindigul,SENTHILKUMAR. I.P,Dravida Munnetra Kazhagam,73160,1329,74489,35.13,26/26,11:27 PM,04-05-2026
S22132,DINDIGUL - 132,Dindigul,MUTHARASI. S,Naam Tamilar Katchi,7142,157,7299,3.44,26/26,11:27 PM,04-05-2026
S22132,DINDIGUL - 132,Dindigul,GOPI KRISHNAN PILLAI. S,Rashtriya Samaj Dal (R),95,1,96,0.05,26/26,11:27 PM,04-05-2026
S22132,DINDIGUL - 132,Dindigul,SHEIK BAREETH.B,Tamizhaga Vaazhvurimai Katchi,246,3,249,0.12,26/26,11:27 PM,04-05-2026
S22132,DINDIGUL - 132,Dindigul,NAZEER RAJA. G,Tamilaga Vettri Kazhagam,72510,848,73358,34.6,26/26,11:27 PM,04-05-2026
S22132,DINDIGUL - 132,Dindigul,PRADEEP. M,Puthiya Tamilagam,193,10,203,0.1,26/26,11:27 PM,04-05-2026
S22132,DINDIGUL - 132,Dindigul,RAMUTHEVAR. P,All India Puratchi Thalaivar Makkal Munnettra Kazhagam,179,5,184,0.09,26/26,11:27 PM,04-05-2026
S22132,DINDIGUL - 132,Dindigul,ANIS BABU. M,Independent,75,0,75,0.04,26/26,11:27 PM,04-05-2026
S22132,DINDIGUL - 132,Dindigul,AROCKIA DASS. J,Independent,54,2,56,0.03,26/26,11:27 PM,04-05-2026
S22132,DINDIGUL - 132,Dindigul,UMAR ALI. R,Independent,100,3,103,0.05,26/26,11:27 PM,04-05-2026
S22132,DINDIGUL - 132,Dindigul,GANESH PERUMAL. D,Independent,44,1,45,0.02,26/26,11:27 PM,04-05-2026
S22132,DINDIGUL - 132,Dindigul,KARMEGAM. R,Independent,54,0,54,0.03,26/26,11:27 PM,04-05-2026
S22132,DINDIGUL - 132,Dindigul,SARANYA. M,Independent,87,1,88,0.04,26/26,11:27 PM,04-05-2026
S22132,DINDIGUL - 132,Dindigul,SEENIVASAN. P,Independent,175,1,176,0.08,26/26,11:27 PM,04-05-2026
S22132,DINDIGUL - 132,Dindigul,SELVADHAYANITHI. M,Independent,252,0,252,0.12,26/26,11:27 PM,04-05-2026
S22132,DINDIGUL - 132,Dindigul,NAGARAJ. N,Independent,211,0,211,0.1,26/26,11:27 PM,04-05-2026
S22132,DINDIGUL - 132,Dindigul,BABU. S,Independent,197,0,197,0.09,26/26,11:27 PM,04-05-2026
S22132,DINDIGUL - 132,Dindigul,MUNIYAPPAN. M,Independent,32,0,32,0.02,26/26,11:27 PM,04-05-2026
S22132,DINDIGUL - 132,Dindigul,RAJENDRAN. G,Independent,37,1,38,0.02,26/26,11:27 PM,04-05-2026
S22132,DINDIGUL - 132,Dindigul,NOTA,None of the Above,804,29,833,0.39,26/26,11:27 PM,04-05-2026
S22133,VEDASANDUR - 133,Dindigul,KHAJA HUSSAIN AHAMED. A,Naam Tamilar Katchi,7000,95,7095,3.13,27/27,11:30 PM,04-05-2026
S22133,VEDASANDUR - 133,Dindigul,SAMINATHAN. T,Dravida Munnetra Kazhagam,84196,752,84948,37.5,27/27,11:30 PM,04-05-2026
S22133,VEDASANDUR - 133,Dindigul,PARAMASIVAM. V.P.B.,All India Anna Dravida Munnetra Kazhagam,74188,697,74885,33.05,27/27,11:30 PM,04-05-2026
S22133,VEDASANDUR - 133,Dindigul,DR.NAKAJOTHI. N,Tamilaga Vettri Kazhagam,56444,360,56804,25.07,27/27,11:30 PM,04-05-2026
S22133,VEDASANDUR - 133,Dindigul,BOOMIRAJ. K,Samaniya Makkal Nala Katchi,183,1,184,0.08,27/27,11:30 PM,04-05-2026
S22133,VEDASANDUR - 133,Dindigul,RAMESH. T,Tamizhaga Vaazhvurimai Katchi,131,0,131,0.06,27/27,11:30 PM,04-05-2026
S22133,VEDASANDUR - 133,Dindigul,RAVI. R,Communist Party of India (Marxist-Leninist) (Liberation),151,2,153,0.07,27/27,11:30 PM,04-05-2026
S22133,VEDASANDUR - 133,Dindigul,SURESH. B,Independent,71,1,72,0.03,27/27,11:30 PM,04-05-2026
S22133,VEDASANDUR - 133,Dindigul,SELVARAJ. V,Independent,94,0,94,0.04,27/27,11:30 PM,04-05-2026
S22133,VEDASANDUR - 133,Dindigul,DHIVAKAR. A,Independent,54,1,55,0.02,27/27,11:30 PM,04-05-2026
S22133,VEDASANDUR - 133,Dindigul,NATCHIMUTHU. R,Independent,77,1,78,0.03,27/27,11:30 PM,04-05-2026
S22133,VEDASANDUR - 133,Dindigul,MANIKANDAPRABHU. N C,Independent,292,2,294,0.13,27/27,11:30 PM,04-05-2026
S22133,VEDASANDUR - 133,Dindigul,MANEESHANKAR. M.G.,Independent,205,0,205,0.09,27/27,11:30 PM,04-05-2026
S22133,VEDASANDUR - 133,Dindigul,MARIMUTHU. S,Independent,355,0,355,0.16,27/27,11:30 PM,04-05-2026
S22133,VEDASANDUR - 133,Dindigul,MURUGAN. V,Independent,727,0,727,0.32,27/27,11:30 PM,04-05-2026
S22133,VEDASANDUR - 133,Dindigul,NOTA,None of the Above,466,8,474,0.21,27/27,11:30 PM,04-05-2026
S22134,ARAVAKURICHI - 134,Karur,ELANGO. R,Dravida Munnetra Kazhagam,70058,769,70827,39.11,22/22,11:27 PM,04-05-2026
S22134,ARAVAKURICHI - 134,Karur,SUGANYA. S,Bahujan Samaj Party,354,5,359,0.2,22/22,11:27 PM,04-05-2026
S22134,ARAVAKURICHI - 134,Karur,SELVAKUMAR. K,All India Anna Dravida Munnetra Kazhagam,48823,466,49289,27.22,22/22,11:27 PM,04-05-2026
S22134,ARAVAKURICHI - 134,Karur,NAREN. S,Naam Tamilar Katchi,5083,71,5154,2.85,22/22,11:27 PM,04-05-2026
S22134,ARAVAKURICHI - 134,Karur,ASIYA BEGUM,All India Puratchi Thalaivar Makkal Munnettra Kazhagam,290,0,290,0.16,22/22,11:27 PM,04-05-2026
S22134,ARAVAKURICHI - 134,Karur,KARTHIKEYAN. P,Tamilaga Vettri Kazhagam,51118,327,51445,28.41,22/22,11:27 PM,04-05-2026
S22134,ARAVAKURICHI - 134,Karur,SAKTHIVEL. R,Viduthalai Kalam Katchi,210,1,211,0.12,22/22,11:27 PM,04-05-2026
S22134,ARAVAKURICHI - 134,Karur,RAVI. AG,Tamizhaga Vaazhvurimai Katchi,392,6,398,0.22,22/22,11:27 PM,04-05-2026
S22134,ARAVAKURICHI - 134,Karur,ARASUMANI. G,Independent,61,0,61,0.03,22/22,11:27 PM,04-05-2026
S22134,ARAVAKURICHI - 134,Karur,ARIVALAGAN. M,Independent,51,0,51,0.03,22/22,11:27 PM,04-05-2026
S22134,ARAVAKURICHI - 134,Karur,KATHIRESAN. M,Independent,49,0,49,0.03,22/22,11:27 PM,04-05-2026
S22134,ARAVAKURICHI - 134,Karur,KAVIYARASU. T,Independent,49,1,50,0.03,22/22,11:27 PM,04-05-2026
S22134,ARAVAKURICHI - 134,Karur,KIRUBANANTH. S,Independent,61,0,61,0.03,22/22,11:27 PM,04-05-2026
S22134,ARAVAKURICHI - 134,Karur,SILAMBARASAN. P,Independent,114,0,114,0.06,22/22,11:27 PM,04-05-2026
S22134,ARAVAKURICHI - 134,Karur,SIVALINGAM. T,Independent,120,2,122,0.07,22/22,11:27 PM,04-05-2026
S22134,ARAVAKURICHI - 134,Karur,SOWMIYA. R,Independent,284,0,284,0.16,22/22,11:27 PM,04-05-2026
S22134,ARAVAKURICHI - 134,Karur,TAMILARASAN. M,Independent,346,0,346,0.19,22/22,11:27 PM,04-05-2026
S22134,ARAVAKURICHI - 134,Karur,NATARAJAN. P,Independent,326,0,326,0.18,22/22,11:27 PM,04-05-2026
S22134,ARAVAKURICHI - 134,Karur,NARENDRAKUMAR. G,Independent,158,0,158,0.09,22/22,11:27 PM,04-05-2026
S22134,ARAVAKURICHI - 134,Karur,NATCHIMUTHU. V,Independent,92,0,92,0.05,22/22,11:27 PM,04-05-2026
S22134,ARAVAKURICHI - 134,Karur,PRAVEEN. S,Independent,47,0,47,0.03,22/22,11:27 PM,04-05-2026
S22134,ARAVAKURICHI - 134,Karur,BOOPATHY. S,Independent,283,1,284,0.16,22/22,11:27 PM,04-05-2026
S22134,ARAVAKURICHI - 134,Karur,MANIKANDAN. T,Independent,86,0,86,0.05,22/22,11:27 PM,04-05-2026
S22134,ARAVAKURICHI - 134,Karur,MATHIYALAGAN. P,Independent,58,0,58,0.03,22/22,11:27 PM,04-05-2026
S22134,ARAVAKURICHI - 134,Karur,MURUGESAN. R,Independent,33,0,33,0.02,22/22,11:27 PM,04-05-2026
S22134,ARAVAKURICHI - 134,Karur,MOHANKUMAR. K,Independent,47,0,47,0.03,22/22,11:27 PM,04-05-2026
S22134,ARAVAKURICHI - 134,Karur,RAGUPATHI. S,Independent,35,0,35,0.02,22/22,11:27 PM,04-05-2026
S22134,ARAVAKURICHI - 134,Karur,RAMALINGAM. V,Independent,38,0,38,0.02,22/22,11:27 PM,04-05-2026
S22134,ARAVAKURICHI - 134,Karur,RAJASEKARAN. N,Independent,70,0,70,0.04,22/22,11:27 PM,04-05-2026
S22134,ARAVAKURICHI - 134,Karur,RAJENDARAN. N,Independent,56,0,56,0.03,22/22,11:27 PM,04-05-2026
S22134,ARAVAKURICHI - 134,Karur,NOTA,None of the Above,626,11,637,0.35,22/22,11:27 PM,04-05-2026
S22135,KARUR - 135,Karur,KARUPPAIYA. R,Naam Tamilar Katchi,5390,75,5465,2.52,21/21,11:30 PM,04-05-2026
S22135,KARUR - 135,Karur,AASEE.M. THIAGARAJAN,Dravida Munnetra Kazhagam,66432,824,67256,31.02,21/21,11:30 PM,04-05-2026
S22135,KARUR - 135,Karur,M.R. VIJAYABHASKAR,All India Anna Dravida Munnetra Kazhagam,70887,655,71542,32.99,21/21,11:30 PM,04-05-2026
S22135,KARUR - 135,Karur,JAYAGOPAL. P,Bahujan Samaj Party,301,1,302,0.14,21/21,11:30 PM,04-05-2026
S22135,KARUR - 135,Karur,KALIMUTHU. V,Samaniya Makkal Nala Katchi,51,0,51,0.02,21/21,11:30 PM,04-05-2026
S22135,KARUR - 135,Karur,GUNASEKARAN. K,Tamizhaga Vaazhvurimai Katchi,250,2,252,0.12,21/21,11:30 PM,04-05-2026
S22135,KARUR - 135,Karur,MATHIYALAGAN V.P,Tamilaga Vettri Kazhagam,69333,388,69721,32.15,21/21,11:30 PM,04-05-2026
S22135,KARUR - 135,Karur,RAMACHANDRAN. A,Ganasangam Party of India,99,2,101,0.05,21/21,11:30 PM,04-05-2026
S22135,KARUR - 135,Karur,ASARUDHEEN. A,Independent,44,1,45,0.02,21/21,11:30 PM,04-05-2026
S22135,KARUR - 135,Karur,ARULMANIARASU. P,Independent,43,0,43,0.02,21/21,11:30 PM,04-05-2026
S22135,KARUR - 135,Karur,ANBARASAN. N,Independent,30,0,30,0.01,21/21,11:30 PM,04-05-2026
S22135,KARUR - 135,Karur,ANBAZHAGAN. T,Independent,65,2,67,0.03,21/21,11:30 PM,04-05-2026
S22135,KARUR - 135,Karur,ELAMATHI. S,Independent,59,0,59,0.03,21/21,11:30 PM,04-05-2026
S22135,KARUR - 135,Karur,KATHIRAVAN. P,Independent,103,0,103,0.05,21/21,11:30 PM,04-05-2026
S22135,KARUR - 135,Karur,KATHIRVEL. K,Independent,143,0,143,0.07,21/21,11:30 PM,04-05-2026
S22135,KARUR - 135,Karur,KANDASAMY. P,Independent,133,1,134,0.06,21/21,11:30 PM,04-05-2026
S22135,KARUR - 135,Karur,KARUNAMOORTHY. S,Independent,34,0,34,0.02,21/21,11:30 PM,04-05-2026
S22135,KARUR - 135,Karur,KALAIRAJ. K,Independent,35,0,35,0.02,21/21,11:30 PM,04-05-2026
S22135,KARUR - 135,Karur,KANAGARAJ. S,Independent,27,0,27,0.01,21/21,11:30 PM,04-05-2026
S22135,KARUR - 135,Karur,KANAGARAJ. P,Independent,11,0,11,0.01,21/21,11:30 PM,04-05-2026
S22135,KARUR - 135,Karur,KARTHIKPERUMAL. R,Independent,8,0,8,0,21/21,11:30 PM,04-05-2026
S22135,KARUR - 135,Karur,KALIMUTHU. R,Independent,16,0,16,0.01,21/21,11:30 PM,04-05-2026
S22135,KARUR - 135,Karur,KRISHNAKUMAR. K,Independent,53,0,53,0.02,21/21,11:30 PM,04-05-2026
S22135,KARUR - 135,Karur,GOPALA KRISHNAN. A,Independent,8,0,8,0,21/21,11:30 PM,04-05-2026
S22135,KARUR - 135,Karur,SATHISH KUMAR. S,Independent,15,0,15,0.01,21/21,11:30 PM,04-05-2026
S22135,KARUR - 135,Karur,SATHISH. P,Independent,12,0,12,0.01,21/21,11:30 PM,04-05-2026
S22135,KARUR - 135,Karur,SAMPATH. S,Independent,28,0,28,0.01,21/21,11:30 PM,04-05-2026
S22135,KARUR - 135,Karur,SARAVANAN. R,Independent,9,0,9,0,21/21,11:30 PM,04-05-2026
S22135,KARUR - 135,Karur,SIVAKUMAR. A,Independent,17,0,17,0.01,21/21,11:30 PM,04-05-2026
S22135,KARUR - 135,Karur,SIVAKUMAR. N,Independent,24,3,27,0.01,21/21,11:30 PM,04-05-2026
S22135,KARUR - 135,Karur,SIVAKUMAR. V,Independent,19,2,21,0.01,21/21,11:30 PM,04-05-2026
S22135,KARUR - 135,Karur,SEETHA LAKSHMI. D,Independent,28,0,28,0.01,21/21,11:30 PM,04-05-2026
S22135,KARUR - 135,Karur,SUBASH MALAYALAM. T,Independent,38,1,39,0.02,21/21,11:30 PM,04-05-2026
S22135,KARUR - 135,Karur,SURIYAKUMAR. J,Independent,16,0,16,0.01,21/21,11:30 PM,04-05-2026
S22135,KARUR - 135,Karur,SENBAGAKUMAR. L,Independent,27,1,28,0.01,21/21,11:30 PM,04-05-2026
S22135,KARUR - 135,Karur,SENTHILKUMAR. G,Independent,8,0,8,0,21/21,11:30 PM,04-05-2026
S22135,KARUR - 135,Karur,SENTHILKUMAR. M,Independent,8,0,8,0,21/21,11:30 PM,04-05-2026
S22135,KARUR - 135,Karur,SOUNDARA RAJAN. R,Independent,2,1,3,0,21/21,11:30 PM,04-05-2026
S22135,KARUR - 135,Karur,SOUNDARYAN. K,Independent,13,0,13,0.01,21/21,11:30 PM,04-05-2026
S22135,KARUR - 135,Karur,DANIYA. P,Independent,7,0,7,0,21/21,11:30 PM,04-05-2026
S22135,KARUR - 135,Karur,THANGAVELRAJ. S,Independent,8,0,8,0,21/21,11:30 PM,04-05-2026
S22135,KARUR - 135,Karur,THAMILALAGAN. A,Independent,9,0,9,0,21/21,11:30 PM,04-05-2026
S22135,KARUR - 135,Karur,THIYAGARAJAN. M,Independent,11,0,11,0.01,21/21,11:30 PM,04-05-2026
S22135,KARUR - 135,Karur,THIRUGNANAM. M,Independent,10,0,10,0,21/21,11:30 PM,04-05-2026
S22135,KARUR - 135,Karur,DINESH. B,Independent,8,0,8,0,21/21,11:30 PM,04-05-2026
S22135,KARUR - 135,Karur,DINESH KUMAR. K,Independent,14,0,14,0.01,21/21,11:30 PM,04-05-2026
S22135,KARUR - 135,Karur,DURAISAMY. J,Independent,5,0,5,0,21/21,11:30 PM,04-05-2026
S22135,KARUR - 135,Karur,DEVASTIN AUGUSTIN. G,Independent,18,0,18,0.01,21/21,11:30 PM,04-05-2026
S22135,KARUR - 135,Karur,NANDHAKUMAR. A,Independent,14,0,14,0.01,21/21,11:30 PM,04-05-2026
S22135,KARUR - 135,Karur,PARAMESWARI,Independent,20,0,20,0.01,21/21,11:30 PM,04-05-2026
S22135,KARUR - 135,Karur,PALAMUTHIR SELVAN. O,Independent,17,0,17,0.01,21/21,11:30 PM,04-05-2026
S22135,KARUR - 135,Karur,PALANIRAJAN. K,Independent,11,0,11,0.01,21/21,11:30 PM,04-05-2026
S22135,KARUR - 135,Karur,PALANIVEL. P,Independent,4,0,4,0,21/21,11:30 PM,04-05-2026
S22135,KARUR - 135,Karur,BABU. G,Independent,22,2,24,0.01,21/21,11:30 PM,04-05-2026
S22135,KARUR - 135,Karur,BHARATHI. P,Independent,19,0,19,0.01,21/21,11:30 PM,04-05-2026
S22135,KARUR - 135,Karur,BASKAR. P,Independent,4,0,4,0,21/21,11:30 PM,04-05-2026
S22135,KARUR - 135,Karur,PRAKASH. N,Independent,3,0,3,0,21/21,11:30 PM,04-05-2026
S22135,KARUR - 135,Karur,PRASANTH. S,Independent,5,0,5,0,21/21,11:30 PM,04-05-2026
S22135,KARUR - 135,Karur,PRAVEENKUMAR. J,Independent,36,1,37,0.02,21/21,11:30 PM,04-05-2026
S22135,KARUR - 135,Karur,MANIKANDAN,Independent,5,0,5,0,21/21,11:30 PM,04-05-2026
S22135,KARUR - 135,Karur,MATHANRAJ. P,Independent,5,0,5,0,21/21,11:30 PM,04-05-2026
S22135,KARUR - 135,Karur,MAILVAGANAN. B,Independent,28,0,28,0.01,21/21,11:30 PM,04-05-2026
S22135,KARUR - 135,Karur,MANOJ. P,Independent,11,0,11,0.01,21/21,11:30 PM,04-05-2026
S22135,KARUR - 135,Karur,MARIAMMAL. P.M,Independent,16,0,16,0.01,21/21,11:30 PM,04-05-2026
S22135,KARUR - 135,Karur,MOHAMAD ISMAIL. M,Independent,21,0,21,0.01,21/21,11:30 PM,04-05-2026
S22135,KARUR - 135,Karur,MUTHU. K.R,Independent,23,0,23,0.01,21/21,11:30 PM,04-05-2026
S22135,KARUR - 135,Karur,MURALI. M,Independent,47,0,47,0.02,21/21,11:30 PM,04-05-2026
S22135,KARUR - 135,Karur,YOONUS ALI. R,Independent,11,0,11,0.01,21/21,11:30 PM,04-05-2026
S22135,KARUR - 135,Karur,RAGURAMAN MURUGANANTHAM,Independent,3,1,4,0,21/21,11:30 PM,04-05-2026
S22135,KARUR - 135,Karur,RAJAPANDIAN. K,Independent,8,0,8,0,21/21,11:30 PM,04-05-2026
S22135,KARUR - 135,Karur,VANITHA. K.M,Independent,14,0,14,0.01,21/21,11:30 PM,04-05-2026
S22135,KARUR - 135,Karur,VIGNESHWARAN. D,Independent,2,0,2,0,21/21,11:30 PM,04-05-2026
S22135,KARUR - 135,Karur,VINEETH. B,Independent,3,0,3,0,21/21,11:30 PM,04-05-2026
S22135,KARUR - 135,Karur,VINOTHKUMAR. N,Independent,4,1,5,0,21/21,11:30 PM,04-05-2026
S22135,KARUR - 135,Karur,VIJAYA BASKAR. R.V,Independent,9,0,9,0,21/21,11:30 PM,04-05-2026
S22135,KARUR - 135,Karur,VIJAYAN. K,Independent,4,0,4,0,21/21,11:30 PM,04-05-2026
S22135,KARUR - 135,Karur,STEPHENRAJ. L,Independent,15,0,15,0.01,21/21,11:30 PM,04-05-2026
S22135,KARUR - 135,Karur,HARI RAAJ. B,Independent,12,1,13,0.01,21/21,11:30 PM,04-05-2026
S22135,KARUR - 135,Karur,HARIHARAN. S,Independent,20,0,20,0.01,21/21,11:30 PM,04-05-2026
S22135,KARUR - 135,Karur,NOTA,None of the Above,524,15,539,0.25,21/21,11:30 PM,04-05-2026
S22136,KRISHNARAYAPURAM - 136,Karur,GOMATHI. M,Bahujan Samaj Party,305,1,306,0.16,21/21,11:27 PM,04-05-2026
S22136,KRISHNARAYAPURAM - 136,Karur,SATHIYA. V,Naam Tamilar Katchi,6018,84,6102,3.22,21/21,11:27 PM,04-05-2026
S22136,KRISHNARAYAPURAM - 136,Karur,DR. DHIVYA. S,All India Anna Dravida Munnetra Kazhagam,58372,503,58875,31.09,21/21,11:27 PM,04-05-2026
S22136,KRISHNARAYAPURAM - 136,Karur,RAJA. C.K,Dravida Munnetra Kazhagam,56628,664,57292,30.26,21/21,11:27 PM,04-05-2026
S22136,KRISHNARAYAPURAM - 136,Karur,SATHYA. M,Tamilaga Vettri Kazhagam,61989,389,62378,32.94,21/21,11:27 PM,04-05-2026
S22136,KRISHNARAYAPURAM - 136,Karur,SARAVANAN. V,Tamizhaga Vaazhvurimai Katchi,167,0,167,0.09,21/21,11:27 PM,04-05-2026
S22136,KRISHNARAYAPURAM - 136,Karur,SOUNDRAPANDIAN. S,Ganasangam Party of India,116,2,118,0.06,21/21,11:27 PM,04-05-2026
S22136,KRISHNARAYAPURAM - 136,Karur,BALSAMY. B,Naadaalum Makkal Katchi,227,3,230,0.12,21/21,11:27 PM,04-05-2026
S22136,KRISHNARAYAPURAM - 136,Karur,RAJAGURU.M,Samaniya Makkal Nala Katchi,79,0,79,0.04,21/21,11:27 PM,04-05-2026
S22136,KRISHNARAYAPURAM - 136,Karur,INDRAGANDHI. P,Independent,68,0,68,0.04,21/21,11:27 PM,04-05-2026
S22136,KRISHNARAYAPURAM - 136,Karur,GANESAN. P,Independent,172,0,172,0.09,21/21,11:27 PM,04-05-2026
S22136,KRISHNARAYAPURAM - 136,Karur,SAKTHIVEL. A,Independent,225,1,226,0.12,21/21,11:27 PM,04-05-2026
S22136,KRISHNARAYAPURAM - 136,Karur,SASIKUMAR. M,Independent,305,1,306,0.16,21/21,11:27 PM,04-05-2026
S22136,KRISHNARAYAPURAM - 136,Karur,SENTHIL. P.M,Independent,209,3,212,0.11,21/21,11:27 PM,04-05-2026
S22136,KRISHNARAYAPURAM - 136,Karur,CHELLADURAI. M,Independent,171,0,171,0.09,21/21,11:27 PM,04-05-2026
S22136,KRISHNARAYAPURAM - 136,Karur,SELVAKUMAR. S,Independent,204,1,205,0.11,21/21,11:27 PM,04-05-2026
S22136,KRISHNARAYAPURAM - 136,Karur,DINESH KUMAR.A,Independent,123,0,123,0.06,21/21,11:27 PM,04-05-2026
S22136,KRISHNARAYAPURAM - 136,Karur,DINESH KUMAR. N,Independent,116,0,116,0.06,21/21,11:27 PM,04-05-2026
S22136,KRISHNARAYAPURAM - 136,Karur,NAVEENTH. M,Independent,256,1,257,0.14,21/21,11:27 PM,04-05-2026
S22136,KRISHNARAYAPURAM - 136,Karur,PARAMESWARAN. M,Independent,376,0,376,0.2,21/21,11:27 PM,04-05-2026
S22136,KRISHNARAYAPURAM - 136,Karur,PRASANTH. D,Independent,228,0,228,0.12,21/21,11:27 PM,04-05-2026
S22136,KRISHNARAYAPURAM - 136,Karur,BABY. P,Independent,70,1,71,0.04,21/21,11:27 PM,04-05-2026
S22136,KRISHNARAYAPURAM - 136,Karur,PORSELVAN. B.S,Independent,45,0,45,0.02,21/21,11:27 PM,04-05-2026
S22136,KRISHNARAYAPURAM - 136,Karur,MAHAMUNI. A,Independent,63,1,64,0.03,21/21,11:27 PM,04-05-2026
S22136,KRISHNARAYAPURAM - 136,Karur,MANICKAVEL. R,Independent,266,1,267,0.14,21/21,11:27 PM,04-05-2026
S22136,KRISHNARAYAPURAM - 136,Karur,MURUGAN. S,Independent,165,0,165,0.09,21/21,11:27 PM,04-05-2026
S22136,KRISHNARAYAPURAM - 136,Karur,MURUGANANDHAM. P.K,Independent,92,0,92,0.05,21/21,11:27 PM,04-05-2026
S22136,KRISHNARAYAPURAM - 136,Karur,VIMALRAJ. S,Independent,121,0,121,0.06,21/21,11:27 PM,04-05-2026
S22136,KRISHNARAYAPURAM - 136,Karur,NOTA,None of the Above,517,8,525,0.28,21/21,11:27 PM,04-05-2026
S22137,KULITHALAI - 137,Karur,S.KARUNAKARAN,All India Anna Dravida Munnetra Kazhagam,59791,526,60317,28.85,21/21,11:27 PM,04-05-2026
S22137,KULITHALAI - 137,Karur,SURIYANUR. A. CHANDRAN,Dravida Munnetra Kazhagam,67204,934,68138,32.59,21/21,11:27 PM,04-05-2026
S22137,KULITHALAI - 137,Karur,SELVA.NANMAARAN,Naam Tamilar Katchi,7870,108,7978,3.82,21/21,11:27 PM,04-05-2026
S22137,KULITHALAI - 137,Karur,G.BALASUBRAMANI,Tamilaga Vettri Kazhagam,67162,397,67559,32.31,21/21,11:27 PM,04-05-2026
S22137,KULITHALAI - 137,Karur,P.MURUGAN,Ganasangam Party of India,328,2,330,0.16,21/21,11:27 PM,04-05-2026
S22137,KULITHALAI - 137,Karur,M.ARUNKUMAR,Independent,113,0,113,0.05,21/21,11:27 PM,04-05-2026
S22137,KULITHALAI - 137,Karur,R.ARUNKUMAR,Independent,53,0,53,0.03,21/21,11:27 PM,04-05-2026
S22137,KULITHALAI - 137,Karur,S.IMRANKHAN,Independent,67,1,68,0.03,21/21,11:27 PM,04-05-2026
S22137,KULITHALAI - 137,Karur,O.KATHALINGAM,Independent,95,0,95,0.05,21/21,11:27 PM,04-05-2026
S22137,KULITHALAI - 137,Karur,M.GAYATHIRI,Independent,82,2,84,0.04,21/21,11:27 PM,04-05-2026
S22137,KULITHALAI - 137,Karur,B.KAJAHMOHIDEEN,Independent,79,4,83,0.04,21/21,11:27 PM,04-05-2026
S22137,KULITHALAI - 137,Karur,CHANDRASEKAR.P,Independent,132,1,133,0.06,21/21,11:27 PM,04-05-2026
S22137,KULITHALAI - 137,Karur,J.SANTHOSH KUMAR,Independent,206,0,206,0.1,21/21,11:27 PM,04-05-2026
S22137,KULITHALAI - 137,Karur,B.SAMPATHKUMAR,Independent,160,2,162,0.08,21/21,11:27 PM,04-05-2026
S22137,KULITHALAI - 137,Karur,D.SARAVANAN,Independent,380,1,381,0.18,21/21,11:27 PM,04-05-2026
S22137,KULITHALAI - 137,Karur,V.CHINNASAMY,Independent,487,1,488,0.23,21/21,11:27 PM,04-05-2026
S22137,KULITHALAI - 137,Karur,S.SENTHILKUMAR,Independent,606,1,607,0.29,21/21,11:27 PM,04-05-2026
S22137,KULITHALAI - 137,Karur,P.SELVAKUMAR,Independent,452,0,452,0.22,21/21,11:27 PM,04-05-2026
S22137,KULITHALAI - 137,Karur,T.SELVARAJ,Independent,217,0,217,0.1,21/21,11:27 PM,04-05-2026
S22137,KULITHALAI - 137,Karur,K.SHEIKANWARDEEN,Independent,302,0,302,0.14,21/21,11:27 PM,04-05-2026
S22137,KULITHALAI - 137,Karur,M.TAMILSELVAN,Independent,66,1,67,0.03,21/21,11:27 PM,04-05-2026
S22137,KULITHALAI - 137,Karur,J.PRADHAP,Independent,35,1,36,0.02,21/21,11:27 PM,04-05-2026
S22137,KULITHALAI - 137,Karur,M.MAYILVAGANAN,Independent,46,0,46,0.02,21/21,11:27 PM,04-05-2026
S22137,KULITHALAI - 137,Karur,J.MADHAVAN,Independent,41,0,41,0.02,21/21,11:27 PM,04-05-2026
S22137,KULITHALAI - 137,Karur,T.MURUGANANTHAM,Independent,82,0,82,0.04,21/21,11:27 PM,04-05-2026
S22137,KULITHALAI - 137,Karur,N.RAMAKRISHNAN,Independent,63,0,63,0.03,21/21,11:27 PM,04-05-2026
S22137,KULITHALAI - 137,Karur,M.VADIVELAN,Independent,117,0,117,0.06,21/21,11:27 PM,04-05-2026
S22137,KULITHALAI - 137,Karur,K.VEERAMALAI,Independent,79,0,79,0.04,21/21,11:27 PM,04-05-2026
S22137,KULITHALAI - 137,Karur,K.HAKKIM,Independent,182,0,182,0.09,21/21,11:27 PM,04-05-2026
S22137,KULITHALAI - 137,Karur,NOTA,None of the Above,602,10,612,0.29,21/21,11:27 PM,04-05-2026
S22138,MANAPPARAI - 138,Trichy,P. ABDUL SAMED,Dravida Munnetra Kazhagam,60142,1213,61355,25.44,26/26,11:27 PM,04-05-2026
S22138,MANAPPARAI - 138,Trichy,M. ARUNAGIRI,Naam Tamilar Katchi,9911,159,10070,4.17,26/26,11:27 PM,04-05-2026
S22138,MANAPPARAI - 138,Trichy,DR. PL. VIJAYAKUMAR,All India Anna Dravida Munnetra Kazhagam,80601,1014,81615,33.83,26/26,11:27 PM,04-05-2026
S22138,MANAPPARAI - 138,Trichy,AROCKIARAJ .A,Samaniya Makkal Nala Katchi,715,6,721,0.3,26/26,11:27 PM,04-05-2026
S22138,MANAPPARAI - 138,Trichy,R. KATHIRAVAN,Tamilaga Vettri Kazhagam,82268,773,83041,34.43,26/26,11:27 PM,04-05-2026
S22138,MANAPPARAI - 138,Trichy,P. MEENA,Puthiya Tamilagam,273,2,275,0.11,26/26,11:27 PM,04-05-2026
S22138,MANAPPARAI - 138,Trichy,RAJAVARMAN .R,Tamizhaga Vaazhvurimai Katchi,154,1,155,0.06,26/26,11:27 PM,04-05-2026
S22138,MANAPPARAI - 138,Trichy,A. RAMAN,Independent,106,1,107,0.04,26/26,11:27 PM,04-05-2026
S22138,MANAPPARAI - 138,Trichy,KATHIRAVAN .M,Independent,178,2,180,0.07,26/26,11:27 PM,04-05-2026
S22138,MANAPPARAI - 138,Trichy,M. KARUPPAN,Independent,273,1,274,0.11,26/26,11:27 PM,04-05-2026
S22138,MANAPPARAI - 138,Trichy,KUTTAIAN,Independent,121,5,126,0.05,26/26,11:27 PM,04-05-2026
S22138,MANAPPARAI - 138,Trichy,SARPHUDIN,Independent,332,1,333,0.14,26/26,11:27 PM,04-05-2026
S22138,MANAPPARAI - 138,Trichy,P. CHINNAN,Independent,166,17,183,0.08,26/26,11:27 PM,04-05-2026
S22138,MANAPPARAI - 138,Trichy,A. SENTHIL KUMAR,Independent,271,1,272,0.11,26/26,11:27 PM,04-05-2026
S22138,MANAPPARAI - 138,Trichy,PERIYAKKA,Independent,236,2,238,0.1,26/26,11:27 PM,04-05-2026
S22138,MANAPPARAI - 138,Trichy,RAJESH .M,Independent,552,2,554,0.23,26/26,11:27 PM,04-05-2026
S22138,MANAPPARAI - 138,Trichy,P. VIJAYAKUMAR,Independent,595,0,595,0.25,26/26,11:27 PM,04-05-2026
S22138,MANAPPARAI - 138,Trichy,M. VIJAYA KUMAR,Independent,172,1,173,0.07,26/26,11:27 PM,04-05-2026
S22138,MANAPPARAI - 138,Trichy,NOTA,None of the Above,936,13,949,0.39,26/26,11:27 PM,04-05-2026
S22139,SRIRANGAM - 139,Trichy,ALLIMUTHU.M,Bahujan Samaj Party,365,6,371,0.15,28/28,11:30 PM,04-05-2026
S22139,SRIRANGAM - 139,Trichy,DHARMARAJ. M,Naam Tamilar Katchi,10899,127,11026,4.32,28/28,11:30 PM,04-05-2026
S22139,SRIRANGAM - 139,Trichy,S. DURAIRAJ,Dravida Munnetra Kazhagam,68723,922,69645,27.31,28/28,11:30 PM,04-05-2026
S22139,SRIRANGAM - 139,Trichy,R.MANOHARAN,All India Anna Dravida Munnetra Kazhagam,65027,792,65819,25.81,28/28,11:30 PM,04-05-2026
S22139,SRIRANGAM - 139,Trichy,KAMARAJ.K,Samaniya Makkal Nala Katchi,290,2,292,0.11,28/28,11:30 PM,04-05-2026
S22139,SRIRANGAM - 139,Trichy,KUMAR. P,Akila Inthiya Makkal Marumalarchi Kazhakam,163,3,166,0.07,28/28,11:30 PM,04-05-2026
S22139,SRIRANGAM - 139,Trichy,K. SAKTHIVEL,Anna Puratchi Thalaivar Amma Dravida Munnetra Kazhagam,156,2,158,0.06,28/28,11:30 PM,04-05-2026
S22139,SRIRANGAM - 139,Trichy,NEWTON.A,Puthiya Tamilagam,159,7,166,0.07,28/28,11:30 PM,04-05-2026
S22139,SRIRANGAM - 139,Trichy,MURALI .N,Tamizhaga Vaazhvurimai Katchi,401,4,405,0.16,28/28,11:30 PM,04-05-2026
S22139,SRIRANGAM - 139,Trichy,RAMESH,Tamilaga Vettri Kazhagam,102496,739,103235,40.49,28/28,11:30 PM,04-05-2026
S22139,SRIRANGAM - 139,Trichy,VIJAY .A,All India Puratchi Thalaivar Makkal Munnettra Kazhagam,433,5,438,0.17,28/28,11:30 PM,04-05-2026
S22139,SRIRANGAM - 139,Trichy,ANBARASAN.M,Independent,258,3,261,0.1,28/28,11:30 PM,04-05-2026
S22139,SRIRANGAM - 139,Trichy,KARTHICK.S,Independent,218,0,218,0.09,28/28,11:30 PM,04-05-2026
S22139,SRIRANGAM - 139,Trichy,KRISHNAKUMAR.A,Independent,293,5,298,0.12,28/28,11:30 PM,04-05-2026
S22139,SRIRANGAM - 139,Trichy,SHASHI KIRAN .K .N,Independent,295,3,298,0.12,28/28,11:30 PM,04-05-2026
S22139,SRIRANGAM - 139,Trichy,S. DURAIRAJ,Independent,297,1,298,0.12,28/28,11:30 PM,04-05-2026
S22139,SRIRANGAM - 139,Trichy,PARAMASIVAM,Independent,84,2,86,0.03,28/28,11:30 PM,04-05-2026
S22139,SRIRANGAM - 139,Trichy,MOHAMED MUSTHAFA. M,Independent,83,1,84,0.03,28/28,11:30 PM,04-05-2026
S22139,SRIRANGAM - 139,Trichy,MUTHUKUMAR.P,Independent,288,1,289,0.11,28/28,11:30 PM,04-05-2026
S22139,SRIRANGAM - 139,Trichy,RAMESH.R,Independent,403,1,404,0.16,28/28,11:30 PM,04-05-2026
S22139,SRIRANGAM - 139,Trichy,RAVICHANDIRAN.N,Independent,98,1,99,0.04,28/28,11:30 PM,04-05-2026
S22139,SRIRANGAM - 139,Trichy,NOTA,None of the Above,898,31,929,0.36,28/28,11:30 PM,04-05-2026
S22140,TIRUCHIRAPPALLI (WEST) - 140,Trichy,CHINNAIYAN POOSARI,Bahujan Samaj Party,442,11,453,0.23,24/24,11:30 PM,04-05-2026
S22140,TIRUCHIRAPPALLI (WEST) - 140,Trichy,K.N.NEHRU,Dravida Munnetra Kazhagam,86969,1266,88235,44.94,24/24,11:30 PM,04-05-2026
S22140,TIRUCHIRAPPALLI (WEST) - 140,Trichy,K.BHUVANESWARI,Naam Tamilar Katchi,7384,86,7470,3.8,24/24,11:30 PM,04-05-2026
S22140,TIRUCHIRAPPALLI (WEST) - 140,Trichy,M.RAJASEKARAN,Amma Makkal Munnettra Kazagam,13923,213,14136,7.2,24/24,11:30 PM,04-05-2026
S22140,TIRUCHIRAPPALLI (WEST) - 140,Trichy,R.PRABU,Tamizhaga Vaazhvurimai Katchi,302,8,310,0.16,24/24,11:30 PM,04-05-2026
S22140,TIRUCHIRAPPALLI (WEST) - 140,Trichy,G.RAMAMOORTHI,Tamilaga Vettri Kazhagam,82817,632,83449,42.5,24/24,11:30 PM,04-05-2026
S22140,TIRUCHIRAPPALLI (WEST) - 140,Trichy,A.VEERAMANI,Samaniya Makkal Nala Katchi,138,2,140,0.07,24/24,11:30 PM,04-05-2026
S22140,TIRUCHIRAPPALLI (WEST) - 140,Trichy,M.KALAIMANI,Independent,107,1,108,0.06,24/24,11:30 PM,04-05-2026
S22140,TIRUCHIRAPPALLI (WEST) - 140,Trichy,M.CHANDRASEKARAN,Independent,74,2,76,0.04,24/24,11:30 PM,04-05-2026
S22140,TIRUCHIRAPPALLI (WEST) - 140,Trichy,SAMPATH,Independent,148,4,152,0.08,24/24,11:30 PM,04-05-2026
S22140,TIRUCHIRAPPALLI (WEST) - 140,Trichy,SUNDARAPANDIYARAJA,Independent,116,6,122,0.06,24/24,11:30 PM,04-05-2026
S22140,TIRUCHIRAPPALLI (WEST) - 140,Trichy,P.RAJENDRAN,Independent,116,1,117,0.06,24/24,11:30 PM,04-05-2026
S22140,TIRUCHIRAPPALLI (WEST) - 140,Trichy,A.VASUDEVAN,Independent,155,3,158,0.08,24/24,11:30 PM,04-05-2026
S22140,TIRUCHIRAPPALLI (WEST) - 140,Trichy,JEEVANANTHAM.M,Independent,323,0,323,0.16,24/24,11:30 PM,04-05-2026
S22140,TIRUCHIRAPPALLI (WEST) - 140,Trichy,NOTA,None of the Above,1075,23,1098,0.56,24/24,11:30 PM,04-05-2026
S22141,TIRUCHIRAPPALLI (EAST) - 141,Trichy,R. ELANGOVAN,Bahujan Samaj Party,227,7,234,0.13,28/28,11:30 PM,04-05-2026
S22141,TIRUCHIRAPPALLI (EAST) - 141,Trichy,S. INIGO IRUDAYARAJ,Dravida Munnetra Kazhagam,62859,1106,63965,35.05,28/28,11:30 PM,04-05-2026
S22141,TIRUCHIRAPPALLI (EAST) - 141,Trichy,DR.KRISHNASAMY .V,Naam Tamilar Katchi,4725,65,4790,2.62,28/28,11:30 PM,04-05-2026
S22141,TIRUCHIRAPPALLI (EAST) - 141,Trichy,G. RAJASEKARAN,All India Anna Dravida Munnetra Kazhagam,19437,278,19715,10.8,28/28,11:30 PM,04-05-2026
S22141,TIRUCHIRAPPALLI (EAST) - 141,Trichy,ANAND SELVARAJ,National Maha Sabha Party,105,0,105,0.06,28/28,11:30 PM,04-05-2026
S22141,TIRUCHIRAPPALLI (EAST) - 141,Trichy,N. GOBINATH,Puthiya Tamilagam,61,2,63,0.03,28/28,11:30 PM,04-05-2026
S22141,TIRUCHIRAPPALLI (EAST) - 141,Trichy,SUKUMAR .S,Thamizhaka Padaippalar Makkal Katchi,99,2,101,0.06,28/28,11:30 PM,04-05-2026
S22141,TIRUCHIRAPPALLI (EAST) - 141,Trichy,C. NANDA KUMAR,All India Puratchi Thalaivar Makkal Munnettra Kazhagam,127,5,132,0.07,28/28,11:30 PM,04-05-2026
S22141,TIRUCHIRAPPALLI (EAST) - 141,Trichy,R. MUTHUKUMAR,Samaniya Makkal Nala Katchi,30,1,31,0.02,28/28,11:30 PM,04-05-2026
S22141,TIRUCHIRAPPALLI (EAST) - 141,Trichy,ROYAL RAJA,Tamizhaga Vaazhvurimai Katchi,165,2,167,0.09,28/28,11:30 PM,04-05-2026
S22141,TIRUCHIRAPPALLI (EAST) - 141,Trichy,VIJAY .K,All India Jananayaka Makkal Kazhagam,138,3,141,0.08,28/28,11:30 PM,04-05-2026
S22141,TIRUCHIRAPPALLI (EAST) - 141,Trichy,VIJAIA MOHANAAJI .MA,Vidial Valarchi Perani,234,1,235,0.13,28/28,11:30 PM,04-05-2026
S22141,TIRUCHIRAPPALLI (EAST) - 141,Trichy,C. JOSEPH VIJAY,Tamilaga Vettri Kazhagam,90431,950,91381,50.07,28/28,11:30 PM,04-05-2026
S22141,TIRUCHIRAPPALLI (EAST) - 141,Trichy,T. GANGAI ULAGANATHAN,Independent,78,1,79,0.04,28/28,11:30 PM,04-05-2026
S22141,TIRUCHIRAPPALLI (EAST) - 141,Trichy,KANNAN .S,Independent,137,1,138,0.08,28/28,11:30 PM,04-05-2026
S22141,TIRUCHIRAPPALLI (EAST) - 141,Trichy,P. CHARLES SAGAYARAJ,Independent,390,0,390,0.21,28/28,11:30 PM,04-05-2026
S22141,TIRUCHIRAPPALLI (EAST) - 141,Trichy,G. SEBASTIAN ANAND,Independent,124,0,124,0.07,28/28,11:30 PM,04-05-2026
S22141,TIRUCHIRAPPALLI (EAST) - 141,Trichy,S. PANNEER SELVAM,Independent,109,0,109,0.06,28/28,11:30 PM,04-05-2026
S22141,TIRUCHIRAPPALLI (EAST) - 141,Trichy,J. ROBERT CHRISTY,Independent,29,2,31,0.02,28/28,11:30 PM,04-05-2026
S22141,TIRUCHIRAPPALLI (EAST) - 141,Trichy,P. RAJENDRAN,Independent,48,0,48,0.03,28/28,11:30 PM,04-05-2026
S22141,TIRUCHIRAPPALLI (EAST) - 141,Trichy,NOTA,None of the Above,498,16,514,0.28,28/28,11:30 PM,04-05-2026
S22142,THIRUVERUMBUR - 142,Trichy,ANBIL MAHESH POYYAMOZHI,Dravida Munnetra Kazhagam,79778,1354,81132,37.99,24/24,11:30 PM,04-05-2026
S22142,THIRUVERUMBUR - 142,Trichy,KUMAR. P,All India Anna Dravida Munnetra Kazhagam,29122,351,29473,13.8,24/24,11:30 PM,04-05-2026
S22142,THIRUVERUMBUR - 142,Trichy,RAJESSH. T,Naam Tamilar Katchi,9196,115,9311,4.36,24/24,11:30 PM,04-05-2026
S22142,THIRUVERUMBUR - 142,Trichy,VISITHRA. S,Bahujan Samaj Party,191,3,194,0.09,24/24,11:30 PM,04-05-2026
S22142,THIRUVERUMBUR - 142,Trichy,KUMARAVEL. T,Thamizhaka Padaippalar Makkal Katchi,176,2,178,0.08,24/24,11:30 PM,04-05-2026
S22142,THIRUVERUMBUR - 142,Trichy,PITCHAIMUTHU. A,Puthiya Tamilagam,226,11,237,0.11,24/24,11:30 PM,04-05-2026
S22142,THIRUVERUMBUR - 142,Trichy,RANJITH. S,Tamizhaga Vaazhvurimai Katchi,251,2,253,0.12,24/24,11:30 PM,04-05-2026
S22142,THIRUVERUMBUR - 142,Trichy,VIJAYAKUMAR (A) NAVALPATTU S. VIJI,Tamilaga Vettri Kazhagam,88886,951,89837,42.06,24/24,11:30 PM,04-05-2026
S22142,THIRUVERUMBUR - 142,Trichy,JOSEPH. L,Samaniya Makkal Nala Katchi,114,0,114,0.05,24/24,11:30 PM,04-05-2026
S22142,THIRUVERUMBUR - 142,Trichy,YESURAJ. I,Independent,63,1,64,0.03,24/24,11:30 PM,04-05-2026
S22142,THIRUVERUMBUR - 142,Trichy,KUMAR. K,Independent,40,0,40,0.02,24/24,11:30 PM,04-05-2026
S22142,THIRUVERUMBUR - 142,Trichy,KUMAR. P,Independent,47,1,48,0.02,24/24,11:30 PM,04-05-2026
S22142,THIRUVERUMBUR - 142,Trichy,CHARLES. S,Independent,100,1,101,0.05,24/24,11:30 PM,04-05-2026
S22142,THIRUVERUMBUR - 142,Trichy,SUBBULAKSHMI. R,Independent,91,1,92,0.04,24/24,11:30 PM,04-05-2026
S22142,THIRUVERUMBUR - 142,Trichy,DEEPAK. P,Independent,108,6,114,0.05,24/24,11:30 PM,04-05-2026
S22142,THIRUVERUMBUR - 142,Trichy,POULOSH. D,Independent,284,7,291,0.14,24/24,11:30 PM,04-05-2026
S22142,THIRUVERUMBUR - 142,Trichy,MURUGANANTHAM. G,Independent,441,0,441,0.21,24/24,11:30 PM,04-05-2026
S22142,THIRUVERUMBUR - 142,Trichy,DR. MOHANA CHELVAN. P,Independent,202,1,203,0.1,24/24,11:30 PM,04-05-2026
S22142,THIRUVERUMBUR - 142,Trichy,RAMACHANDRAN. V,Independent,46,1,47,0.02,24/24,11:30 PM,04-05-2026
S22142,THIRUVERUMBUR - 142,Trichy,VINCENTRAJ. A,Independent,34,0,34,0.02,24/24,11:30 PM,04-05-2026
S22142,THIRUVERUMBUR - 142,Trichy,VIJAYAKUMAR. C,Independent,47,1,48,0.02,24/24,11:30 PM,04-05-2026
S22142,THIRUVERUMBUR - 142,Trichy,VIJAYAKUMAR. N,Independent,51,3,54,0.03,24/24,11:30 PM,04-05-2026
S22142,THIRUVERUMBUR - 142,Trichy,VETRIVEL KANNA. P,Independent,169,4,173,0.08,24/24,11:30 PM,04-05-2026
S22142,THIRUVERUMBUR - 142,Trichy,JAYACHANDRAN. P,Independent,133,0,133,0.06,24/24,11:30 PM,04-05-2026
S22142,THIRUVERUMBUR - 142,Trichy,SHAJAGAN. A,Independent,182,0,182,0.09,24/24,11:30 PM,04-05-2026
S22142,THIRUVERUMBUR - 142,Trichy,HABEEB RAHAMAN. H,Independent,44,0,44,0.02,24/24,11:30 PM,04-05-2026
S22142,THIRUVERUMBUR - 142,Trichy,NOTA,None of the Above,721,24,745,0.35,24/24,11:30 PM,04-05-2026
S22143,LALGUDI - 143,Trichy,T. PARIVALLAL,Dravida Munnetra Kazhagam,54796,769,55565,30,21/21,11:27 PM,04-05-2026
S22143,LALGUDI - 143,Trichy,PRATHEEBA,Bahujan Samaj Party,346,2,348,0.19,21/21,11:27 PM,04-05-2026
S22143,LALGUDI - 143,Trichy,N. MADHAN,Naam Tamilar Katchi,6907,85,6992,3.78,21/21,11:27 PM,04-05-2026
S22143,LALGUDI - 143,Trichy,LEEMAROSE MARTIN,All India Anna Dravida Munnetra Kazhagam,60329,466,60795,32.82,21/21,11:27 PM,04-05-2026
S22143,LALGUDI - 143,Trichy,K. IMMACULATE MARY,Samaniya Makkal Nala Katchi,398,1,399,0.22,21/21,11:27 PM,04-05-2026
S22143,LALGUDI - 143,Trichy,P. ELANCHEZHIYAN,Puthiya Tamilagam,130,1,131,0.07,21/21,11:27 PM,04-05-2026
S22143,LALGUDI - 143,Trichy,E. YESUDOSS,Tamilaga Makkal Nala Katchi,182,1,183,0.1,21/21,11:27 PM,04-05-2026
S22143,LALGUDI - 143,Trichy,KU PA KRISHNAN,Tamilaga Vettri Kazhagam,57595,461,58056,31.35,21/21,11:27 PM,04-05-2026
S22143,LALGUDI - 143,Trichy,P. SARAVANAN,Tamizhaga Vaazhvurimai Katchi,135,0,135,0.07,21/21,11:27 PM,04-05-2026
S22143,LALGUDI - 143,Trichy,JOSEPHIN,All India Puratchi Thalaivar Makkal Munnettra Kazhagam,190,2,192,0.1,21/21,11:27 PM,04-05-2026
S22143,LALGUDI - 143,Trichy,A. AMALAN SAVARIMUTHU,Independent,67,1,68,0.04,21/21,11:27 PM,04-05-2026
S22143,LALGUDI - 143,Trichy,M. KRISHNAN,Independent,66,0,66,0.04,21/21,11:27 PM,04-05-2026
S22143,LALGUDI - 143,Trichy,K. SENTHILKUMAR,Independent,129,1,130,0.07,21/21,11:27 PM,04-05-2026
S22143,LALGUDI - 143,Trichy,R. TAMILARASAN,Independent,49,3,52,0.03,21/21,11:27 PM,04-05-2026
S22143,LALGUDI - 143,Trichy,K. DHARMARAJ,Independent,85,1,86,0.05,21/21,11:27 PM,04-05-2026
S22143,LALGUDI - 143,Trichy,DHANAMOORTHY .R,Independent,219,1,220,0.12,21/21,11:27 PM,04-05-2026
S22143,LALGUDI - 143,Trichy,R. DINESHKUMAR,Independent,401,2,403,0.22,21/21,11:27 PM,04-05-2026
S22143,LALGUDI - 143,Trichy,R. PONSILAMBU,Independent,335,5,340,0.18,21/21,11:27 PM,04-05-2026
S22143,LALGUDI - 143,Trichy,MANSOOR ALIKHAN,Independent,98,3,101,0.05,21/21,11:27 PM,04-05-2026
S22143,LALGUDI - 143,Trichy,V. MUTHUSAMY,Independent,170,0,170,0.09,21/21,11:27 PM,04-05-2026
S22143,LALGUDI - 143,Trichy,MOHAMED ABUBAKKAR SIDDIQ,Independent,60,0,60,0.03,21/21,11:27 PM,04-05-2026
S22143,LALGUDI - 143,Trichy,M. RAMESHKUMAR,Independent,119,1,120,0.06,21/21,11:27 PM,04-05-2026
S22143,LALGUDI - 143,Trichy,JINNAH JAKEER HUSSAIN,Independent,138,1,139,0.08,21/21,11:27 PM,04-05-2026
S22143,LALGUDI - 143,Trichy,A. JEGAN SALAMONDOSS,Independent,72,0,72,0.04,21/21,11:27 PM,04-05-2026
S22143,LALGUDI - 143,Trichy,NOTA,None of the Above,384,6,390,0.21,21/21,11:27 PM,04-05-2026
S22144,MANACHANALLUR - 144,Trichy,KATHIRAVAN. S,Dravida Munnetra Kazhagam,80054,1393,81447,38.82,22/22,11:27 PM,04-05-2026
S22144,MANACHANALLUR - 144,Trichy,THENMOZHI. R,Naam Tamilar Katchi,9187,102,9289,4.43,22/22,11:27 PM,04-05-2026
S22144,MANACHANALLUR - 144,Trichy,R.V. BHARATHAN,All India Anna Dravida Munnetra Kazhagam,45686,380,46066,21.96,22/22,11:27 PM,04-05-2026
S22144,MANACHANALLUR - 144,Trichy,BALAKRISHNAN (A) AMOOR BALU,Bahujan Samaj Party,382,2,384,0.18,22/22,11:27 PM,04-05-2026
S22144,MANACHANALLUR - 144,Trichy,V.SARAVANAN,Tamilaga Vettri Kazhagam,68550,533,69083,32.93,22/22,11:27 PM,04-05-2026
S22144,MANACHANALLUR - 144,Trichy,K. SENTHILKUMAR,Samaniya Makkal Nala Katchi,140,0,140,0.07,22/22,11:27 PM,04-05-2026
S22144,MANACHANALLUR - 144,Trichy,BALU. M,Puthiya Tamilagam,183,3,186,0.09,22/22,11:27 PM,04-05-2026
S22144,MANACHANALLUR - 144,Trichy,REVATHI. S,Akila Inthiya Makkal Marumalarchi Kazhakam,74,1,75,0.04,22/22,11:27 PM,04-05-2026
S22144,MANACHANALLUR - 144,Trichy,VEERAIYA. C,Tamizhaga Vaazhvurimai Katchi,62,0,62,0.03,22/22,11:27 PM,04-05-2026
S22144,MANACHANALLUR - 144,Trichy,KARTHIKEYAN. P,Independent,131,1,132,0.06,22/22,11:27 PM,04-05-2026
S22144,MANACHANALLUR - 144,Trichy,GOPALAKRISHNAN. V,Independent,44,0,44,0.02,22/22,11:27 PM,04-05-2026
S22144,MANACHANALLUR - 144,Trichy,SHANMUGAM. V.T,Independent,113,0,113,0.05,22/22,11:27 PM,04-05-2026
S22144,MANACHANALLUR - 144,Trichy,SATHEESKUMAR. K,Independent,76,4,80,0.04,22/22,11:27 PM,04-05-2026
S22144,MANACHANALLUR - 144,Trichy,SARAVANAKUMAR. S,Independent,130,0,130,0.06,22/22,11:27 PM,04-05-2026
S22144,MANACHANALLUR - 144,Trichy,DIVESH. S,Independent,102,1,103,0.05,22/22,11:27 PM,04-05-2026
S22144,MANACHANALLUR - 144,Trichy,NAGARAJAN. V,Independent,456,0,456,0.22,22/22,11:27 PM,04-05-2026
S22144,MANACHANALLUR - 144,Trichy,RAMESH KUMAR. G,Independent,498,0,498,0.24,22/22,11:27 PM,04-05-2026
S22144,MANACHANALLUR - 144,Trichy,RADHAKRISHNAN. S,Independent,340,1,341,0.16,22/22,11:27 PM,04-05-2026
S22144,MANACHANALLUR - 144,Trichy,RAMPRASAD. N,Independent,230,0,230,0.11,22/22,11:27 PM,04-05-2026
S22144,MANACHANALLUR - 144,Trichy,RAJASEHAR. R,Independent,117,0,117,0.06,22/22,11:27 PM,04-05-2026
S22144,MANACHANALLUR - 144,Trichy,RAJU. V,Independent,153,0,153,0.07,22/22,11:27 PM,04-05-2026
S22144,MANACHANALLUR - 144,Trichy,JAYARAMAN. M,Independent,52,0,52,0.02,22/22,11:27 PM,04-05-2026
S22144,MANACHANALLUR - 144,Trichy,NOTA,None of the Above,591,8,599,0.29,22/22,11:27 PM,04-05-2026
S22145,MUSIRI - 145,Trichy,N.S.KARUNAIRAAJA,Dravida Munnetra Kazhagam,52345,1494,53839,28.47,21/21,11:27 PM,04-05-2026
S22145,MUSIRI - 145,Trichy,G. BAKIYALAKSHMI,Naam Tamilar Katchi,8184,173,8357,4.42,21/21,11:27 PM,04-05-2026
S22145,MUSIRI - 145,Trichy,N.YOGANATHAN,All India Anna Dravida Munnetra Kazhagam,51149,912,52061,27.52,21/21,11:27 PM,04-05-2026
S22145,MUSIRI - 145,Trichy,M.CHINNAIYAN,Puthiya Tamilagam,668,9,677,0.36,21/21,11:27 PM,04-05-2026
S22145,MUSIRI - 145,Trichy,K.DHIVYA,Rashtriya Samaj Dal (R),248,5,253,0.13,21/21,11:27 PM,04-05-2026
S22145,MUSIRI - 145,Trichy,C.PALANISAMY,Tamizhaga Vaazhvurimai Katchi,259,6,265,0.14,21/21,11:27 PM,04-05-2026
S22145,MUSIRI - 145,Trichy,MALARMANNAN.M,Samaniya Makkal Nala Katchi,275,6,281,0.15,21/21,11:27 PM,04-05-2026
S22145,MUSIRI - 145,Trichy,M.VIGNESH,Tamilaga Vettri Kazhagam,70317,964,71281,37.69,21/21,11:27 PM,04-05-2026
S22145,MUSIRI - 145,Trichy,S.VENKATESHWARAN,Anti Corruption Dynamic Party,239,0,239,0.13,21/21,11:27 PM,04-05-2026
S22145,MUSIRI - 145,Trichy,SENTHILKUMAR,Independent,305,3,308,0.16,21/21,11:27 PM,04-05-2026
S22145,MUSIRI - 145,Trichy,P.LOGANATHAN M.SC.M.PHIL.,Independent,483,4,487,0.26,21/21,11:27 PM,04-05-2026
S22145,MUSIRI - 145,Trichy,NOTA,None of the Above,1060,33,1093,0.58,21/21,11:27 PM,04-05-2026
S22146,THURAIYUR - 146,Trichy,S KOWSALYA,Naam Tamilar Katchi,8305,131,8436,4.57,23/23,11:30 PM,04-05-2026
S22146,THURAIYUR - 146,Trichy,E.SAROJA,All India Anna Dravida Munnetra Kazhagam,56069,580,56649,30.72,23/23,11:30 PM,04-05-2026
S22146,THURAIYUR - 146,Trichy,P.SRINIVASAN,Bahujan Samaj Party,582,6,588,0.32,23/23,11:30 PM,04-05-2026
S22146,THURAIYUR - 146,Trichy,M.LENIN PRASATH,Indian National Congress,48396,826,49222,26.69,23/23,11:30 PM,04-05-2026
S22146,THURAIYUR - 146,Trichy,GNANAVETTIYAN SIVAPERUMAL .K,Tamizhaga Vaazhvurimai Katchi,512,1,513,0.28,23/23,11:30 PM,04-05-2026
S22146,THURAIYUR - 146,Trichy,RAVISANKAR.M,Tamilaga Vettri Kazhagam,65711,552,66263,35.93,23/23,11:30 PM,04-05-2026
S22146,THURAIYUR - 146,Trichy,T. RAJAMANICKAM,Puthiya Tamilagam,236,0,236,0.13,23/23,11:30 PM,04-05-2026
S22146,THURAIYUR - 146,Trichy,E.SAROJA,Independent,95,0,95,0.05,23/23,11:30 PM,04-05-2026
S22146,THURAIYUR - 146,Trichy,K.SAROJA,Independent,106,1,107,0.06,23/23,11:30 PM,04-05-2026
S22146,THURAIYUR - 146,Trichy,P.SAROJA,Independent,140,1,141,0.08,23/23,11:30 PM,04-05-2026
S22146,THURAIYUR - 146,Trichy,K.SELVAM,Independent,350,6,356,0.19,23/23,11:30 PM,04-05-2026
S22146,THURAIYUR - 146,Trichy,SELVAM .G,Independent,193,0,193,0.1,23/23,11:30 PM,04-05-2026
S22146,THURAIYUR - 146,Trichy,G. DHINESHKUMAR,Independent,323,3,326,0.18,23/23,11:30 PM,04-05-2026
S22146,THURAIYUR - 146,Trichy,N. MUTHAZHAGU,Independent,213,0,213,0.12,23/23,11:30 PM,04-05-2026
S22146,THURAIYUR - 146,Trichy,M. RAVICHANDRAN,Independent,387,4,391,0.21,23/23,11:30 PM,04-05-2026
S22146,THURAIYUR - 146,Trichy,NOTA,None of the Above,686,11,697,0.38,23/23,11:30 PM,04-05-2026
S22147,PERAMBALUR - 147,Perambalur,ARIVAZHAGAN. D,Bahujan Samaj Party,674,4,678,0.27,28/28,11:30 PM,04-05-2026
S22147,PERAMBALUR - 147,Perambalur,SUGANYA. J,Naam Tamilar Katchi,9312,162,9474,3.74,28/28,11:30 PM,04-05-2026
S22147,PERAMBALUR - 147,Perambalur,THAMIZHSELVAN. R,All India Anna Dravida Munnetra Kazhagam,72040,676,72716,28.67,28/28,11:30 PM,04-05-2026
S22147,PERAMBALUR - 147,Perambalur,DR. JAYALAKSHMI. S.T,Dravida Munnetra Kazhagam,74447,2042,76489,30.15,28/28,11:30 PM,04-05-2026
S22147,PERAMBALUR - 147,Perambalur,SIVAKUMAR. K,Tamilaga Vettri Kazhagam,89776,1106,90882,35.83,28/28,11:30 PM,04-05-2026
S22147,PERAMBALUR - 147,Perambalur,DHAMODHARAN. S,Tamizhaga Vaazhvurimai Katchi,358,2,360,0.14,28/28,11:30 PM,04-05-2026
S22147,PERAMBALUR - 147,Perambalur,ANANDAJOTHI PARAMASIVAM,Independent,232,3,235,0.09,28/28,11:30 PM,04-05-2026
S22147,PERAMBALUR - 147,Perambalur,CHANDRAKUMAR. P,Independent,339,0,339,0.13,28/28,11:30 PM,04-05-2026
S22147,PERAMBALUR - 147,Perambalur,SHIYAMALA. M,Independent,421,0,421,0.17,28/28,11:30 PM,04-05-2026
S22147,PERAMBALUR - 147,Perambalur,SUBRAMANIAN. R,Independent,593,2,595,0.23,28/28,11:30 PM,04-05-2026
S22147,PERAMBALUR - 147,Perambalur,JAYACHANDRAN. B,Independent,304,1,305,0.12,28/28,11:30 PM,04-05-2026
S22147,PERAMBALUR - 147,Perambalur,NOTA,None of the Above,1132,28,1160,0.46,28/28,11:30 PM,04-05-2026
S22148,KUNNAM - 148,Perambalur,KEERTHIVASAN. R,Naam Tamilar Katchi,7356,126,7482,3.25,25/25,11:27 PM,04-05-2026
S22148,KUNNAM - 148,Perambalur,SARANYA. A,All India Anna Dravida Munnetra Kazhagam,70712,968,71680,31.09,25/25,11:27 PM,04-05-2026
S22148,KUNNAM - 148,Perambalur,SIVASANKAR. S.S,Dravida Munnetra Kazhagam,85785,1452,87237,37.84,25/25,11:27 PM,04-05-2026
S22148,KUNNAM - 148,Perambalur,NALLUSAMY. K.M,Bahujan Samaj Party,405,4,409,0.18,25/25,11:27 PM,04-05-2026
S22148,KUNNAM - 148,Perambalur,ANBUTHAMIZHAN. T,Thamizh Perarasu Katchi,148,1,149,0.06,25/25,11:27 PM,04-05-2026
S22148,KUNNAM - 148,Perambalur,RAJA. S.P,Tamizhaga Vaazhvurimai Katchi,184,5,189,0.08,25/25,11:27 PM,04-05-2026
S22148,KUNNAM - 148,Perambalur,ELANGOVAN. K,Naadaalum Makkal Katchi,546,0,546,0.24,25/25,11:27 PM,04-05-2026
S22148,KUNNAM - 148,Perambalur,REVATHI MUTHAMILSELVAN,Tamilaga Vettri Kazhagam,58685,485,59170,25.66,25/25,11:27 PM,04-05-2026
S22148,KUNNAM - 148,Perambalur,UDHAYASURIYAN. T,Independent,210,0,210,0.09,25/25,11:27 PM,04-05-2026
S22148,KUNNAM - 148,Perambalur,KATHIRAVAN. A.C,Independent,62,0,62,0.03,25/25,11:27 PM,04-05-2026
S22148,KUNNAM - 148,Perambalur,CHANDRASEKAR. P,Independent,84,1,85,0.04,25/25,11:27 PM,04-05-2026
S22148,KUNNAM - 148,Perambalur,SAMINATHAN. C,Independent,137,0,137,0.06,25/25,11:27 PM,04-05-2026
S22148,KUNNAM - 148,Perambalur,SIVASANKARAN. P,Independent,172,0,172,0.07,25/25,11:27 PM,04-05-2026
S22148,KUNNAM - 148,Perambalur,THANASEKAR. R,Independent,677,0,677,0.29,25/25,11:27 PM,04-05-2026
S22148,KUNNAM - 148,Perambalur,NALLATHAMBI. P,Independent,507,0,507,0.22,25/25,11:27 PM,04-05-2026
S22148,KUNNAM - 148,Perambalur,MUTHAMILSELVAN. D,Independent,268,0,268,0.12,25/25,11:27 PM,04-05-2026
S22148,KUNNAM - 148,Perambalur,VIVEK. T,Independent,138,6,144,0.06,25/25,11:27 PM,04-05-2026
S22148,KUNNAM - 148,Perambalur,VINOTHKUMAR. M,Independent,420,1,421,0.18,25/25,11:27 PM,04-05-2026
S22148,KUNNAM - 148,Perambalur,SHAJAHAN,Independent,541,0,541,0.23,25/25,11:27 PM,04-05-2026
S22148,KUNNAM - 148,Perambalur,NOTA,None of the Above,473,11,484,0.21,25/25,11:27 PM,04-05-2026
S22149,ARIYALUR - 149,Ariyalur,PUGAZHENDHI D,Naam Tamilar Katchi,8425,102,8527,3.62,25/25,11:27 PM,04-05-2026
S22149,ARIYALUR - 149,Ariyalur,RAJENDRAN S,All India Anna Dravida Munnetra Kazhagam,94468,751,95219,40.37,25/25,11:27 PM,04-05-2026
S22149,ARIYALUR - 149,Ariyalur,LATHA BALU,Dravida Munnetra Kazhagam,70092,629,70721,29.98,25/25,11:27 PM,04-05-2026
S22149,ARIYALUR - 149,Ariyalur,STALIN V,Bahujan Samaj Party,472,3,475,0.2,25/25,11:27 PM,04-05-2026
S22149,ARIYALUR - 149,Ariyalur,THANGA. SHANMUGA SUNDARAM,Naadaalum Makkal Katchi,634,3,637,0.27,25/25,11:27 PM,04-05-2026
S22149,ARIYALUR - 149,Ariyalur,SIVAKUMAR M,Tamilaga Vettri Kazhagam,57001,358,57359,24.32,25/25,11:27 PM,04-05-2026
S22149,ARIYALUR - 149,Ariyalur,SUDHAKAR M,Tamizhaga Vaazhvurimai Katchi,175,2,177,0.08,25/25,11:27 PM,04-05-2026
S22149,ARIYALUR - 149,Ariyalur,RAJKUMAR S,All India Puratchi Thalaivar Makkal Munnettra Kazhagam,117,0,117,0.05,25/25,11:27 PM,04-05-2026
S22149,ARIYALUR - 149,Ariyalur,ELAIYARAJA C,Independent,70,0,70,0.03,25/25,11:27 PM,04-05-2026
S22149,ARIYALUR - 149,Ariyalur,KRISHNAMOORTHY C,Independent,71,3,74,0.03,25/25,11:27 PM,04-05-2026
S22149,ARIYALUR - 149,Ariyalur,KUMAR K,Independent,135,1,136,0.06,25/25,11:27 PM,04-05-2026
S22149,ARIYALUR - 149,Ariyalur,SEMMALAI T,Independent,256,3,259,0.11,25/25,11:27 PM,04-05-2026
S22149,ARIYALUR - 149,Ariyalur,RAJKUMAR K,Independent,201,0,201,0.09,25/25,11:27 PM,04-05-2026
S22149,ARIYALUR - 149,Ariyalur,VETRIVEL G,Independent,553,1,554,0.23,25/25,11:27 PM,04-05-2026
S22149,ARIYALUR - 149,Ariyalur,JOTHIBASU K,Independent,690,1,691,0.29,25/25,11:27 PM,04-05-2026
S22149,ARIYALUR - 149,Ariyalur,NOTA,None of the Above,633,8,641,0.27,25/25,11:27 PM,04-05-2026
S22150,JAYANKONDAM - 150,Ariyalur,KANNAN KA.SO.KA.,Dravida Munnetra Kazhagam,69703,799,70502,30.85,25/25,11:27 PM,04-05-2026
S22150,JAYANKONDAM - 150,Ariyalur,CHINNADURAI S.,Bahujan Samaj Party,470,5,475,0.21,25/25,11:27 PM,04-05-2026
S22150,JAYANKONDAM - 150,Ariyalur,REVATHI K.,Naam Tamilar Katchi,6118,74,6192,2.71,25/25,11:27 PM,04-05-2026
S22150,JAYANKONDAM - 150,Ariyalur,AZHAGESAN V.R.,Desiya Makkal Sakthi Katchi,151,0,151,0.07,25/25,11:27 PM,04-05-2026
S22150,JAYANKONDAM - 150,Ariyalur,RAVANAN M.,Naadaalum Makkal Katchi,707,4,711,0.31,25/25,11:27 PM,04-05-2026
S22150,JAYANKONDAM - 150,Ariyalur,KAVITHA RAJENDRAN G.,Tamilaga Vettri Kazhagam,55101,437,55538,24.3,25/25,11:27 PM,04-05-2026
S22150,JAYANKONDAM - 150,Ariyalur,SANKAR M.,Rashtriya Samaj Dal (R),606,2,608,0.27,25/25,11:27 PM,04-05-2026
S22150,JAYANKONDAM - 150,Ariyalur,PAGUTHARIVALAN A.,Tamizhaga Vaazhvurimai Katchi,266,3,269,0.12,25/25,11:27 PM,04-05-2026
S22150,JAYANKONDAM - 150,Ariyalur,RAVISANKAR N.,Aanaithinthiya Jananayaka Pathukappu Kazhagam,1196,7,1203,0.53,25/25,11:27 PM,04-05-2026
S22150,JAYANKONDAM - 150,Ariyalur,VAITHILINGAM G.,Pattali Makkal Katchi,87999,993,88992,38.94,25/25,11:27 PM,04-05-2026
S22150,JAYANKONDAM - 150,Ariyalur,JAYABALAN G.,Vada Tamil Nadu Munnetra Katchi,528,0,528,0.23,25/25,11:27 PM,04-05-2026
S22150,JAYANKONDAM - 150,Ariyalur,ANANDHAKUMAR R.,Independent,582,1,583,0.26,25/25,11:27 PM,04-05-2026
S22150,JAYANKONDAM - 150,Ariyalur,ISAC NEWTAN J.,Independent,114,1,115,0.05,25/25,11:27 PM,04-05-2026
S22150,JAYANKONDAM - 150,Ariyalur,KANNAN K.,Independent,158,0,158,0.07,25/25,11:27 PM,04-05-2026
S22150,JAYANKONDAM - 150,Ariyalur,GURUNATHAN N.,Independent,175,2,177,0.08,25/25,11:27 PM,04-05-2026
S22150,JAYANKONDAM - 150,Ariyalur,CHANTHIRASEKAR S.,Independent,984,0,984,0.43,25/25,11:27 PM,04-05-2026
S22150,JAYANKONDAM - 150,Ariyalur,VINOTHSAVARIREMIJEAS C.,Independent,791,1,792,0.35,25/25,11:27 PM,04-05-2026
S22150,JAYANKONDAM - 150,Ariyalur,VENKATAJALAPATHI R.,Independent,53,1,54,0.02,25/25,11:27 PM,04-05-2026
S22150,JAYANKONDAM - 150,Ariyalur,VEZHAVENTHAN D.,Independent,99,1,100,0.04,25/25,11:27 PM,04-05-2026
S22150,JAYANKONDAM - 150,Ariyalur,NOTA,None of the Above,403,13,416,0.18,25/25,11:27 PM,04-05-2026
S22151,TITTAKUDI - 151,Cuddalore,RAVICHANDRAN K.P,Bahujan Samaj Party,397,2,399,0.23,21/21,11:30 PM,04-05-2026
S22151,TITTAKUDI - 151,Cuddalore,GANESAN C.V,Dravida Munnetra Kazhagam,62086,1020,63106,35.91,21/21,11:30 PM,04-05-2026
S22151,TITTAKUDI - 151,Cuddalore,MAHALAKSHMI V,Naam Tamilar Katchi,5659,50,5709,3.25,21/21,11:30 PM,04-05-2026
S22151,TITTAKUDI - 151,Cuddalore,MURUGUMARAN N,All India Anna Dravida Munnetra Kazhagam,42159,343,42502,24.18,21/21,11:30 PM,04-05-2026
S22151,TITTAKUDI - 151,Cuddalore,SATHYA M,Aanaithinthiya Jananayaka Pathukappu Kazhagam,362,0,362,0.21,21/21,11:30 PM,04-05-2026
S22151,TITTAKUDI - 151,Cuddalore,PALANIVEL R,All India Puratchi Thalaivar Makkal Munnettra Kazhagam,439,4,443,0.25,21/21,11:30 PM,04-05-2026
S22151,TITTAKUDI - 151,Cuddalore,RAJASEKAR A,Tamilaga Vettri Kazhagam,60153,324,60477,34.41,21/21,11:30 PM,04-05-2026
S22151,TITTAKUDI - 151,Cuddalore,JAYARAMAN N,Bahujan Dravida Party,158,0,158,0.09,21/21,11:30 PM,04-05-2026
S22151,TITTAKUDI - 151,Cuddalore,JAYA K,Tamizhaga Vaazhvurimai Katchi,336,2,338,0.19,21/21,11:30 PM,04-05-2026
S22151,TITTAKUDI - 151,Cuddalore,SILAMBARASAN J,Independent,274,1,275,0.16,21/21,11:30 PM,04-05-2026
S22151,TITTAKUDI - 151,Cuddalore,PADMANATHAN V,Independent,135,1,136,0.08,21/21,11:30 PM,04-05-2026
S22151,TITTAKUDI - 151,Cuddalore,PERINBAM D,Independent,313,2,315,0.18,21/21,11:30 PM,04-05-2026
S22151,TITTAKUDI - 151,Cuddalore,MURUGAN A,Independent,400,1,401,0.23,21/21,11:30 PM,04-05-2026
S22151,TITTAKUDI - 151,Cuddalore,VELMURUGAN G,Independent,548,1,549,0.31,21/21,11:30 PM,04-05-2026
S22151,TITTAKUDI - 151,Cuddalore,NOTA,None of the Above,570,14,584,0.33,21/21,11:30 PM,04-05-2026
S22152,VRIDDHACHALAM - 152,Cuddalore,ANANTHI DHANDAPANI,Naam Tamilar Katchi,5962,85,6047,2.89,24/24,11:30 PM,04-05-2026
S22152,VRIDDHACHALAM - 152,Cuddalore,SIVAPRAKASAM.V,Bahujan Samaj Party,370,4,374,0.18,24/24,11:30 PM,04-05-2026
S22152,VRIDDHACHALAM - 152,Cuddalore,PREMALLATHA VIJAYAKANT,Desiya Murpokku Dravida Kazhagam,68625,726,69351,33.15,24/24,11:30 PM,04-05-2026
S22152,VRIDDHACHALAM - 152,Cuddalore,ARIVAZHAGAN.E.N,Tamizhaga Vaazhvurimai Katchi,1872,24,1896,0.91,24/24,11:30 PM,04-05-2026
S22152,VRIDDHACHALAM - 152,Cuddalore,ARIVUDAINAMBI.S,Anti Corruption Dynamic Party,900,4,904,0.43,24/24,11:30 PM,04-05-2026
S22152,VRIDDHACHALAM - 152,Cuddalore,SATHIYA.B,Anna Makkal Katchi,157,3,160,0.08,24/24,11:30 PM,04-05-2026
S22152,VRIDDHACHALAM - 152,Cuddalore,SIDHARTHAN.S,Desiya Makkal Sakthi Katchi,225,0,225,0.11,24/24,11:30 PM,04-05-2026
S22152,VRIDDHACHALAM - 152,Cuddalore,GNANASUNDARI.M,Aanaithinthiya Jananayaka Pathukappu Kazhagam,608,3,611,0.29,24/24,11:30 PM,04-05-2026
S22152,VRIDDHACHALAM - 152,Cuddalore,DR.TAMIZHARASI.P,Pattali Makkal Katchi,59086,705,59791,28.58,24/24,11:30 PM,04-05-2026
S22152,VRIDDHACHALAM - 152,Cuddalore,VIJAY.S,Tamilaga Vettri Kazhagam,66429,535,66964,32.01,24/24,11:30 PM,04-05-2026
S22152,VRIDDHACHALAM - 152,Cuddalore,EZHILKUMAR.K,Independent,174,1,175,0.08,24/24,11:30 PM,04-05-2026
S22152,VRIDDHACHALAM - 152,Cuddalore,SIVASANKARAN.K,Independent,160,1,161,0.08,24/24,11:30 PM,04-05-2026
S22152,VRIDDHACHALAM - 152,Cuddalore,SRINIVASAN.R,Independent,326,2,328,0.16,24/24,11:30 PM,04-05-2026
S22152,VRIDDHACHALAM - 152,Cuddalore,DURAI.K,Independent,737,1,738,0.35,24/24,11:30 PM,04-05-2026
S22152,VRIDDHACHALAM - 152,Cuddalore,DEIVEEGADASS.M,Independent,163,0,163,0.08,24/24,11:30 PM,04-05-2026
S22152,VRIDDHACHALAM - 152,Cuddalore,BALU.P,Independent,252,0,252,0.12,24/24,11:30 PM,04-05-2026
S22152,VRIDDHACHALAM - 152,Cuddalore,PRABAKARAN.T,Independent,129,0,129,0.06,24/24,11:30 PM,04-05-2026
S22152,VRIDDHACHALAM - 152,Cuddalore,JAYAPRAKASH.S,Independent,161,1,162,0.08,24/24,11:30 PM,04-05-2026
S22152,VRIDDHACHALAM - 152,Cuddalore,NOTA,None of the Above,740,15,755,0.36,24/24,11:30 PM,04-05-2026
S22153,NEYVELI - 153,Cuddalore,SABA.RAJENDRAN,Dravida Munnetra Kazhagam,51951,818,52769,31.26,20/20,11:27 PM,04-05-2026
S22153,NEYVELI - 153,Cuddalore,RAJENDRAN.R,All India Anna Dravida Munnetra Kazhagam,62862,869,63731,37.76,20/20,11:27 PM,04-05-2026
S22153,NEYVELI - 153,Cuddalore,VEERAMANI.B,Naam Tamilar Katchi,4382,62,4444,2.63,20/20,11:27 PM,04-05-2026
S22153,NEYVELI - 153,Cuddalore,JOTHIMURUGAN.V,Bahujan Samaj Party,130,1,131,0.08,20/20,11:27 PM,04-05-2026
S22153,NEYVELI - 153,Cuddalore,ANAND.K,Tamilaga Vettri Kazhagam,33956,335,34291,20.32,20/20,11:27 PM,04-05-2026
S22153,NEYVELI - 153,Cuddalore,THIRUMALVALAVAN.T,Tamizhaga Vaazhvurimai Katchi,11246,135,11381,6.74,20/20,11:27 PM,04-05-2026
S22153,NEYVELI - 153,Cuddalore,MAYAKRISHNAN.K,Veerath Thiyagi Viswanathadoss Thozhilalarkal Katchi,136,0,136,0.08,20/20,11:27 PM,04-05-2026
S22153,NEYVELI - 153,Cuddalore,KARTHIKEYAN.C.M,Independent,457,2,459,0.27,20/20,11:27 PM,04-05-2026
S22153,NEYVELI - 153,Cuddalore,SATHIYASEELAN.M,Independent,100,2,102,0.06,20/20,11:27 PM,04-05-2026
S22153,NEYVELI - 153,Cuddalore,CHEZHIYAN.G,Independent,220,1,221,0.13,20/20,11:27 PM,04-05-2026
S22153,NEYVELI - 153,Cuddalore,MANIMARAN.P,Independent,343,4,347,0.21,20/20,11:27 PM,04-05-2026
S22153,NEYVELI - 153,Cuddalore,NOTA,None of the Above,764,4,768,0.46,20/20,11:27 PM,04-05-2026
S22154,PANRUTI - 154,Cuddalore,ABDUR RAHMAN. A.R,Viduthalai Chiruthaigal Katchi,66816,919,67735,32.14,23/23,11:30 PM,04-05-2026
S22154,PANRUTI - 154,Cuddalore,BANUPRIYA. M,Naam Tamilar Katchi,4783,101,4884,2.32,23/23,11:30 PM,04-05-2026
S22154,PANRUTI - 154,Cuddalore,MOHAN. K,All India Anna Dravida Munnetra Kazhagam,77385,1013,78398,37.2,23/23,11:30 PM,04-05-2026
S22154,PANRUTI - 154,Cuddalore,SRIKANTHU. S,Bahujan Samaj Party,410,2,412,0.2,23/23,11:30 PM,04-05-2026
S22154,PANRUTI - 154,Cuddalore,SURENDAR. R,Tamizhaga Vaazhvurimai Katchi,1430,19,1449,0.69,23/23,11:30 PM,04-05-2026
S22154,PANRUTI - 154,Cuddalore,PRAKASH. R,Thamizhaka Padaippalar Makkal Katchi,387,1,388,0.18,23/23,11:30 PM,04-05-2026
S22154,PANRUTI - 154,Cuddalore,MANIKANDAN. M,Tamilaga Vettri Kazhagam,55455,567,56022,26.58,23/23,11:30 PM,04-05-2026
S22154,PANRUTI - 154,Cuddalore,MOHAMMED SAFI. A,Independent,430,1,431,0.2,23/23,11:30 PM,04-05-2026
S22154,PANRUTI - 154,Cuddalore,RAMALINGAM. A,Independent,138,3,141,0.07,23/23,11:30 PM,04-05-2026
S22154,PANRUTI - 154,Cuddalore,NOTA,None of the Above,899,8,907,0.43,23/23,11:30 PM,04-05-2026
S22155,CUDDALORE - 155,Cuddalore,A.S.CHANDARASEKARAN,Indian National Congress,54063,1274,55337,29.07,20/20,11:27 PM,04-05-2026
S22155,CUDDALORE - 155,Cuddalore,M.C.SAMPATH,All India Anna Dravida Munnetra Kazhagam,54176,1082,55258,29.03,20/20,11:27 PM,04-05-2026
S22155,CUDDALORE - 155,Cuddalore,S.SARASU,Naam Tamilar Katchi,5649,117,5766,3.03,20/20,11:27 PM,04-05-2026
S22155,CUDDALORE - 155,Cuddalore,P.NATARAJAN,Bahujan Samaj Party,135,1,136,0.07,20/20,11:27 PM,04-05-2026
S22155,CUDDALORE - 155,Cuddalore,S. RAMASAMY,All India Puratchi Thalaivar Makkal Munnettra Kazhagam,367,8,375,0.2,20/20,11:27 PM,04-05-2026
S22155,CUDDALORE - 155,Cuddalore,B.RAJKUMAR,Tamilaga Vettri Kazhagam,69847,1009,70856,37.22,20/20,11:27 PM,04-05-2026
S22155,CUDDALORE - 155,Cuddalore,K.LENIN,Tamizhaga Vaazhvurimai Katchi,615,8,623,0.33,20/20,11:27 PM,04-05-2026
S22155,CUDDALORE - 155,Cuddalore,S.RAJAMOHAN,Independent,51,0,51,0.03,20/20,11:27 PM,04-05-2026
S22155,CUDDALORE - 155,Cuddalore,E.GURUBARAN,Independent,95,2,97,0.05,20/20,11:27 PM,04-05-2026
S22155,CUDDALORE - 155,Cuddalore,V. SUGANTHI,Independent,62,0,62,0.03,20/20,11:27 PM,04-05-2026
S22155,CUDDALORE - 155,Cuddalore,P.NAGASUNDARAM,Independent,320,7,327,0.17,20/20,11:27 PM,04-05-2026
S22155,CUDDALORE - 155,Cuddalore,E.FAROOK ALI,Independent,74,0,74,0.04,20/20,11:27 PM,04-05-2026
S22155,CUDDALORE - 155,Cuddalore,R.MAYAVAN,Independent,96,1,97,0.05,20/20,11:27 PM,04-05-2026
S22155,CUDDALORE - 155,Cuddalore,R.RAMACHANDRAN,Independent,207,4,211,0.11,20/20,11:27 PM,04-05-2026
S22155,CUDDALORE - 155,Cuddalore,R. VEERAMANI,Independent,212,2,214,0.11,20/20,11:27 PM,04-05-2026
S22155,CUDDALORE - 155,Cuddalore,NOTA,None of the Above,865,29,894,0.47,20/20,11:27 PM,04-05-2026
S22156,KURINJIPADI - 156,Cuddalore,KAVITHA RENGANATHAN,Naam Tamilar Katchi,4744,69,4813,2.25,20/20,11:27 PM,04-05-2026
S22156,KURINJIPADI - 156,Cuddalore,M KANAGARAJ,Bahujan Samaj Party,269,4,273,0.13,20/20,11:27 PM,04-05-2026
S22156,KURINJIPADI - 156,Cuddalore,M.R.K.PANNEERSELVAM,Dravida Munnetra Kazhagam,75778,917,76695,35.84,20/20,11:27 PM,04-05-2026
S22156,KURINJIPADI - 156,Cuddalore,A BHUVANENTHIRAN,All India Anna Dravida Munnetra Kazhagam,68444,662,69106,32.3,20/20,11:27 PM,04-05-2026
S22156,KURINJIPADI - 156,Cuddalore,T KANNAN,Tamizhaga Vaazhvurimai Katchi,7065,48,7113,3.32,20/20,11:27 PM,04-05-2026
S22156,KURINJIPADI - 156,Cuddalore,R SRINIVASAN,Tamil Telugu National Party,319,4,323,0.15,20/20,11:27 PM,04-05-2026
S22156,KURINJIPADI - 156,Cuddalore,RAJKUMAR D,Tamilaga Vettri Kazhagam,52623,487,53110,24.82,20/20,11:27 PM,04-05-2026
S22156,KURINJIPADI - 156,Cuddalore,ARUMUGAM R,Independent,928,0,928,0.43,20/20,11:27 PM,04-05-2026
S22156,KURINJIPADI - 156,Cuddalore,DHANAKESAVAMOORTHY A.C.T,Independent,265,0,265,0.12,20/20,11:27 PM,04-05-2026
S22156,KURINJIPADI - 156,Cuddalore,MANIMALA R,Independent,456,2,458,0.21,20/20,11:27 PM,04-05-2026
S22156,KURINJIPADI - 156,Cuddalore,MUTHAZHAGAN N,Independent,252,0,252,0.12,20/20,11:27 PM,04-05-2026
S22156,KURINJIPADI - 156,Cuddalore,NOTA,None of the Above,609,20,629,0.29,20/20,11:27 PM,04-05-2026
S22157,BHUVANAGIRI - 157,Cuddalore,ARUNMOZHITHEVAN . A,All India Anna Dravida Munnetra Kazhagam,74628,1079,75707,36.52,26/26,11:27 PM,04-05-2026
S22157,BHUVANAGIRI - 157,Cuddalore,KUMARAVELU . M,Bahujan Samaj Party,360,3,363,0.18,26/26,11:27 PM,04-05-2026
S22157,BHUVANAGIRI - 157,Cuddalore,SARAVANAN. DURAI . K,Dravida Munnetra Kazhagam,72220,1000,73220,35.32,26/26,11:27 PM,04-05-2026
S22157,BHUVANAGIRI - 157,Cuddalore,SUMATHI . S,Naam Tamilar Katchi,5025,80,5105,2.46,26/26,11:27 PM,04-05-2026
S22157,BHUVANAGIRI - 157,Cuddalore,MAHALINGAM . T,Tamilaga Vettri Kazhagam,49506,398,49904,24.07,26/26,11:27 PM,04-05-2026
S22157,BHUVANAGIRI - 157,Cuddalore,MUTHAMIZHAN . SEVA,Tamizhaga Vaazhvurimai Katchi,894,18,912,0.44,26/26,11:27 PM,04-05-2026
S22157,BHUVANAGIRI - 157,Cuddalore,ARUNMOZHI . V,Independent,306,2,308,0.15,26/26,11:27 PM,04-05-2026
S22157,BHUVANAGIRI - 157,Cuddalore,EZHILVENTHAN . P,Independent,48,1,49,0.02,26/26,11:27 PM,04-05-2026
S22157,BHUVANAGIRI - 157,Cuddalore,IYYAPPAN . S,Independent,69,1,70,0.03,26/26,11:27 PM,04-05-2026
S22157,BHUVANAGIRI - 157,Cuddalore,SARAVANAN . J,Independent,83,6,89,0.04,26/26,11:27 PM,04-05-2026
S22157,BHUVANAGIRI - 157,Cuddalore,BALAMURUGAN . M. R,Independent,324,0,324,0.16,26/26,11:27 PM,04-05-2026
S22157,BHUVANAGIRI - 157,Cuddalore,BALAMURUGAN . G. C,Independent,336,3,339,0.16,26/26,11:27 PM,04-05-2026
S22157,BHUVANAGIRI - 157,Cuddalore,RAJA SEKAR . G,Independent,239,0,239,0.12,26/26,11:27 PM,04-05-2026
S22157,BHUVANAGIRI - 157,Cuddalore,NOTA,None of the Above,672,9,681,0.33,26/26,11:27 PM,04-05-2026
S22158,CHIDAMBARAM - 158,Cuddalore,THAMIMUN ANSARI. M,Dravida Munnetra Kazhagam,68566,1173,69739,35.48,24/24,11:27 PM,04-05-2026
S22158,CHIDAMBARAM - 158,Cuddalore,THAMIZH,Naam Tamilar Katchi,6014,155,6169,3.14,24/24,11:27 PM,04-05-2026
S22158,CHIDAMBARAM - 158,Cuddalore,PANDIAN. K.A,All India Anna Dravida Munnetra Kazhagam,62826,1166,63992,32.55,24/24,11:27 PM,04-05-2026
S22158,CHIDAMBARAM - 158,Cuddalore,DHANASEKARAN. M,All India Puratchi Thalaivar Makkal Munnettra Kazhagam,333,6,339,0.17,24/24,11:27 PM,04-05-2026
S22158,CHIDAMBARAM - 158,Cuddalore,NEDUNCHEZHIYAN,Tamilaga Vettri Kazhagam,53945,639,54584,27.77,24/24,11:27 PM,04-05-2026
S22158,CHIDAMBARAM - 158,Cuddalore,MUNISANKAR. K,Anna Puratchi Thalaivar Amma Dravida Munnetra Kazhagam,126,0,126,0.06,24/24,11:27 PM,04-05-2026
S22158,CHIDAMBARAM - 158,Cuddalore,EASAN NATARAJAN. T,Independent,129,1,130,0.07,24/24,11:27 PM,04-05-2026
S22158,CHIDAMBARAM - 158,Cuddalore,THIRUGNANAM. K,Independent,162,1,163,0.08,24/24,11:27 PM,04-05-2026
S22158,CHIDAMBARAM - 158,Cuddalore,MANIMARAN. D,Independent,211,0,211,0.11,24/24,11:27 PM,04-05-2026
S22158,CHIDAMBARAM - 158,Cuddalore,VENKATESAN. D,Independent,154,3,157,0.08,24/24,11:27 PM,04-05-2026
S22158,CHIDAMBARAM - 158,Cuddalore,ER. JAYAKKUMAR. R,Independent,158,2,160,0.08,24/24,11:27 PM,04-05-2026
S22158,CHIDAMBARAM - 158,Cuddalore,NOTA,None of the Above,777,39,816,0.42,24/24,11:27 PM,04-05-2026
S22159,KATTUMANNARKOIL - 159,Cuddalore,SATHEESHKUMAR .M,Bahujan Samaj Party,245,7,252,0.13,22/22,11:27 PM,04-05-2026
S22159,KATTUMANNARKOIL - 159,Cuddalore,SIVAJOTHI .M,Naam Tamilar Katchi,4480,83,4563,2.43,22/22,11:27 PM,04-05-2026
S22159,KATTUMANNARKOIL - 159,Cuddalore,L.E. JOTHIMANI,Viduthalai Chiruthaigal Katchi,84130,1049,85179,45.33,22/22,11:27 PM,04-05-2026
S22159,KATTUMANNARKOIL - 159,Cuddalore,ALAVANTHAR .M,Tamizhaga Vaazhvurimai Katchi,559,4,563,0.3,22/22,11:27 PM,04-05-2026
S22159,KATTUMANNARKOIL - 159,Cuddalore,G. KALYANA SUNDARAM,All India Jananayaka Makkal Kazhagam,246,1,247,0.13,22/22,11:27 PM,04-05-2026
S22159,KATTUMANNARKOIL - 159,Cuddalore,S. SEENUVASAN,Tamilaga Vettri Kazhagam,42798,358,43156,22.97,22/22,11:27 PM,04-05-2026
S22159,KATTUMANNARKOIL - 159,Cuddalore,A. SOZHAN,Pattali Makkal Katchi,51360,756,52116,27.74,22/22,11:27 PM,04-05-2026
S22159,KATTUMANNARKOIL - 159,Cuddalore,BABU .B,Rashtriya Samaj Dal (R),188,1,189,0.1,22/22,11:27 PM,04-05-2026
S22159,KATTUMANNARKOIL - 159,Cuddalore,S. MURALI,Aanaithinthiya Jananayaka Pathukappu Kazhagam,338,4,342,0.18,22/22,11:27 PM,04-05-2026
S22159,KATTUMANNARKOIL - 159,Cuddalore,M.A.T. ARCHUNAN,Independent,324,0,324,0.17,22/22,11:27 PM,04-05-2026
S22159,KATTUMANNARKOIL - 159,Cuddalore,SANKARKUMAR .S,Independent,508,1,509,0.27,22/22,11:27 PM,04-05-2026
S22159,KATTUMANNARKOIL - 159,Cuddalore,NOTA,None of the Above,455,10,465,0.25,22/22,11:27 PM,04-05-2026
S22160,SIRKAZHI - 160,Mayiladuthurai,GAJENDRAN.KANAGA,Bahujan Samaj Party,634,6,640,0.32,23/23,11:30 PM,04-05-2026
S22160,SIRKAZHI - 160,Mayiladuthurai,SAKTHI.M,All India Anna Dravida Munnetra Kazhagam,59441,591,60032,29.95,23/23,11:30 PM,04-05-2026
S22160,SIRKAZHI - 160,Mayiladuthurai,SUBASH.R,Naam Tamilar Katchi,7330,67,7397,3.69,23/23,11:30 PM,04-05-2026
S22160,SIRKAZHI - 160,Mayiladuthurai,SENTHILSELVAN.R,Dravida Munnetra Kazhagam,70765,684,71449,35.64,23/23,11:30 PM,04-05-2026
S22160,SIRKAZHI - 160,Mayiladuthurai,GOPINATH.S,Tamilaga Vettri Kazhagam,58886,263,59149,29.51,23/23,11:30 PM,04-05-2026
S22160,SIRKAZHI - 160,Mayiladuthurai,PANDIYAN.C.R,Indhu Dravida Makkal Katchi,249,0,249,0.12,23/23,11:30 PM,04-05-2026
S22160,SIRKAZHI - 160,Mayiladuthurai,BABUSANKAR.R,Our Mahathma National Party,193,1,194,0.1,23/23,11:30 PM,04-05-2026
S22160,SIRKAZHI - 160,Mayiladuthurai,PETHAPERUMAL.K,Tamizhaga Vaazhvurimai Katchi,201,0,201,0.1,23/23,11:30 PM,04-05-2026
S22160,SIRKAZHI - 160,Mayiladuthurai,MALATHI.A,All India Puratchi Thalaivar Makkal Munnettra Kazhagam,362,3,365,0.18,23/23,11:30 PM,04-05-2026
S22160,SIRKAZHI - 160,Mayiladuthurai,TAMILVENTHAN.R,Independent,215,2,217,0.11,23/23,11:30 PM,04-05-2026
S22160,SIRKAZHI - 160,Mayiladuthurai,NOTA,None of the Above,549,6,555,0.28,23/23,11:30 PM,04-05-2026
S22161,MAYILADUTHURAI - 161,Mayiladuthurai,KASIRAMAN. K,Naam Tamilar Katchi,6809,77,6886,3.65,22/22,11:27 PM,04-05-2026
S22161,MAYILADUTHURAI - 161,Mayiladuthurai,VENKATESAN. K,Bahujan Samaj Party,202,4,206,0.11,22/22,11:27 PM,04-05-2026
S22161,MAYILADUTHURAI - 161,Mayiladuthurai,JAMAL MOHAMED YOUNOOS. Y.N,Indian National Congress,67189,822,68011,36.09,22/22,11:27 PM,04-05-2026
S22161,MAYILADUTHURAI - 161,Mayiladuthurai,ARAVAAZHI. K,All India Jananayaka Makkal Kazhagam,357,4,361,0.19,22/22,11:27 PM,04-05-2026
S22161,MAYILADUTHURAI - 161,Mayiladuthurai,KARTHICK. A,Samaniya Makkal Nala Katchi,76,2,78,0.04,22/22,11:27 PM,04-05-2026
S22161,MAYILADUTHURAI - 161,Mayiladuthurai,SARAVANAN. K,Tamizhaga Vaazhvurimai Katchi,310,2,312,0.17,22/22,11:27 PM,04-05-2026
S22161,MAYILADUTHURAI - 161,Mayiladuthurai,PALANISAMY. A M.COM.,Pattali Makkal Katchi,56621,545,57166,30.33,22/22,11:27 PM,04-05-2026
S22161,MAYILADUTHURAI - 161,Mayiladuthurai,MANIMARAN,Veerath Thiyagi Viswanathadoss Thozhilalarkal Katchi,295,3,298,0.16,22/22,11:27 PM,04-05-2026
S22161,MAYILADUTHURAI - 161,Mayiladuthurai,HAROON RASHEED. S.S,Tamilaga Vettri Kazhagam,52242,296,52538,27.88,22/22,11:27 PM,04-05-2026
S22161,MAYILADUTHURAI - 161,Mayiladuthurai,ANANTHAKUMAR. R,Independent,196,2,198,0.11,22/22,11:27 PM,04-05-2026
S22161,MAYILADUTHURAI - 161,Mayiladuthurai,GANGADHARAN. R,Independent,305,2,307,0.16,22/22,11:27 PM,04-05-2026
S22161,MAYILADUTHURAI - 161,Mayiladuthurai,GOBALA KRISHNAN. S,Independent,142,4,146,0.08,22/22,11:27 PM,04-05-2026
S22161,MAYILADUTHURAI - 161,Mayiladuthurai,SAMPATH. L,Independent,274,3,277,0.15,22/22,11:27 PM,04-05-2026
S22161,MAYILADUTHURAI - 161,Mayiladuthurai,THIMOTHY. T,Independent,277,0,277,0.15,22/22,11:27 PM,04-05-2026
S22161,MAYILADUTHURAI - 161,Mayiladuthurai,NATARAJAN. R,Independent,104,2,106,0.06,22/22,11:27 PM,04-05-2026
S22161,MAYILADUTHURAI - 161,Mayiladuthurai,NAVANITHAM. S,Independent,241,4,245,0.13,22/22,11:27 PM,04-05-2026
S22161,MAYILADUTHURAI - 161,Mayiladuthurai,BHARATHIRAJA. B,Independent,104,0,104,0.06,22/22,11:27 PM,04-05-2026
S22161,MAYILADUTHURAI - 161,Mayiladuthurai,RAMKUMAR. S BBA.LLB,Independent,58,2,60,0.03,22/22,11:27 PM,04-05-2026
S22161,MAYILADUTHURAI - 161,Mayiladuthurai,VEERASAMY. T,Independent,329,0,329,0.17,22/22,11:27 PM,04-05-2026
S22161,MAYILADUTHURAI - 161,Mayiladuthurai,JAMAL MOHAMED,Independent,81,1,82,0.04,22/22,11:27 PM,04-05-2026
S22161,MAYILADUTHURAI - 161,Mayiladuthurai,NOTA,None of the Above,465,9,474,0.25,22/22,11:27 PM,04-05-2026
S22162,POOMPUHAR - 162,Mayiladuthurai,ILAYANAGULAN. K,Naam Tamilar Katchi,6308,45,6353,2.9,25/25,11:30 PM,04-05-2026
S22162,POOMPUHAR - 162,Mayiladuthurai,NIVEDHA M MURUGAN,Dravida Munnetra Kazhagam,80554,542,81096,36.98,25/25,11:30 PM,04-05-2026
S22162,POOMPUHAR - 162,Mayiladuthurai,PAVUNRAJ. S,All India Anna Dravida Munnetra Kazhagam,72293,543,72836,33.21,25/25,11:30 PM,04-05-2026
S22162,POOMPUHAR - 162,Mayiladuthurai,PRABAKARAN. V,Bahujan Samaj Party,343,2,345,0.16,25/25,11:30 PM,04-05-2026
S22162,POOMPUHAR - 162,Mayiladuthurai,PURATCHIDASAN. T,Anaithinthiya Anna Dravida Makkal Seyal katchi,263,1,264,0.12,25/25,11:30 PM,04-05-2026
S22162,POOMPUHAR - 162,Mayiladuthurai,VIJAYALAIYAN. J,Tamilaga Vettri Kazhagam,55684,218,55902,25.49,25/25,11:30 PM,04-05-2026
S22162,POOMPUHAR - 162,Mayiladuthurai,ANANDARAJ. D,Independent,104,1,105,0.05,25/25,11:30 PM,04-05-2026
S22162,POOMPUHAR - 162,Mayiladuthurai,INBARAJ. T,Independent,177,2,179,0.08,25/25,11:30 PM,04-05-2026
S22162,POOMPUHAR - 162,Mayiladuthurai,NOOR NISHA. M,Independent,107,0,107,0.05,25/25,11:30 PM,04-05-2026
S22162,POOMPUHAR - 162,Mayiladuthurai,MAYA VENKATESAN. M,Independent,725,5,730,0.33,25/25,11:30 PM,04-05-2026
S22162,POOMPUHAR - 162,Mayiladuthurai,MURUGAN. S,Independent,78,5,83,0.04,25/25,11:30 PM,04-05-2026
S22162,POOMPUHAR - 162,Mayiladuthurai,MUJIBUR RAHMAN. E.M.M,Independent,310,2,312,0.14,25/25,11:30 PM,04-05-2026
S22162,POOMPUHAR - 162,Mayiladuthurai,SHANGAMITHTHIRAN. A,Independent,426,0,426,0.19,25/25,11:30 PM,04-05-2026
S22162,POOMPUHAR - 162,Mayiladuthurai,NOTA,None of the Above,579,7,586,0.27,25/25,11:30 PM,04-05-2026
S22163,NAGAPATTINAM - 163,Nagapattinam,THANKA.KATHIRAVAN,All India Anna Dravida Munnetra Kazhagam,41108,478,41586,27.48,19/19,11:27 PM,04-05-2026
S22163,NAGAPATTINAM - 163,Nagapattinam,FATHIMA FARHANA.S,Naam Tamilar Katchi,5305,43,5348,3.53,19/19,11:27 PM,04-05-2026
S22163,NAGAPATTINAM - 163,Nagapattinam,M.H.JAWAHIRULLAH,Dravida Munnetra Kazhagam,55695,610,56305,37.21,19/19,11:27 PM,04-05-2026
S22163,NAGAPATTINAM - 163,Nagapattinam,M.SUGUMAR,Tamilaga Vettri Kazhagam,46291,233,46524,30.74,19/19,11:27 PM,04-05-2026
S22163,NAGAPATTINAM - 163,Nagapattinam,J.V.DURAI,All India Youth Development Party,207,0,207,0.14,19/19,11:27 PM,04-05-2026
S22163,NAGAPATTINAM - 163,Nagapattinam,K.RAJASEKAR,Puthiya Tamilagam,85,1,86,0.06,19/19,11:27 PM,04-05-2026
S22163,NAGAPATTINAM - 163,Nagapattinam,VALLABADAS.E,Tamizhaga Vaazhvurimai Katchi,60,0,60,0.04,19/19,11:27 PM,04-05-2026
S22163,NAGAPATTINAM - 163,Nagapattinam,M.IYYANKALAI,Independent,72,0,72,0.05,19/19,11:27 PM,04-05-2026
S22163,NAGAPATTINAM - 163,Nagapattinam,T.KATHIRAVAN,Independent,48,6,54,0.04,19/19,11:27 PM,04-05-2026
S22163,NAGAPATTINAM - 163,Nagapattinam,SAKTHIVEL,Independent,136,0,136,0.09,19/19,11:27 PM,04-05-2026
S22163,NAGAPATTINAM - 163,Nagapattinam,N P BHASHGARAN,Independent,145,10,155,0.1,19/19,11:27 PM,04-05-2026
S22163,NAGAPATTINAM - 163,Nagapattinam,S.PREM,Independent,150,0,150,0.1,19/19,11:27 PM,04-05-2026
S22163,NAGAPATTINAM - 163,Nagapattinam,N.VIJAYARAGAVAN,Independent,162,2,164,0.11,19/19,11:27 PM,04-05-2026
S22163,NAGAPATTINAM - 163,Nagapattinam,NOTA,None of the Above,473,6,479,0.32,19/19,11:27 PM,04-05-2026
S22164,KILVELUR - 164,Nagapattinam,KARTHIKA. M,Naam Tamilar Katchi,7942,127,8069,5.32,17/17,11:27 PM,04-05-2026
S22164,KILVELUR - 164,Nagapattinam,LATHA. T,Communist Party of India (Marxist),55409,699,56108,37,17/17,11:27 PM,04-05-2026
S22164,KILVELUR - 164,Nagapattinam,SURENTHAR. K,Puthiya Tamilagam,558,5,563,0.37,17/17,11:27 PM,04-05-2026
S22164,KILVELUR - 164,Nagapattinam,SENTHIL PANDIAN. P,Tamilaga Vettri Kazhagam,53333,497,53830,35.5,17/17,11:27 PM,04-05-2026
S22164,KILVELUR - 164,Nagapattinam,VADIVEL RAVANAN. S,Pattali Makkal Katchi,31322,353,31675,20.89,17/17,11:27 PM,04-05-2026
S22164,KILVELUR - 164,Nagapattinam,VEDHA MUKUNDHAN,Aanaithinthiya Jananayaka Pathukappu Kazhagam,435,2,437,0.29,17/17,11:27 PM,04-05-2026
S22164,KILVELUR - 164,Nagapattinam,JAIVISHNUDEVI. M,Independent,405,5,410,0.27,17/17,11:27 PM,04-05-2026
S22164,KILVELUR - 164,Nagapattinam,NOTA,None of the Above,537,8,545,0.36,17/17,11:27 PM,04-05-2026
S22165,VEDARANYAM - 165,Nagapattinam,KARTHICK. T,Naam Tamilar Katchi,10211,185,10396,6.41,18/18,11:30 PM,04-05-2026
S22165,VEDARANYAM - 165,Nagapattinam,PUGAZHENDI. M,Dravida Munnetra Kazhagam,50587,1254,51841,31.96,18/18,11:30 PM,04-05-2026
S22165,VEDARANYAM - 165,Nagapattinam,MANIAN. O.S,All India Anna Dravida Munnetra Kazhagam,58108,1064,59172,36.48,18/18,11:30 PM,04-05-2026
S22165,VEDARANYAM - 165,Nagapattinam,KINGSLY GERALD. A,Tamilaga Vettri Kazhagam,38071,276,38347,23.64,18/18,11:30 PM,04-05-2026
S22165,VEDARANYAM - 165,Nagapattinam,LINGESWARAN. M,All India Puratchi Thalaivar Makkal Munnettra Kazhagam,378,4,382,0.24,18/18,11:30 PM,04-05-2026
S22165,VEDARANYAM - 165,Nagapattinam,RAJASIMMAN. D,Independent,253,6,259,0.16,18/18,11:30 PM,04-05-2026
S22165,VEDARANYAM - 165,Nagapattinam,GOWTHAMAN. M,Independent,202,2,204,0.13,18/18,11:30 PM,04-05-2026
S22165,VEDARANYAM - 165,Nagapattinam,SATHIYASEELAN. M,Independent,206,1,207,0.13,18/18,11:30 PM,04-05-2026
S22165,VEDARANYAM - 165,Nagapattinam,SELVAKUMAR. S,Independent,158,0,158,0.1,18/18,11:30 PM,04-05-2026
S22165,VEDARANYAM - 165,Nagapattinam,THIVASKAR. B,Independent,309,15,324,0.2,18/18,11:30 PM,04-05-2026
S22165,VEDARANYAM - 165,Nagapattinam,VEERAKUMAR. V,Independent,352,11,363,0.22,18/18,11:30 PM,04-05-2026
S22165,VEDARANYAM - 165,Nagapattinam,NOTA,None of the Above,548,15,563,0.35,18/18,11:30 PM,04-05-2026
S22166,THIRUTHURAIPOONDI - 166,Tiruvarur,BALATHANDAYUTHAM.U,All India Anna Dravida Munnetra Kazhagam,42732,341,43073,22.55,21/21,11:30 PM,04-05-2026
S22166,THIRUTHURAIPOONDI - 166,Tiruvarur,MARIMUTHU.K,Communist Party of India,73139,923,74062,38.77,21/21,11:30 PM,04-05-2026
S22166,THIRUTHURAIPOONDI - 166,Tiruvarur,VIMALA.A,Bahujan Samaj Party,512,13,525,0.27,21/21,11:30 PM,04-05-2026
S22166,THIRUTHURAIPOONDI - 166,Tiruvarur,VINOTHINI.R,Naam Tamilar Katchi,10047,129,10176,5.33,21/21,11:30 PM,04-05-2026
S22166,THIRUTHURAIPOONDI - 166,Tiruvarur,ARUMUGAM.N,Tamizhaga Vaazhvurimai Katchi,445,5,450,0.24,21/21,11:30 PM,04-05-2026
S22166,THIRUTHURAIPOONDI - 166,Tiruvarur,PANDIYAN.S,Tamilaga Vettri Kazhagam,60771,369,61140,32.01,21/21,11:30 PM,04-05-2026
S22166,THIRUTHURAIPOONDI - 166,Tiruvarur,SIVAPRAKASAM.V,Independent,276,2,278,0.15,21/21,11:30 PM,04-05-2026
S22166,THIRUTHURAIPOONDI - 166,Tiruvarur,MURUGANANTHAM.V,Independent,163,1,164,0.09,21/21,11:30 PM,04-05-2026
S22166,THIRUTHURAIPOONDI - 166,Tiruvarur,JAYASANGAR.A,Independent,360,5,365,0.19,21/21,11:30 PM,04-05-2026
S22166,THIRUTHURAIPOONDI - 166,Tiruvarur,NOTA,None of the Above,775,22,797,0.42,21/21,11:30 PM,04-05-2026
S22167,MANNARGUDI - 167,Tiruvarur,KAMARAJ.S,Bahujan Samaj Party,385,2,387,0.2,22/22,11:27 PM,04-05-2026
S22167,MANNARGUDI - 167,Tiruvarur,BHARATHISELVAN.R,Naam Tamilar Katchi,8153,87,8240,4.25,22/22,11:27 PM,04-05-2026
S22167,MANNARGUDI - 167,Tiruvarur,RAJAA.T.R.B,Dravida Munnetra Kazhagam,66068,782,66850,34.44,22/22,11:27 PM,04-05-2026
S22167,MANNARGUDI - 167,Tiruvarur,KAMARAJ. S,Amma Makkal Munnettra Kazagam,67837,579,68416,35.25,22/22,11:27 PM,04-05-2026
S22167,MANNARGUDI - 167,Tiruvarur,GOVINDARAJ.G,Tamizhaga Vaazhvurimai Katchi,633,2,635,0.33,22/22,11:27 PM,04-05-2026
S22167,MANNARGUDI - 167,Tiruvarur,BHARATHI.B,Puthiya Tamilagam,328,15,343,0.18,22/22,11:27 PM,04-05-2026
S22167,MANNARGUDI - 167,Tiruvarur,MUTHUVEL.V,Tamilaga Makkal Nala Katchi,114,1,115,0.06,22/22,11:27 PM,04-05-2026
S22167,MANNARGUDI - 167,Tiruvarur,RASUPILLAI.S,All India Puratchi Thalaivar Makkal Munnettra Kazhagam,1943,6,1949,1,22/22,11:27 PM,04-05-2026
S22167,MANNARGUDI - 167,Tiruvarur,RAJARAJAN.U,Tamilaga Vettri Kazhagam,44026,240,44266,22.81,22/22,11:27 PM,04-05-2026
S22167,MANNARGUDI - 167,Tiruvarur,ARULPRAKASH. P,Independent,284,1,285,0.15,22/22,11:27 PM,04-05-2026
S22167,MANNARGUDI - 167,Tiruvarur,KAMARAJ.A,Independent,645,19,664,0.34,22/22,11:27 PM,04-05-2026
S22167,MANNARGUDI - 167,Tiruvarur,DURAI ARASAN.K,Independent,148,1,149,0.08,22/22,11:27 PM,04-05-2026
S22167,MANNARGUDI - 167,Tiruvarur,NAMASIVAYAM.N,Independent,659,0,659,0.34,22/22,11:27 PM,04-05-2026
S22167,MANNARGUDI - 167,Tiruvarur,PRABHU. S,Independent,632,1,633,0.33,22/22,11:27 PM,04-05-2026
S22167,MANNARGUDI - 167,Tiruvarur,MARIMUTHU.A.V.M,Independent,104,0,104,0.05,22/22,11:27 PM,04-05-2026
S22167,MANNARGUDI - 167,Tiruvarur,NOTA,None of the Above,399,6,405,0.21,22/22,11:27 PM,04-05-2026
S22168,THIRUVARUR - 168,Tiruvarur,ASWINI B,Naam Tamilar Katchi,9896,135,10031,4.6,25/25,11:30 PM,04-05-2026
S22168,THIRUVARUR - 168,Tiruvarur,KALAIVANAN POONDI K,Dravida Munnetra Kazhagam,92504,904,93408,42.87,25/25,11:30 PM,04-05-2026
S22168,THIRUVARUR - 168,Tiruvarur,CHANDRASEKARAN GOVI,Bharatiya Janata Party,35978,409,36387,16.7,25/25,11:30 PM,04-05-2026
S22168,THIRUVARUR - 168,Tiruvarur,KANTHAN A,Tamizhaga Vaazhvurimai Katchi,497,6,503,0.23,25/25,11:30 PM,04-05-2026
S22168,THIRUVARUR - 168,Tiruvarur,THIYAGARAJAN .M,Puthiya Tamilagam,510,16,526,0.24,25/25,11:30 PM,04-05-2026
S22168,THIRUVARUR - 168,Tiruvarur,VEERAMANI V,Tamilaga Vettri Kazhagam,74822,438,75260,34.54,25/25,11:30 PM,04-05-2026
S22168,THIRUVARUR - 168,Tiruvarur,MUTHARASAN S,Independent,339,3,342,0.16,25/25,11:30 PM,04-05-2026
S22168,THIRUVARUR - 168,Tiruvarur,SAHUL HAMEED M,Independent,588,5,593,0.27,25/25,11:30 PM,04-05-2026
S22168,THIRUVARUR - 168,Tiruvarur,NOTA,None of the Above,813,12,825,0.38,25/25,11:30 PM,04-05-2026
S22169,NANNILAM - 169,Tiruvarur,KAMARAJ. R,All India Anna Dravida Munnetra Kazhagam,102544,918,103462,44.7,25/25,11:27 PM,04-05-2026
S22169,NANNILAM - 169,Tiruvarur,THENMOZHI DILIPKUMAR,Naam Tamilar Katchi,8370,76,8446,3.65,25/25,11:27 PM,04-05-2026
S22169,NANNILAM - 169,Tiruvarur,MOHAMED MUBARAK,Dravida Munnetra Kazhagam,61181,557,61738,26.68,25/25,11:27 PM,04-05-2026
S22169,NANNILAM - 169,Tiruvarur,SIVARAMAN. T,Tamizhaga Vaazhvurimai Katchi,287,2,289,0.12,25/25,11:27 PM,04-05-2026
S22169,NANNILAM - 169,Tiruvarur,TAMILSELVAN. M,Puthiya Tamilagam,215,4,219,0.09,25/25,11:27 PM,04-05-2026
S22169,NANNILAM - 169,Tiruvarur,PRABHAKARAN. S,Tamilaga Vettri Kazhagam,54262,268,54530,23.56,25/25,11:27 PM,04-05-2026
S22169,NANNILAM - 169,Tiruvarur,RAJA. S,All India Puratchi Thalaivar Makkal Munnettra Kazhagam,854,7,861,0.37,25/25,11:27 PM,04-05-2026
S22169,NANNILAM - 169,Tiruvarur,SANKAR. R,Independent,52,0,52,0.02,25/25,11:27 PM,04-05-2026
S22169,NANNILAM - 169,Tiruvarur,SHANMUGARAJA. D,Independent,76,10,86,0.04,25/25,11:27 PM,04-05-2026
S22169,NANNILAM - 169,Tiruvarur,SURESH. V,Independent,104,0,104,0.04,25/25,11:27 PM,04-05-2026
S22169,NANNILAM - 169,Tiruvarur,BHARATHIMOHAN. K.S,Independent,98,5,103,0.04,25/25,11:27 PM,04-05-2026
S22169,NANNILAM - 169,Tiruvarur,MOHUMED RIYAS. K,Independent,140,3,143,0.06,25/25,11:27 PM,04-05-2026
S22169,NANNILAM - 169,Tiruvarur,RAVICHANDRAN. R,Independent,251,0,251,0.11,25/25,11:27 PM,04-05-2026
S22169,NANNILAM - 169,Tiruvarur,RAJASEKAR. R,Independent,224,0,224,0.1,25/25,11:27 PM,04-05-2026
S22169,NANNILAM - 169,Tiruvarur,NOTA,None of the Above,930,6,936,0.4,25/25,11:27 PM,04-05-2026
S22170,THIRUVIDAIMARUDUR - 170,Thanjavur,ELAMATHI SUBRAMANIAN,All India Anna Dravida Munnetra Kazhagam,52592,330,52922,25.33,25/25,11:30 PM,04-05-2026
S22170,THIRUVIDAIMARUDUR - 170,Thanjavur,GOVI.CHEZHIAAN,Dravida Munnetra Kazhagam,79307,644,79951,38.26,25/25,11:30 PM,04-05-2026
S22170,THIRUVIDAIMARUDUR - 170,Thanjavur,M.DIVYA BHARATHI,Naam Tamilar Katchi,6313,50,6363,3.05,25/25,11:30 PM,04-05-2026
S22170,THIRUVIDAIMARUDUR - 170,Thanjavur,T.M.PURATCHI MANI,Bahujan Samaj Party,1021,22,1043,0.5,25/25,11:30 PM,04-05-2026
S22170,THIRUVIDAIMARUDUR - 170,Thanjavur,KANNAIYAN. T,Communist Party of India (Marxist-Leninist) (Liberation),317,4,321,0.15,25/25,11:30 PM,04-05-2026
S22170,THIRUVIDAIMARUDUR - 170,Thanjavur,S.PRABAKARAN,Tamilaga Vettri Kazhagam,65620,215,65835,31.51,25/25,11:30 PM,04-05-2026
S22170,THIRUVIDAIMARUDUR - 170,Thanjavur,A.VISWANATHAN,Tamizhaga Vaazhvurimai Katchi,272,1,273,0.13,25/25,11:30 PM,04-05-2026
S22170,THIRUVIDAIMARUDUR - 170,Thanjavur,ARAVINDARAJ. R,Independent,84,0,84,0.04,25/25,11:30 PM,04-05-2026
S22170,THIRUVIDAIMARUDUR - 170,Thanjavur,KEERTHIGA. K,Independent,90,5,95,0.05,25/25,11:30 PM,04-05-2026
S22170,THIRUVIDAIMARUDUR - 170,Thanjavur,SELVARANI. S,Independent,131,8,139,0.07,25/25,11:30 PM,04-05-2026
S22170,THIRUVIDAIMARUDUR - 170,Thanjavur,M.TAMILMARAN,Independent,141,2,143,0.07,25/25,11:30 PM,04-05-2026
S22170,THIRUVIDAIMARUDUR - 170,Thanjavur,DHANASEKAR,Independent,266,0,266,0.13,25/25,11:30 PM,04-05-2026
S22170,THIRUVIDAIMARUDUR - 170,Thanjavur,L.PRABAKARAN,Independent,174,0,174,0.08,25/25,11:30 PM,04-05-2026
S22170,THIRUVIDAIMARUDUR - 170,Thanjavur,P.MANIKANDAN,Independent,587,1,588,0.28,25/25,11:30 PM,04-05-2026
S22170,THIRUVIDAIMARUDUR - 170,Thanjavur,NOTA,None of the Above,740,7,747,0.36,25/25,11:30 PM,04-05-2026
S22171,KUMBAKONAM - 171,Thanjavur,ASHOKKUMAR R,Bharatiya Janata Party,39558,545,40103,19.25,23/23,11:30 PM,04-05-2026
S22171,KUMBAKONAM - 171,Thanjavur,ANBALAGAN G,Dravida Munnetra Kazhagam,76932,1039,77971,37.43,23/23,11:30 PM,04-05-2026
S22171,KUMBAKONAM - 171,Thanjavur,ANANDH M,Naam Tamilar Katchi,7611,99,7710,3.7,23/23,11:30 PM,04-05-2026
S22171,KUMBAKONAM - 171,Thanjavur,AROKIYARAJ V,Tamizhaga Vaazhvurimai Katchi,196,0,196,0.09,23/23,11:30 PM,04-05-2026
S22171,KUMBAKONAM - 171,Thanjavur,SUNDAR G,Thamizh Desiya Munnetra Kazhagam,232,1,233,0.11,23/23,11:30 PM,04-05-2026
S22171,KUMBAKONAM - 171,Thanjavur,VINOTH,Tamilaga Vettri Kazhagam,78255,395,78650,37.76,23/23,11:30 PM,04-05-2026
S22171,KUMBAKONAM - 171,Thanjavur,ARIVAZHAGAN K,Independent,235,6,241,0.12,23/23,11:30 PM,04-05-2026
S22171,KUMBAKONAM - 171,Thanjavur,KARTHI G,Independent,89,1,90,0.04,23/23,11:30 PM,04-05-2026
S22171,KUMBAKONAM - 171,Thanjavur,SRINIVASAN V,Independent,380,4,384,0.18,23/23,11:30 PM,04-05-2026
S22171,KUMBAKONAM - 171,Thanjavur,SENTHAMILSELVI S,Independent,77,6,83,0.04,23/23,11:30 PM,04-05-2026
S22171,KUMBAKONAM - 171,Thanjavur,RAMAMOORTHI R,Independent,89,0,89,0.04,23/23,11:30 PM,04-05-2026
S22171,KUMBAKONAM - 171,Thanjavur,VIJAYAKUMAR C,Independent,170,3,173,0.08,23/23,11:30 PM,04-05-2026
S22171,KUMBAKONAM - 171,Thanjavur,STALIN MA KA,Independent,1392,13,1405,0.67,23/23,11:30 PM,04-05-2026
S22171,KUMBAKONAM - 171,Thanjavur,NOTA,None of the Above,941,19,960,0.46,23/23,11:30 PM,04-05-2026
S22172,PAPANASAM - 172,Thanjavur,ANIS FATHIMA,Naam Tamilar Katchi,9497,107,9604,4.62,23/23,11:30 PM,04-05-2026
S22172,PAPANASAM - 172,Thanjavur,DORAI. SHANMUGA PRABU,All India Anna Dravida Munnetra Kazhagam,56543,529,57072,27.48,23/23,11:30 PM,04-05-2026
S22172,PAPANASAM - 172,Thanjavur,AZARUDEEN UDUMAN ALI,Tamilaga Vettri Kazhagam,67855,364,68219,32.84,23/23,11:30 PM,04-05-2026
S22172,PAPANASAM - 172,Thanjavur,C. CHANDRASEKARAN,Thamizh Desiya Munnetra Kazhagam,515,9,524,0.25,23/23,11:30 PM,04-05-2026
S22172,PAPANASAM - 172,Thanjavur,B. DHAMODHARAN,Tamizhaga Vaazhvurimai Katchi,303,4,307,0.15,23/23,11:30 PM,04-05-2026
S22172,PAPANASAM - 172,Thanjavur,K. MASILAMANI,Communist Party of India (Marxist-Leninist) (Liberation),354,1,355,0.17,23/23,11:30 PM,04-05-2026
S22172,PAPANASAM - 172,Thanjavur,A.M. SHAHJAHAN,Indian Union Muslim League,68742,542,69284,33.35,23/23,11:30 PM,04-05-2026
S22172,PAPANASAM - 172,Thanjavur,A. ANIS FATHIMA ABDUL RAHIM,Independent,501,2,503,0.24,23/23,11:30 PM,04-05-2026
S22172,PAPANASAM - 172,Thanjavur,V. KULANDHAIVELU,Independent,202,3,205,0.1,23/23,11:30 PM,04-05-2026
S22172,PAPANASAM - 172,Thanjavur,A S THANGARASU,Independent,196,5,201,0.1,23/23,11:30 PM,04-05-2026
S22172,PAPANASAM - 172,Thanjavur,V. THIYAGARAJAN,Independent,248,0,248,0.12,23/23,11:30 PM,04-05-2026
S22172,PAPANASAM - 172,Thanjavur,S. NATARAJAN,Independent,296,1,297,0.14,23/23,11:30 PM,04-05-2026
S22172,PAPANASAM - 172,Thanjavur,K. RAJENDRAN,Independent,187,1,188,0.09,23/23,11:30 PM,04-05-2026
S22172,PAPANASAM - 172,Thanjavur,NOTA,None of the Above,702,14,716,0.34,23/23,11:30 PM,04-05-2026
S22173,THIRUVAIYARU - 173,Thanjavur,DURAI. CHANDRASEKARAN,Dravida Munnetra Kazhagam,79538,887,80425,36.21,25/25,11:30 PM,04-05-2026
S22173,THIRUVAIYARU - 173,Thanjavur,DURAI. SENTHILNATHAN,Naam Tamilar Katchi,10539,142,10681,4.81,25/25,11:30 PM,04-05-2026
S22173,THIRUVAIYARU - 173,Thanjavur,VELU. KARTHIKEYAN,Amma Makkal Munnettra Kazagam,54663,458,55121,24.82,25/25,11:30 PM,04-05-2026
S22173,THIRUVAIYARU - 173,Thanjavur,MATHI. MANIKANDAN,Tamilaga Vettri Kazhagam,71280,590,71870,32.36,25/25,11:30 PM,04-05-2026
S22173,THIRUVAIYARU - 173,Thanjavur,S. VIJAYAKUMAR,Anna Puratchi Thalaivar Amma Dravida Munnetra Kazhagam,293,0,293,0.13,25/25,11:30 PM,04-05-2026
S22173,THIRUVAIYARU - 173,Thanjavur,VIJAYA BABU,Tamizhaga Vaazhvurimai Katchi,1106,24,1130,0.51,25/25,11:30 PM,04-05-2026
S22173,THIRUVAIYARU - 173,Thanjavur,V. VENU,Puthiya Tamilagam,341,11,352,0.16,25/25,11:30 PM,04-05-2026
S22173,THIRUVAIYARU - 173,Thanjavur,ABIMAN,Independent,125,2,127,0.06,25/25,11:30 PM,04-05-2026
S22173,THIRUVAIYARU - 173,Thanjavur,ER.S. ARJUN,Independent,151,5,156,0.07,25/25,11:30 PM,04-05-2026
S22173,THIRUVAIYARU - 173,Thanjavur,R. SATHIYANARAYANAN,Independent,177,1,178,0.08,25/25,11:30 PM,04-05-2026
S22173,THIRUVAIYARU - 173,Thanjavur,RAJASEKARAN. S,Independent,345,12,357,0.16,25/25,11:30 PM,04-05-2026
S22173,THIRUVAIYARU - 173,Thanjavur,R. RAJKUMAR,Independent,306,0,306,0.14,25/25,11:30 PM,04-05-2026
S22173,THIRUVAIYARU - 173,Thanjavur,JAYAINDHRAESWARAN,Independent,167,0,167,0.08,25/25,11:30 PM,04-05-2026
S22173,THIRUVAIYARU - 173,Thanjavur,NOTA,None of the Above,935,13,948,0.43,25/25,11:30 PM,04-05-2026
S22174,THANJAVUR - 174,Thanjavur,SHAN. RAMANATHAN,Dravida Munnetra Kazhagam,69339,1411,70750,35.59,24/24,11:30 PM,04-05-2026
S22174,THANJAVUR - 174,Thanjavur,N. KRISHNAKUMAR,Naam Tamilar Katchi,9235,148,9383,4.72,24/24,11:30 PM,04-05-2026
S22174,THANJAVUR - 174,Thanjavur,KARUPPU MURUGANANTHAM,Bharatiya Janata Party,26350,440,26790,13.48,24/24,11:30 PM,04-05-2026
S22174,THANJAVUR - 174,Thanjavur,H. MOHAMED ABDUL KHADIR,Tamizhaga Vaazhvurimai Katchi,264,2,266,0.13,24/24,11:30 PM,04-05-2026
S22174,THANJAVUR - 174,Thanjavur,S. MUTHUVEL,Bahujan Dravida Party,508,5,513,0.26,24/24,11:30 PM,04-05-2026
S22174,THANJAVUR - 174,Thanjavur,R. VIJAYSARAVANAN,Tamilaga Vettri Kazhagam,86874,831,87705,44.12,24/24,11:30 PM,04-05-2026
S22174,THANJAVUR - 174,Thanjavur,S. KARIKALA CHOLAN,Independent,793,7,800,0.4,24/24,11:30 PM,04-05-2026
S22174,THANJAVUR - 174,Thanjavur,D. KUMARAN,Independent,156,1,157,0.08,24/24,11:30 PM,04-05-2026
S22174,THANJAVUR - 174,Thanjavur,M. SANTHOSH,Independent,170,9,179,0.09,24/24,11:30 PM,04-05-2026
S22174,THANJAVUR - 174,Thanjavur,R. SABTHAGIRI,Independent,136,1,137,0.07,24/24,11:30 PM,04-05-2026
S22174,THANJAVUR - 174,Thanjavur,R. MURALIDHARAN,Independent,822,22,844,0.42,24/24,11:30 PM,04-05-2026
S22174,THANJAVUR - 174,Thanjavur,NOTA,None of the Above,1245,29,1274,0.64,24/24,11:30 PM,04-05-2026
S22175,ORATHANADU - 175,Thanjavur,M. SEKAR,All India Anna Dravida Munnetra Kazhagam,43890,370,44260,22.66,24/24,11:27 PM,04-05-2026
S22175,ORATHANADU - 175,Thanjavur,S.THIRUMURUGAN,Naam Tamilar Katchi,10048,87,10135,5.19,24/24,11:27 PM,04-05-2026
S22175,ORATHANADU - 175,Thanjavur,R. VAITHILINGAM,Dravida Munnetra Kazhagam,85816,943,86759,44.42,24/24,11:27 PM,04-05-2026
S22175,ORATHANADU - 175,Thanjavur,DR. K. ARVIND,Tamilaga Vettri Kazhagam,51412,319,51731,26.49,24/24,11:27 PM,04-05-2026
S22175,ORATHANADU - 175,Thanjavur,C. GUNASEKARAN,Thamizh Desiya Munnetra Kazhagam,351,1,352,0.18,24/24,11:27 PM,04-05-2026
S22175,ORATHANADU - 175,Thanjavur,M. SELVARAJ,Party for the Rights of Other backward Classes,545,3,548,0.28,24/24,11:27 PM,04-05-2026
S22175,ORATHANADU - 175,Thanjavur,A. AJESHKANNAN,Independent,257,0,257,0.13,24/24,11:27 PM,04-05-2026
S22175,ORATHANADU - 175,Thanjavur,M. KANAGARAJ,Independent,353,1,354,0.18,24/24,11:27 PM,04-05-2026
S22175,ORATHANADU - 175,Thanjavur,T. VIJAYAKUMAR,Independent,269,8,277,0.14,24/24,11:27 PM,04-05-2026
S22175,ORATHANADU - 175,Thanjavur,NOTA,None of the Above,625,6,631,0.32,24/24,11:27 PM,04-05-2026
S22176,PATTUKKOTTAI - 176,Thanjavur,ANNADURAI K,Dravida Munnetra Kazhagam,65297,666,65963,35.9,24/24,11:30 PM,04-05-2026
S22176,PATTUKKOTTAI - 176,Thanjavur,KANNAN S,Naam Tamilar Katchi,13032,113,13145,7.15,24/24,11:30 PM,04-05-2026
S22176,PATTUKKOTTAI - 176,Thanjavur,SEKAR C V,All India Anna Dravida Munnetra Kazhagam,49324,251,49575,26.98,24/24,11:30 PM,04-05-2026
S22176,PATTUKKOTTAI - 176,Thanjavur,GURUMOORTHY M,Puthiya Tamilagam,519,2,521,0.28,24/24,11:30 PM,04-05-2026
S22176,PATTUKKOTTAI - 176,Thanjavur,MATHAN C,Tamilaga Vettri Kazhagam,51962,247,52209,28.41,24/24,11:30 PM,04-05-2026
S22176,PATTUKKOTTAI - 176,Thanjavur,ANNADURAI C N,Independent,382,0,382,0.21,24/24,11:30 PM,04-05-2026
S22176,PATTUKKOTTAI - 176,Thanjavur,SURESH M R,Independent,237,1,238,0.13,24/24,11:30 PM,04-05-2026
S22176,PATTUKKOTTAI - 176,Thanjavur,SURESH R,Independent,195,0,195,0.11,24/24,11:30 PM,04-05-2026
S22176,PATTUKKOTTAI - 176,Thanjavur,MOHAMED SHARIF M,Independent,243,7,250,0.14,24/24,11:30 PM,04-05-2026
S22176,PATTUKKOTTAI - 176,Thanjavur,MUTHUKUMAR D,Independent,240,0,240,0.13,24/24,11:30 PM,04-05-2026
S22176,PATTUKKOTTAI - 176,Thanjavur,ZIAUDEEN A J,Independent,285,4,289,0.16,24/24,11:30 PM,04-05-2026
S22176,PATTUKKOTTAI - 176,Thanjavur,NOTA,None of the Above,729,9,738,0.4,24/24,11:30 PM,04-05-2026
S22177,PERAVURANI - 177,Thanjavur,ASHOKKUMAR. N,Dravida Munnetra Kazhagam,60262,657,60919,34.56,21/21,11:30 PM,04-05-2026
S22177,PERAVURANI - 177,Thanjavur,GOVI.ELANGO,All India Anna Dravida Munnetra Kazhagam,57353,404,57757,32.77,21/21,11:30 PM,04-05-2026
S22177,PERAVURANI - 177,Thanjavur,BHUVANA MANIYARASAN,Naam Tamilar Katchi,9054,68,9122,5.17,21/21,11:30 PM,04-05-2026
S22177,PERAVURANI - 177,Thanjavur,NEIVELI SASIKUMAR,Tamizhaga Vaazhvurimai Katchi,411,4,415,0.24,21/21,11:30 PM,04-05-2026
S22177,PERAVURANI - 177,Thanjavur,D.CHANDRAKANDEEBAN,Tamilaga Vettri Kazhagam,45394,182,45576,25.86,21/21,11:30 PM,04-05-2026
S22177,PERAVURANI - 177,Thanjavur,G.CHITHIRAVELU,Puthiya Tamilagam,275,3,278,0.16,21/21,11:30 PM,04-05-2026
S22177,PERAVURANI - 177,Thanjavur,R.RAVI,All India Puratchi Thalaivar Makkal Munnettra Kazhagam,557,3,560,0.32,21/21,11:30 PM,04-05-2026
S22177,PERAVURANI - 177,Thanjavur,T.ARULMURUGAN,Independent,293,1,294,0.17,21/21,11:30 PM,04-05-2026
S22177,PERAVURANI - 177,Thanjavur,U.UTHAYAKUMAR,Independent,235,6,241,0.14,21/21,11:30 PM,04-05-2026
S22177,PERAVURANI - 177,Thanjavur,PASUMAIBHOOMI NATARAJAN,Independent,415,2,417,0.24,21/21,11:30 PM,04-05-2026
S22177,PERAVURANI - 177,Thanjavur,NOTA,None of the Above,692,3,695,0.39,21/21,11:30 PM,04-05-2026
S22178,GANDHARVAKOTTAI - 178,Pudukottai,C. UTHAYAKUMAR,Bharatiya Janata Party,47427,329,47756,28.49,18/18,11:27 PM,04-05-2026
S22178,GANDHARVAKOTTAI - 178,Pudukottai,M. CHINNADURAI,Communist Party of India (Marxist),46188,546,46734,27.88,18/18,11:27 PM,04-05-2026
S22178,GANDHARVAKOTTAI - 178,Pudukottai,NATHIYA,Naam Tamilar Katchi,10082,107,10189,6.08,18/18,11:27 PM,04-05-2026
S22178,GANDHARVAKOTTAI - 178,Pudukottai,N. SUBRAMANIAN,Tamilaga Vettri Kazhagam,58386,409,58795,35.08,18/18,11:27 PM,04-05-2026
S22178,GANDHARVAKOTTAI - 178,Pudukottai,DHANARASU,Namadhu Makkal Katchi,403,2,405,0.24,18/18,11:27 PM,04-05-2026
S22178,GANDHARVAKOTTAI - 178,Pudukottai,ARUNKUMAR . S,Independent,642,11,653,0.39,18/18,11:27 PM,04-05-2026
S22178,GANDHARVAKOTTAI - 178,Pudukottai,SASIKUMAR P,Independent,320,9,329,0.2,18/18,11:27 PM,04-05-2026
S22178,GANDHARVAKOTTAI - 178,Pudukottai,SENTHILKUMAR N,Independent,637,5,642,0.38,18/18,11:27 PM,04-05-2026
S22178,GANDHARVAKOTTAI - 178,Pudukottai,T. MURUGESAN,Independent,403,1,404,0.24,18/18,11:27 PM,04-05-2026
S22178,GANDHARVAKOTTAI - 178,Pudukottai,M. LAKSHMANAN,Independent,584,0,584,0.35,18/18,11:27 PM,04-05-2026
S22178,GANDHARVAKOTTAI - 178,Pudukottai,NOTA,None of the Above,1120,7,1127,0.67,18/18,11:27 PM,04-05-2026
S22179,VIRALIMALAI - 179,Pudukottai,SATHYALAKSHMI. K,Naam Tamilar Katchi,9389,78,9467,4.64,22/22,11:30 PM,04-05-2026
S22179,VIRALIMALAI - 179,Pudukottai,CHELLAPANDIYAN. K.K,Dravida Munnetra Kazhagam,39884,513,40397,19.81,22/22,11:30 PM,04-05-2026
S22179,VIRALIMALAI - 179,Pudukottai,VIJAYABASKAR. C,All India Anna Dravida Munnetra Kazhagam,104857,916,105773,51.87,22/22,11:30 PM,04-05-2026
S22179,VIRALIMALAI - 179,Pudukottai,KARTHIKA PRAKASH,All India Puratchi Thalaivar Makkal Munnettra Kazhagam,830,4,834,0.41,22/22,11:30 PM,04-05-2026
S22179,VIRALIMALAI - 179,Pudukottai,SELVARAJ. A,Puthiya Tamilagam,245,6,251,0.12,22/22,11:30 PM,04-05-2026
S22179,VIRALIMALAI - 179,Pudukottai,PALANISAMY. K,Veerath Thiyagi Viswanathadoss Thozhilalarkal Katchi,261,0,261,0.13,22/22,11:30 PM,04-05-2026
S22179,VIRALIMALAI - 179,Pudukottai,MURUGESAN. P,Tamilaga Vettri Kazhagam,43464,236,43700,21.43,22/22,11:30 PM,04-05-2026
S22179,VIRALIMALAI - 179,Pudukottai,ADAIKALARAJ. S,Independent,95,1,96,0.05,22/22,11:30 PM,04-05-2026
S22179,VIRALIMALAI - 179,Pudukottai,ALAGAR. P ADVOCATE,Independent,52,0,52,0.03,22/22,11:30 PM,04-05-2026
S22179,VIRALIMALAI - 179,Pudukottai,CHANDRAJOTHI. M,Independent,58,2,60,0.03,22/22,11:30 PM,04-05-2026
S22179,VIRALIMALAI - 179,Pudukottai,SUBBAIAH. R,Independent,71,4,75,0.04,22/22,11:30 PM,04-05-2026
S22179,VIRALIMALAI - 179,Pudukottai,THIRUMURUGAN. A,Independent,68,2,70,0.03,22/22,11:30 PM,04-05-2026
S22179,VIRALIMALAI - 179,Pudukottai,THIRUMURUGAN. K,Independent,217,1,218,0.11,22/22,11:30 PM,04-05-2026
S22179,VIRALIMALAI - 179,Pudukottai,THIRUVENDRAN. V,Independent,424,0,424,0.21,22/22,11:30 PM,04-05-2026
S22179,VIRALIMALAI - 179,Pudukottai,PALANISAMY. A,Independent,134,0,134,0.07,22/22,11:30 PM,04-05-2026
S22179,VIRALIMALAI - 179,Pudukottai,BALASUBRAMANIAN. K.K,Independent,205,0,205,0.1,22/22,11:30 PM,04-05-2026
S22179,VIRALIMALAI - 179,Pudukottai,BALASUBRAMANIAN. M,Independent,130,0,130,0.06,22/22,11:30 PM,04-05-2026
S22179,VIRALIMALAI - 179,Pudukottai,BALAVEL MURUGESAN. T,Independent,215,0,215,0.11,22/22,11:30 PM,04-05-2026
S22179,VIRALIMALAI - 179,Pudukottai,MAHENDIRAN. K,Independent,555,0,555,0.27,22/22,11:30 PM,04-05-2026
S22179,VIRALIMALAI - 179,Pudukottai,MANIKANDAN. M,Independent,157,0,157,0.08,22/22,11:30 PM,04-05-2026
S22179,VIRALIMALAI - 179,Pudukottai,MATHIYALAGAN. G,Independent,57,1,58,0.03,22/22,11:30 PM,04-05-2026
S22179,VIRALIMALAI - 179,Pudukottai,RAJA. P,Independent,41,1,42,0.02,22/22,11:30 PM,04-05-2026
S22179,VIRALIMALAI - 179,Pudukottai,VEERAMANI. M,Independent,90,0,90,0.04,22/22,11:30 PM,04-05-2026
S22179,VIRALIMALAI - 179,Pudukottai,VEERAMANI. M,Independent,56,0,56,0.03,22/22,11:30 PM,04-05-2026
S22179,VIRALIMALAI - 179,Pudukottai,JAYAGANDHI. R,Independent,153,0,153,0.08,22/22,11:30 PM,04-05-2026
S22179,VIRALIMALAI - 179,Pudukottai,JOTHIVEL. A,Independent,73,0,73,0.04,22/22,11:30 PM,04-05-2026
S22179,VIRALIMALAI - 179,Pudukottai,NOTA,None of the Above,370,5,375,0.18,22/22,11:30 PM,04-05-2026
S22180,PUDUKKOTTAI - 180,Pudukottai,EZHILARASI VIJAYENDRAN,Naam Tamilar Katchi,11509,164,11673,6.13,22/22,11:30 PM,04-05-2026
S22180,PUDUKKOTTAI - 180,Pudukottai,V. MUTHURAJA,Dravida Munnetra Kazhagam,65745,1080,66825,35.1,22/22,11:30 PM,04-05-2026
S22180,PUDUKKOTTAI - 180,Pudukottai,N. RAMACHANDRAN,Bharatiya Janata Party,40686,403,41089,21.58,22/22,11:30 PM,04-05-2026
S22180,PUDUKKOTTAI - 180,Pudukottai,E. RAMALINGAM,Party for the Rights of Other backward Classes,507,3,510,0.27,22/22,11:30 PM,04-05-2026
S22180,PUDUKKOTTAI - 180,Pudukottai,K.M. SHARIFF,Tamilaga Vettri Kazhagam,64454,504,64958,34.12,22/22,11:30 PM,04-05-2026
S22180,PUDUKKOTTAI - 180,Pudukottai,S. NIYAZ AHAMED,Tamizhaga Vaazhvurimai Katchi,369,3,372,0.2,22/22,11:30 PM,04-05-2026
S22180,PUDUKKOTTAI - 180,Pudukottai,G. MANIMEGALAI,Communist Party of India (Marxist-Leninist) (Liberation),100,0,100,0.05,22/22,11:30 PM,04-05-2026
S22180,PUDUKKOTTAI - 180,Pudukottai,A. RAJASEKAR,Veerath Thiyagi Viswanathadoss Thozhilalarkal Katchi,74,0,74,0.04,22/22,11:30 PM,04-05-2026
S22180,PUDUKKOTTAI - 180,Pudukottai,K. RENGAN,Puthiya Tamilagam,121,1,122,0.06,22/22,11:30 PM,04-05-2026
S22180,PUDUKKOTTAI - 180,Pudukottai,G. ARIVAZHAGAN,Independent,80,1,81,0.04,22/22,11:30 PM,04-05-2026
S22180,PUDUKKOTTAI - 180,Pudukottai,KANGATHARAN .P,Independent,210,0,210,0.11,22/22,11:30 PM,04-05-2026
S22180,PUDUKKOTTAI - 180,Pudukottai,C. KARUPPAIAH,Independent,227,6,233,0.12,22/22,11:30 PM,04-05-2026
S22180,PUDUKKOTTAI - 180,Pudukottai,C. KARUPPAIAH,Independent,112,0,112,0.06,22/22,11:30 PM,04-05-2026
S22180,PUDUKKOTTAI - 180,Pudukottai,K. KAILASAKUMAR,Independent,666,3,669,0.35,22/22,11:30 PM,04-05-2026
S22180,PUDUKKOTTAI - 180,Pudukottai,C. GOVINDASAMY,Independent,238,1,239,0.13,22/22,11:30 PM,04-05-2026
S22180,PUDUKKOTTAI - 180,Pudukottai,R. SIVAKUMAR,Independent,192,0,192,0.1,22/22,11:30 PM,04-05-2026
S22180,PUDUKKOTTAI - 180,Pudukottai,A. SUBARESH RAJA,Independent,232,0,232,0.12,22/22,11:30 PM,04-05-2026
S22180,PUDUKKOTTAI - 180,Pudukottai,SENTHILNATHAN .B,Independent,465,1,466,0.24,22/22,11:30 PM,04-05-2026
S22180,PUDUKKOTTAI - 180,Pudukottai,S. SELVARAJ,Independent,350,1,351,0.18,22/22,11:30 PM,04-05-2026
S22180,PUDUKKOTTAI - 180,Pudukottai,K. DHANAGOPAL,Independent,102,0,102,0.05,22/22,11:30 PM,04-05-2026
S22180,PUDUKKOTTAI - 180,Pudukottai,G. DURAISARAVANAN,Independent,324,0,324,0.17,22/22,11:30 PM,04-05-2026
S22180,PUDUKKOTTAI - 180,Pudukottai,M. A. MUTHUKUMAR,Independent,79,4,83,0.04,22/22,11:30 PM,04-05-2026
S22180,PUDUKKOTTAI - 180,Pudukottai,G. MUTHURAJ,Independent,60,2,62,0.03,22/22,11:30 PM,04-05-2026
S22180,PUDUKKOTTAI - 180,Pudukottai,K. MURUGESAN,Independent,64,0,64,0.03,22/22,11:30 PM,04-05-2026
S22180,PUDUKKOTTAI - 180,Pudukottai,D. RAMESH,Independent,193,0,193,0.1,22/22,11:30 PM,04-05-2026
S22180,PUDUKKOTTAI - 180,Pudukottai,A. RADHAKRISHNAN,Independent,39,0,39,0.02,22/22,11:30 PM,04-05-2026
S22180,PUDUKKOTTAI - 180,Pudukottai,RAMACHANDRAN .C,Independent,125,3,128,0.07,22/22,11:30 PM,04-05-2026
S22180,PUDUKKOTTAI - 180,Pudukottai,C. RAMACHANDRAN,Independent,89,0,89,0.05,22/22,11:30 PM,04-05-2026
S22180,PUDUKKOTTAI - 180,Pudukottai,R. RAMACHANDRAN,Independent,190,0,190,0.1,22/22,11:30 PM,04-05-2026
S22180,PUDUKKOTTAI - 180,Pudukottai,V.R. JAYAKUMAR,Independent,127,2,129,0.07,22/22,11:30 PM,04-05-2026
S22180,PUDUKKOTTAI - 180,Pudukottai,NOTA,None of the Above,440,27,467,0.25,22/22,11:30 PM,04-05-2026
S22181,THIRUMAYAM - 181,Pudukottai,REGUPATHY.S,Dravida Munnetra Kazhagam,57676,525,58201,31.87,22/22,11:30 PM,04-05-2026
S22181,THIRUMAYAM - 181,Pudukottai,LAKSHMI SRINIVASAN,Naam Tamilar Katchi,9037,65,9102,4.98,22/22,11:30 PM,04-05-2026
S22181,THIRUMAYAM - 181,Pudukottai,VAIRAMUTHU.PK,All India Anna Dravida Munnetra Kazhagam,55073,391,55464,30.37,22/22,11:30 PM,04-05-2026
S22181,THIRUMAYAM - 181,Pudukottai,CHINTHAMANI.C,Tamilaga Vettri Kazhagam,56463,246,56709,31.05,22/22,11:30 PM,04-05-2026
S22181,THIRUMAYAM - 181,Pudukottai,SUBBIAH.A,Puthiya Tamilagam,358,1,359,0.2,22/22,11:30 PM,04-05-2026
S22181,THIRUMAYAM - 181,Pudukottai,MUTHUKARUPPAN.CN,Party for the Rights of Other backward Classes,225,3,228,0.12,22/22,11:30 PM,04-05-2026
S22181,THIRUMAYAM - 181,Pudukottai,RAMSINGH.SK,Tamizhaga Vaazhvurimai Katchi,97,0,97,0.05,22/22,11:30 PM,04-05-2026
S22181,THIRUMAYAM - 181,Pudukottai,RAJA.K,All India Puratchi Thalaivar Makkal Munnettra Kazhagam,133,2,135,0.07,22/22,11:30 PM,04-05-2026
S22181,THIRUMAYAM - 181,Pudukottai,ESWAR.S,Independent,238,0,238,0.13,22/22,11:30 PM,04-05-2026
S22181,THIRUMAYAM - 181,Pudukottai,SATHISHKUMAR.M,Independent,86,0,86,0.05,22/22,11:30 PM,04-05-2026
S22181,THIRUMAYAM - 181,Pudukottai,CHINNATHAMBI.P,Independent,193,0,193,0.11,22/22,11:30 PM,04-05-2026
S22181,THIRUMAYAM - 181,Pudukottai,SUBRAMANIAN.P,Independent,278,1,279,0.15,22/22,11:30 PM,04-05-2026
S22181,THIRUMAYAM - 181,Pudukottai,DURAIRAJAN.M,Independent,289,0,289,0.16,22/22,11:30 PM,04-05-2026
S22181,THIRUMAYAM - 181,Pudukottai,RAMNATH.T,Independent,285,2,287,0.16,22/22,11:30 PM,04-05-2026
S22181,THIRUMAYAM - 181,Pudukottai,NOTA,None of the Above,937,8,945,0.52,22/22,11:30 PM,04-05-2026
S22182,ALANGUDI - 182,Pudukottai,SIVA.V.MEYYANATHAN,Dravida Munnetra Kazhagam,64162,767,64929,35.98,21/21,11:27 PM,04-05-2026
S22182,ALANGUDI - 182,Pudukottai,R.RAJARAM,Naam Tamilar Katchi,10531,121,10652,5.9,21/21,11:27 PM,04-05-2026
S22182,ALANGUDI - 182,Pudukottai,DHANA VIMAL,All India Anna Dravida Munnetra Kazhagam,49794,269,50063,27.74,21/21,11:27 PM,04-05-2026
S22182,ALANGUDI - 182,Pudukottai,KANDASAMY,Tamilaga Vettri Kazhagam,51577,375,51952,28.78,21/21,11:27 PM,04-05-2026
S22182,ALANGUDI - 182,Pudukottai,R.SURESH,Party for the Rights of Other backward Classes,530,0,530,0.29,21/21,11:27 PM,04-05-2026
S22182,ALANGUDI - 182,Pudukottai,D.PUSHPARAJ,All India Puratchi Thalaivar Makkal Munnettra Kazhagam,603,15,618,0.34,21/21,11:27 PM,04-05-2026
S22182,ALANGUDI - 182,Pudukottai,S MALAIYANDI,Akila Inthiya Makkal Marumalarchi Kazhakam,183,1,184,0.1,21/21,11:27 PM,04-05-2026
S22182,ALANGUDI - 182,Pudukottai,V.KANNADASSAN,Independent,66,0,66,0.04,21/21,11:27 PM,04-05-2026
S22182,ALANGUDI - 182,Pudukottai,SASIKUMAR.P,Independent,155,3,158,0.09,21/21,11:27 PM,04-05-2026
S22182,ALANGUDI - 182,Pudukottai,B.SELVAM,Independent,131,5,136,0.08,21/21,11:27 PM,04-05-2026
S22182,ALANGUDI - 182,Pudukottai,T.THIRUMARAN,Independent,90,1,91,0.05,21/21,11:27 PM,04-05-2026
S22182,ALANGUDI - 182,Pudukottai,M.NAGARAJAN,Independent,123,2,125,0.07,21/21,11:27 PM,04-05-2026
S22182,ALANGUDI - 182,Pudukottai,K.MURUGESAN,Independent,174,0,174,0.1,21/21,11:27 PM,04-05-2026
S22182,ALANGUDI - 182,Pudukottai,S.VANMEGANADHAN,Independent,131,1,132,0.07,21/21,11:27 PM,04-05-2026
S22182,ALANGUDI - 182,Pudukottai,NOTA,None of the Above,664,9,673,0.37,21/21,11:27 PM,04-05-2026
S22183,ARANTHANGI - 183,Pudukottai,KAVITHA SRIKANTH,Bharatiya Janata Party,31147,309,31456,17.21,23/23,11:27 PM,04-05-2026
S22183,ARANTHANGI - 183,Pudukottai,MUTHULAKSHMI. S,Naam Tamilar Katchi,9871,104,9975,5.46,23/23,11:27 PM,04-05-2026
S22183,ARANTHANGI - 183,Pudukottai,RAMACHANDRAN . T,Indian National Congress,62449,733,63182,34.58,23/23,11:27 PM,04-05-2026
S22183,ARANTHANGI - 183,Pudukottai,NAZIM KHAN. M,Tamizhaga Vaazhvurimai Katchi,767,7,774,0.42,23/23,11:27 PM,04-05-2026
S22183,ARANTHANGI - 183,Pudukottai,MOHAMED FARVAS. J,Tamilaga Vettri Kazhagam,72661,583,73244,40.08,23/23,11:27 PM,04-05-2026
S22183,ARANTHANGI - 183,Pudukottai,ABDUL JAFFAR. S,Independent,319,3,322,0.18,23/23,11:27 PM,04-05-2026
S22183,ARANTHANGI - 183,Pudukottai,AIYAPPAN,Independent,136,2,138,0.08,23/23,11:27 PM,04-05-2026
S22183,ARANTHANGI - 183,Pudukottai,ARUNAGIRI . M,Independent,209,1,210,0.11,23/23,11:27 PM,04-05-2026
S22183,ARANTHANGI - 183,Pudukottai,UDAIYAPPAN. M,Independent,134,0,134,0.07,23/23,11:27 PM,04-05-2026
S22183,ARANTHANGI - 183,Pudukottai,KARTHIKEYAN. N,Independent,147,2,149,0.08,23/23,11:27 PM,04-05-2026
S22183,ARANTHANGI - 183,Pudukottai,KALIMUTHU. P,Independent,754,8,762,0.42,23/23,11:27 PM,04-05-2026
S22183,ARANTHANGI - 183,Pudukottai,SHAHUL HAMEED . N,Independent,798,0,798,0.44,23/23,11:27 PM,04-05-2026
S22183,ARANTHANGI - 183,Pudukottai,SUNDAR . A,Independent,291,2,293,0.16,23/23,11:27 PM,04-05-2026
S22183,ARANTHANGI - 183,Pudukottai,DHETCHNA MOORTHY. DOCTOR. S,Independent,401,7,408,0.22,23/23,11:27 PM,04-05-2026
S22183,ARANTHANGI - 183,Pudukottai,MURUGARETHINAM. T,Independent,302,3,305,0.17,23/23,11:27 PM,04-05-2026
S22183,ARANTHANGI - 183,Pudukottai,NOTA,None of the Above,575,5,580,0.32,23/23,11:27 PM,04-05-2026
S22184,KARAIKUDI - 184,Sivaganga,RANJITHKUMAR BALUSAMY,Bahujan Samaj Party,454,4,458,0.2,30/30,11:27 PM,04-05-2026
S22184,KARAIKUDI - 184,Sivaganga,SEEMAN,Naam Tamilar Katchi,30477,316,30793,13.43,30/30,11:27 PM,04-05-2026
S22184,KARAIKUDI - 184,Sivaganga,MANGUDI. S,Indian National Congress,54417,867,55284,24.11,30/30,11:27 PM,04-05-2026
S22184,KARAIKUDI - 184,Sivaganga,AZIZ ABDUL RAHMAN. J,Samaniya Makkal Nala Katchi,310,5,315,0.14,30/30,11:27 PM,04-05-2026
S22184,KARAIKUDI - 184,Sivaganga,KARUPPIAH. K,Republican Party of India (Athawale),577,13,590,0.26,30/30,11:27 PM,04-05-2026
S22184,KARAIKUDI - 184,Sivaganga,KALIMUTHU. A,All India Puratchi Thalaivar Makkal Munnettra Kazhagam,597,5,602,0.26,30/30,11:27 PM,04-05-2026
S22184,KARAIKUDI - 184,Sivaganga,DHERPOKI V.PANDI,Amma Makkal Munnettra Kazagam,33066,286,33352,14.55,30/30,11:27 PM,04-05-2026
S22184,KARAIKUDI - 184,Sivaganga,NEWTON BABU. C,Puthiya Tamilagam,791,5,796,0.35,30/30,11:27 PM,04-05-2026
S22184,KARAIKUDI - 184,Sivaganga,DR.PRABHU. TK,Tamilaga Vettri Kazhagam,100627,731,101358,44.21,30/30,11:27 PM,04-05-2026
S22184,KARAIKUDI - 184,Sivaganga,RAMU. M,Independent,214,2,216,0.09,30/30,11:27 PM,04-05-2026
S22184,KARAIKUDI - 184,Sivaganga,UDHUMAN ALI. M.S,Independent,165,1,166,0.07,30/30,11:27 PM,04-05-2026
S22184,KARAIKUDI - 184,Sivaganga,KALIDASS. R,Independent,460,9,469,0.2,30/30,11:27 PM,04-05-2026
S22184,KARAIKUDI - 184,Sivaganga,SHANTHI. B,Independent,261,2,263,0.11,30/30,11:27 PM,04-05-2026
S22184,KARAIKUDI - 184,Sivaganga,SURESH. V,Independent,214,2,216,0.09,30/30,11:27 PM,04-05-2026
S22184,KARAIKUDI - 184,Sivaganga,SELVI. K,Independent,169,0,169,0.07,30/30,11:27 PM,04-05-2026
S22184,KARAIKUDI - 184,Sivaganga,DINESH. K,Independent,531,0,531,0.23,30/30,11:27 PM,04-05-2026
S22184,KARAIKUDI - 184,Sivaganga,PANDI. S,Independent,360,1,361,0.16,30/30,11:27 PM,04-05-2026
S22184,KARAIKUDI - 184,Sivaganga,PRABU. G,Independent,497,5,502,0.22,30/30,11:27 PM,04-05-2026
S22184,KARAIKUDI - 184,Sivaganga,MANIMARAN. R,Independent,470,1,471,0.21,30/30,11:27 PM,04-05-2026
S22184,KARAIKUDI - 184,Sivaganga,MUTHUKUMAR. K,Independent,171,4,175,0.08,30/30,11:27 PM,04-05-2026
S22184,KARAIKUDI - 184,Sivaganga,RAMANATHAN. S.V,Independent,155,2,157,0.07,30/30,11:27 PM,04-05-2026
S22184,KARAIKUDI - 184,Sivaganga,LAKSHMANAN. R,Independent,258,0,258,0.11,30/30,11:27 PM,04-05-2026
S22184,KARAIKUDI - 184,Sivaganga,VEERAMANIKANDAN. V,Independent,234,2,236,0.1,30/30,11:27 PM,04-05-2026
S22184,KARAIKUDI - 184,Sivaganga,VELU. K,Independent,688,1,689,0.3,30/30,11:27 PM,04-05-2026
S22184,KARAIKUDI - 184,Sivaganga,JEEVITHA. A,Independent,321,0,321,0.14,30/30,11:27 PM,04-05-2026
S22184,KARAIKUDI - 184,Sivaganga,NOTA,None of the Above,513,6,519,0.23,30/30,11:27 PM,04-05-2026
S22185,TIRUPPATTUR - 185,Sivaganga,THIRUMARAN. K.C,Bharatiya Janata Party,28733,276,29009,13.47,29/30,11:30 PM,04-05-2026
S22185,TIRUPPATTUR - 185,Sivaganga,PERIAKARUPPAN. KR,Dravida Munnetra Kazhagam,82043,1183,83226,38.65,29/30,11:30 PM,04-05-2026
S22185,TIRUPPATTUR - 185,Sivaganga,RAMYA MOHAN,Naam Tamilar Katchi,15172,102,15274,7.09,29/30,11:30 PM,04-05-2026
S22185,TIRUPPATTUR - 185,Sivaganga,UMADEVI. S,All India Puratchi Thalaivar Makkal Munnettra Kazhagam,603,8,611,0.28,29/30,11:30 PM,04-05-2026
S22185,TIRUPPATTUR - 185,Sivaganga,SEENIVASA SETHUPATHY. R,Tamilaga Vettri Kazhagam,82831,365,83196,38.64,29/30,11:30 PM,04-05-2026
S22185,TIRUPPATTUR - 185,Sivaganga,SHANMUGAM. M,Independent,379,3,382,0.18,29/30,11:30 PM,04-05-2026
S22185,TIRUPPATTUR - 185,Sivaganga,SETHU. P,Independent,134,1,135,0.06,29/30,11:30 PM,04-05-2026
S22185,TIRUPPATTUR - 185,Sivaganga,PANCHAVARNAM. M,Independent,129,0,129,0.06,29/30,11:30 PM,04-05-2026
S22185,TIRUPPATTUR - 185,Sivaganga,BAKIYALAKSHMI. M,Independent,265,1,266,0.12,29/30,11:30 PM,04-05-2026
S22185,TIRUPPATTUR - 185,Sivaganga,PIRAMAN. P,Independent,219,3,222,0.1,29/30,11:30 PM,04-05-2026
S22185,TIRUPPATTUR - 185,Sivaganga,MALLIKA. A,Independent,135,8,143,0.07,29/30,11:30 PM,04-05-2026
S22185,TIRUPPATTUR - 185,Sivaganga,MARIMUTHU. S,Independent,348,2,350,0.16,29/30,11:30 PM,04-05-2026
S22185,TIRUPPATTUR - 185,Sivaganga,RAJA. K.P.M,Independent,744,7,751,0.35,29/30,11:30 PM,04-05-2026
S22185,TIRUPPATTUR - 185,Sivaganga,DR.VINAYAGA MEYYARASU. T,Independent,376,4,380,0.18,29/30,11:30 PM,04-05-2026
S22185,TIRUPPATTUR - 185,Sivaganga,VISHWANATHAN. S,Independent,496,0,496,0.23,29/30,11:30 PM,04-05-2026
S22185,TIRUPPATTUR - 185,Sivaganga,NOTA,None of the Above,740,6,746,0.35,29/30,11:30 PM,04-05-2026
S22186,SIVAGANGA - 186,Sivaganga,INDHUJA R,Naam Tamilar Katchi,18714,307,19021,8.89,31/31,11:30 PM,04-05-2026
S22186,SIVAGANGA - 186,Sivaganga,KARUNAAS S,Dravida Munnetra Kazhagam,56470,830,57300,26.77,31/31,11:30 PM,04-05-2026
S22186,SIVAGANGA - 186,Sivaganga,SENTHILNATHAN PR,All India Anna Dravida Munnetra Kazhagam,57987,669,58656,27.4,31/31,11:30 PM,04-05-2026
S22186,SIVAGANGA - 186,Sivaganga,MARIMUTHU K,Bahujan Samaj Party,445,2,447,0.21,31/31,11:30 PM,04-05-2026
S22186,SIVAGANGA - 186,Sivaganga,RAJAMANICKAM M,Desiya Makkal Sakthi Katchi,317,2,319,0.15,31/31,11:30 PM,04-05-2026
S22186,SIVAGANGA - 186,Sivaganga,KULANTHAI RANI A,Tamilaga Vettri Kazhagam,72917,820,73737,34.45,31/31,11:30 PM,04-05-2026
S22186,SIVAGANGA - 186,Sivaganga,MURUGANANTHAM GURU,All India Puratchi Thalaivar Makkal Munnettra Kazhagam,1168,18,1186,0.55,31/31,11:30 PM,04-05-2026
S22186,SIVAGANGA - 186,Sivaganga,RAJESH X,Tamizhaga Vaazhvurimai Katchi,259,4,263,0.12,31/31,11:30 PM,04-05-2026
S22186,SIVAGANGA - 186,Sivaganga,RAJKUMAR C,Party for the Rights of Other backward Classes,223,0,223,0.1,31/31,11:30 PM,04-05-2026
S22186,SIVAGANGA - 186,Sivaganga,IRUDAYARAJ V,Independent,98,1,99,0.05,31/31,11:30 PM,04-05-2026
S22186,SIVAGANGA - 186,Sivaganga,KARTHIK M,Independent,361,8,369,0.17,31/31,11:30 PM,04-05-2026
S22186,SIVAGANGA - 186,Sivaganga,KALEESWARAN M,Independent,207,3,210,0.1,31/31,11:30 PM,04-05-2026
S22186,SIVAGANGA - 186,Sivaganga,SANTHANAM,Independent,157,4,161,0.08,31/31,11:30 PM,04-05-2026
S22186,SIVAGANGA - 186,Sivaganga,NAGAPRABU,Independent,264,0,264,0.12,31/31,11:30 PM,04-05-2026
S22186,SIVAGANGA - 186,Sivaganga,PAULSAMY,Independent,281,1,282,0.13,31/31,11:30 PM,04-05-2026
S22186,SIVAGANGA - 186,Sivaganga,PRABAKARAN S.T,Independent,282,0,282,0.13,31/31,11:30 PM,04-05-2026
S22186,SIVAGANGA - 186,Sivaganga,RAMESH K,Independent,195,0,195,0.09,31/31,11:30 PM,04-05-2026
S22186,SIVAGANGA - 186,Sivaganga,NOTA,None of the Above,1040,13,1053,0.49,31/31,11:30 PM,04-05-2026
S22187,MANAMADURAI - 187,Sivaganga,SHANMUGAPRIYA.M,Naam Tamilar Katchi,19198,478,19676,9.43,27/27,11:27 PM,04-05-2026
S22187,MANAMADURAI - 187,Sivaganga,TAMILARASI.A,Dravida Munnetra Kazhagam,67820,943,68763,32.96,27/27,11:27 PM,04-05-2026
S22187,MANAMADURAI - 187,Sivaganga,BALAGANAPATHY.V,Bharatiya Janata Party,41824,786,42610,20.42,27/27,11:27 PM,04-05-2026
S22187,MANAMADURAI - 187,Sivaganga,ARUNPANDIAN.A,Tamizhaga Vaazhvurimai Katchi,475,9,484,0.23,27/27,11:27 PM,04-05-2026
S22187,MANAMADURAI - 187,Sivaganga,ARUMUGAM.V,Republican Party of India,1657,35,1692,0.81,27/27,11:27 PM,04-05-2026
S22187,MANAMADURAI - 187,Sivaganga,ELANGOVAN.D,Tamilaga Vettri Kazhagam,68882,1089,69971,33.54,27/27,11:27 PM,04-05-2026
S22187,MANAMADURAI - 187,Sivaganga,THILAGARAJ.K,All India Puratchi Thalaivar Makkal Munnettra Kazhagam,1645,41,1686,0.81,27/27,11:27 PM,04-05-2026
S22187,MANAMADURAI - 187,Sivaganga,RAJAMANIKKAM.A,Puthiya Tamilagam,679,27,706,0.34,27/27,11:27 PM,04-05-2026
S22187,MANAMADURAI - 187,Sivaganga,KARUPPUSAMI.V,Independent,260,1,261,0.13,27/27,11:27 PM,04-05-2026
S22187,MANAMADURAI - 187,Sivaganga,SHANKARGANESAN.S,Independent,261,2,263,0.13,27/27,11:27 PM,04-05-2026
S22187,MANAMADURAI - 187,Sivaganga,SATHISH.T,Independent,311,6,317,0.15,27/27,11:27 PM,04-05-2026
S22187,MANAMADURAI - 187,Sivaganga,BHARATHIDASAN.S,Independent,608,4,612,0.29,27/27,11:27 PM,04-05-2026
S22187,MANAMADURAI - 187,Sivaganga,RAJU.J.M,Independent,327,1,328,0.16,27/27,11:27 PM,04-05-2026
S22187,MANAMADURAI - 187,Sivaganga,VEERAPANDI.V,Independent,427,1,428,0.21,27/27,11:27 PM,04-05-2026
S22187,MANAMADURAI - 187,Sivaganga,NOTA,None of the Above,833,13,846,0.41,27/27,11:27 PM,04-05-2026
S22188,MELUR - 188,Madurai,KOTTAIKUMAR,Naam Tamilar Katchi,9440,130,9570,5.02,21/21,11:27 PM,04-05-2026
S22188,MELUR - 188,Madurai,P.PERIYAPULLAN (A) SELVAM,All India Anna Dravida Munnetra Kazhagam,56327,417,56744,29.75,21/21,11:27 PM,04-05-2026
S22188,MELUR - 188,Madurai,P.VISWANATHAN,Indian National Congress,59486,594,60080,31.5,21/21,11:27 PM,04-05-2026
S22188,MELUR - 188,Madurai,SONIAGANDHI,All India Puratchi Thalaivar Makkal Munnettra Kazhagam,2559,69,2628,1.38,21/21,11:27 PM,04-05-2026
S22188,MELUR - 188,Madurai,M.PANNEERSELVAM,Puthiya Tamilagam,418,5,423,0.22,21/21,11:27 PM,04-05-2026
S22188,MELUR - 188,Madurai,A.MADURAIVEERAN,Tamilaga Vettri Kazhagam,56916,440,57356,30.07,21/21,11:27 PM,04-05-2026
S22188,MELUR - 188,Madurai,K.MEYYAR,Communist Party of India (Marxist-Leninist) (Liberation),273,3,276,0.14,21/21,11:27 PM,04-05-2026
S22188,MELUR - 188,Madurai,K.SETHURAMAN,Independent,82,3,85,0.04,21/21,11:27 PM,04-05-2026
S22188,MELUR - 188,Madurai,S.BOOPATHI,Independent,114,2,116,0.06,21/21,11:27 PM,04-05-2026
S22188,MELUR - 188,Madurai,K.MANIKANDAPRABU,Independent,138,0,138,0.07,21/21,11:27 PM,04-05-2026
S22188,MELUR - 188,Madurai,M.MURUGAN,Independent,2107,63,2170,1.14,21/21,11:27 PM,04-05-2026
S22188,MELUR - 188,Madurai,C.MOHANRAM,Independent,262,7,269,0.14,21/21,11:27 PM,04-05-2026
S22188,MELUR - 188,Madurai,C.RAMESH,Independent,317,0,317,0.17,21/21,11:27 PM,04-05-2026
S22188,MELUR - 188,Madurai,NOTA,None of the Above,544,10,554,0.29,21/21,11:27 PM,04-05-2026
S22189,MADURAI EAST - 189,Madurai,SELVAM K,Naam Tamilar Katchi,13446,183,13629,5.02,29/29,11:27 PM,04-05-2026
S22189,MADURAI EAST - 189,Madurai,MAHENDRAN K,All India Anna Dravida Munnetra Kazhagam,30511,505,31016,11.42,29/29,11:27 PM,04-05-2026
S22189,MADURAI EAST - 189,Madurai,MOORTHY P,Dravida Munnetra Kazhagam,100856,1374,102230,37.64,29/29,11:27 PM,04-05-2026
S22189,MADURAI EAST - 189,Madurai,KARTHIKEYAN S,Tamilaga Vettri Kazhagam,117714,1063,118777,43.74,29/29,11:27 PM,04-05-2026
S22189,MADURAI EAST - 189,Madurai,BHARATHIRAJA A,Puthiya Tamilagam,580,14,594,0.22,29/29,11:27 PM,04-05-2026
S22189,MADURAI EAST - 189,Madurai,PRINCE S,Republican Party of India (Athawale),1543,48,1591,0.59,29/29,11:27 PM,04-05-2026
S22189,MADURAI EAST - 189,Madurai,BOOMIRAJAN K,Tamizhaga Vaazhvurimai Katchi,153,6,159,0.06,29/29,11:27 PM,04-05-2026
S22189,MADURAI EAST - 189,Madurai,ARASU S,Independent,194,2,196,0.07,29/29,11:27 PM,04-05-2026
S22189,MADURAI EAST - 189,Madurai,ARUN PANDIAN A J,Independent,217,0,217,0.08,29/29,11:27 PM,04-05-2026
S22189,MADURAI EAST - 189,Madurai,AJAY KANNAN A,Independent,163,0,163,0.06,29/29,11:27 PM,04-05-2026
S22189,MADURAI EAST - 189,Madurai,KARTHIKEYAN G,Independent,730,20,750,0.28,29/29,11:27 PM,04-05-2026
S22189,MADURAI EAST - 189,Madurai,CHANDRA MOULISWARAN A,Independent,114,7,121,0.04,29/29,11:27 PM,04-05-2026
S22189,MADURAI EAST - 189,Madurai,PITCHAI V,Independent,240,0,240,0.09,29/29,11:27 PM,04-05-2026
S22189,MADURAI EAST - 189,Madurai,MUGESHKUMAR M,Independent,560,1,561,0.21,29/29,11:27 PM,04-05-2026
S22189,MADURAI EAST - 189,Madurai,VELLADURAI A,Independent,145,0,145,0.05,29/29,11:27 PM,04-05-2026
S22189,MADURAI EAST - 189,Madurai,NOTA,None of the Above,1146,31,1177,0.43,29/29,11:27 PM,04-05-2026
S22190,SHOLAVANDAN - 190,Madurai,NAGALAKSHMI THIRUMARAN.T,Naam Tamilar Katchi,10226,204,10430,5.52,19/19,11:30 PM,04-05-2026
S22190,SHOLAVANDAN - 190,Madurai,MANICKAM.K,All India Anna Dravida Munnetra Kazhagam,49080,414,49494,26.18,19/19,11:30 PM,04-05-2026
S22190,SHOLAVANDAN - 190,Madurai,VENKATESAN.A,Dravida Munnetra Kazhagam,60621,608,61229,32.38,19/19,11:30 PM,04-05-2026
S22190,SHOLAVANDAN - 190,Madurai,KARUPPAIAH.M.V,Tamilaga Vettri Kazhagam,63234,673,63907,33.8,19/19,11:30 PM,04-05-2026
S22190,SHOLAVANDAN - 190,Madurai,THANGAPANDI.P,Tamizhaga Vaazhvurimai Katchi,192,3,195,0.1,19/19,11:30 PM,04-05-2026
S22190,SHOLAVANDAN - 190,Madurai,BALAMURUGAN.K,All India Puratchi Thalaivar Makkal Munnettra Kazhagam,2035,56,2091,1.11,19/19,11:30 PM,04-05-2026
S22190,SHOLAVANDAN - 190,Madurai,RAGHU.K,Puthiya Tamilagam,260,5,265,0.14,19/19,11:30 PM,04-05-2026
S22190,SHOLAVANDAN - 190,Madurai,RAMADOSS.C,Indhu Dravida Makkal Katchi,64,1,65,0.03,19/19,11:30 PM,04-05-2026
S22190,SHOLAVANDAN - 190,Madurai,AJAY SUBASH.B,Independent,71,1,72,0.04,19/19,11:30 PM,04-05-2026
S22190,SHOLAVANDAN - 190,Madurai,KRISHNASAMY.P,Independent,42,0,42,0.02,19/19,11:30 PM,04-05-2026
S22190,SHOLAVANDAN - 190,Madurai,GUNASEKARAN.P,Independent,180,6,186,0.1,19/19,11:30 PM,04-05-2026
S22190,SHOLAVANDAN - 190,Madurai,BALAMURUGAN.C,Independent,142,1,143,0.08,19/19,11:30 PM,04-05-2026
S22190,SHOLAVANDAN - 190,Madurai,BALAMURUGAN.R,Independent,203,0,203,0.11,19/19,11:30 PM,04-05-2026
S22190,SHOLAVANDAN - 190,Madurai,RANJITH KUMAR.S,Independent,187,0,187,0.1,19/19,11:30 PM,04-05-2026
S22190,SHOLAVANDAN - 190,Madurai,NOTA,None of the Above,551,20,571,0.3,19/19,11:30 PM,04-05-2026
S22191,MADURAI NORTH - 191,Madurai,P.SARAVANAN,All India Anna Dravida Munnetra Kazhagam,24557,425,24982,15.44,19/19,11:27 PM,04-05-2026
S22191,MADURAI NORTH - 191,Madurai,G.THALAPATHI,Dravida Munnetra Kazhagam,54088,727,54815,33.88,19/19,11:27 PM,04-05-2026
S22191,MADURAI NORTH - 191,Madurai,V THIRUNAVUKKARASU,Naam Tamilar Katchi,7281,134,7415,4.58,19/19,11:27 PM,04-05-2026
S22191,MADURAI NORTH - 191,Madurai,A.KALLANAI,Tamilaga Vettri Kazhagam,72121,732,72853,45.03,19/19,11:27 PM,04-05-2026
S22191,MADURAI NORTH - 191,Madurai,R RAJKUMAR,Naam Indiar Party,135,3,138,0.09,19/19,11:27 PM,04-05-2026
S22191,MADURAI NORTH - 191,Madurai,M J VOLTAIRE,Socialist Unity Centre Of India (COMMUNIST),120,2,122,0.08,19/19,11:27 PM,04-05-2026
S22191,MADURAI NORTH - 191,Madurai,N.KUPPUSAMY,Independent,25,0,25,0.02,19/19,11:27 PM,04-05-2026
S22191,MADURAI NORTH - 191,Madurai,J.KESAVARAJAH,Independent,82,0,82,0.05,19/19,11:27 PM,04-05-2026
S22191,MADURAI NORTH - 191,Madurai,M.P.SANKARAPANDI,Independent,122,0,122,0.08,19/19,11:27 PM,04-05-2026
S22191,MADURAI NORTH - 191,Madurai,C.SATHISHKUMAR,Independent,92,2,94,0.06,19/19,11:27 PM,04-05-2026
S22191,MADURAI NORTH - 191,Madurai,D.MOHAMED ISMAIL,Independent,161,3,164,0.1,19/19,11:27 PM,04-05-2026
S22191,MADURAI NORTH - 191,Madurai,P MUTHUSAMY,Independent,101,0,101,0.06,19/19,11:27 PM,04-05-2026
S22191,MADURAI NORTH - 191,Madurai,A.RAJANGAM,Independent,133,2,135,0.08,19/19,11:27 PM,04-05-2026
S22191,MADURAI NORTH - 191,Madurai,NOTA,None of the Above,732,21,753,0.47,19/19,11:27 PM,04-05-2026
S22192,MADURAI SOUTH - 192,Madurai,RAAMA SREENIVASAN,Bharatiya Janata Party,30900,200,31100,21.98,17/17,11:27 PM,04-05-2026
S22192,MADURAI SOUTH - 192,Madurai,B.M.SUMATHY,Naam Tamilar Katchi,5808,55,5863,4.14,17/17,11:27 PM,04-05-2026
S22192,MADURAI SOUTH - 192,Madurai,M.BOOMINATHAN,Dravida Munnetra Kazhagam,40600,286,40886,28.89,17/17,11:27 PM,04-05-2026
S22192,MADURAI SOUTH - 192,Madurai,S.IRUTHYARAJ,Tamizhaga Vaazhvurimai Katchi,368,2,370,0.26,17/17,11:27 PM,04-05-2026
S22192,MADURAI SOUTH - 192,Madurai,M.M.GOPISON,Tamilaga Vettri Kazhagam,62162,253,62415,44.11,17/17,11:27 PM,04-05-2026
S22192,MADURAI SOUTH - 192,Madurai,K.JEYA,Independent,257,0,257,0.18,17/17,11:27 PM,04-05-2026
S22192,MADURAI SOUTH - 192,Madurai,NOTA,None of the Above,606,6,612,0.43,17/17,11:27 PM,04-05-2026
S22193,MADURAI CENTRAL - 193,Madurai,ABDUL HAKEEM K,Naam Tamilar Katchi,5486,63,5549,3.73,19/19,11:30 PM,04-05-2026
S22193,MADURAI CENTRAL - 193,Madurai,SUNDAR C,All India Anna Dravida Munnetra Kazhagam,33298,240,33538,22.57,19/19,11:30 PM,04-05-2026
S22193,MADURAI CENTRAL - 193,Madurai,PALANIVEL THIAGA RAJAN,Dravida Munnetra Kazhagam,43834,452,44286,29.8,19/19,11:30 PM,04-05-2026
S22193,MADURAI CENTRAL - 193,Madurai,RAMAR PANDI T,Bahujan Samaj Party,263,5,268,0.18,19/19,11:30 PM,04-05-2026
S22193,MADURAI CENTRAL - 193,Madurai,SAKKARAVARTHY P,All India Puratchi Thalaivar Makkal Munnettra Kazhagam,310,3,313,0.21,19/19,11:30 PM,04-05-2026
S22193,MADURAI CENTRAL - 193,Madurai,MADHAR BADHURUDEEN,Tamilaga Vettri Kazhagam,63106,308,63414,42.68,19/19,11:30 PM,04-05-2026
S22193,MADURAI CENTRAL - 193,Madurai,AVADAINATHAN V,Independent,145,0,145,0.1,19/19,11:30 PM,04-05-2026
S22193,MADURAI CENTRAL - 193,Madurai,GURU KARTHICK T,Independent,72,0,72,0.05,19/19,11:30 PM,04-05-2026
S22193,MADURAI CENTRAL - 193,Madurai,SALEEM,Independent,104,1,105,0.07,19/19,11:30 PM,04-05-2026
S22193,MADURAI CENTRAL - 193,Madurai,SIVAPERUMAL V,Independent,64,1,65,0.04,19/19,11:30 PM,04-05-2026
S22193,MADURAI CENTRAL - 193,Madurai,MANIVANNAN,Independent,83,0,83,0.06,19/19,11:30 PM,04-05-2026
S22193,MADURAI CENTRAL - 193,Madurai,RAJENDRAN R,Independent,91,1,92,0.06,19/19,11:30 PM,04-05-2026
S22193,MADURAI CENTRAL - 193,Madurai,NOTA,None of the Above,644,12,656,0.44,19/19,11:30 PM,04-05-2026
S22194,MADURAI WEST - 194,Madurai,SELLUR K RAJU,All India Anna Dravida Munnetra Kazhagam,38526,435,38961,18,27/27,11:27 PM,04-05-2026
S22194,MADURAI WEST - 194,Madurai,BALAJI R,Dravida Munnetra Kazhagam,75484,835,76319,35.27,27/27,11:27 PM,04-05-2026
S22194,MADURAI WEST - 194,Madurai,VIGNESHKUMAR S,Naam Tamilar Katchi,10432,142,10574,4.89,27/27,11:27 PM,04-05-2026
S22194,MADURAI WEST - 194,Madurai,THANGAPANDI SR,Tamilaga Vettri Kazhagam,87539,711,88250,40.78,27/27,11:27 PM,04-05-2026
S22194,MADURAI WEST - 194,Madurai,MADURAI VEERAN S,Tamizhaga Vaazhvurimai Katchi,169,1,170,0.08,27/27,11:27 PM,04-05-2026
S22194,MADURAI WEST - 194,Madurai,MUTHUPANDI R,Vishwa Tamil Kazhagam,116,0,116,0.05,27/27,11:27 PM,04-05-2026
S22194,MADURAI WEST - 194,Madurai,ANANDH K,Independent,129,1,130,0.06,27/27,11:27 PM,04-05-2026
S22194,MADURAI WEST - 194,Madurai,THARMA PRABU V S,Independent,126,0,126,0.06,27/27,11:27 PM,04-05-2026
S22194,MADURAI WEST - 194,Madurai,MANOJ KUMAR R,Independent,51,1,52,0.02,27/27,11:27 PM,04-05-2026
S22194,MADURAI WEST - 194,Madurai,MUTHUKUMAR S,Independent,189,1,190,0.09,27/27,11:27 PM,04-05-2026
S22194,MADURAI WEST - 194,Madurai,MUTHUKUMAR D,Independent,88,1,89,0.04,27/27,11:27 PM,04-05-2026
S22194,MADURAI WEST - 194,Madurai,RAHAMADULLAH S,Independent,85,1,86,0.04,27/27,11:27 PM,04-05-2026
S22194,MADURAI WEST - 194,Madurai,RAJKUMAR S,Independent,255,2,257,0.12,27/27,11:27 PM,04-05-2026
S22194,MADURAI WEST - 194,Madurai,VENKATESAN M,Independent,188,2,190,0.09,27/27,11:27 PM,04-05-2026
S22194,MADURAI WEST - 194,Madurai,NOTA,None of the Above,871,22,893,0.41,27/27,11:27 PM,04-05-2026
S22195,THIRUPARANKUNDRAM - 195,Madurai,KIRUTHIGA THANGAPANDI,Dravida Munnetra Kazhagam,72075,688,72763,28.48,27/27,11:30 PM,04-05-2026
S22195,THIRUPARANKUNDRAM - 195,Madurai,SATHYADEVI. T.,Naam Tamilar Katchi,14156,194,14350,5.62,27/27,11:30 PM,04-05-2026
S22195,THIRUPARANKUNDRAM - 195,Madurai,RAJANCHELLAPPA. V.V.,All India Anna Dravida Munnetra Kazhagam,49423,442,49865,19.52,27/27,11:30 PM,04-05-2026
S22195,THIRUPARANKUNDRAM - 195,Madurai,CHELLADURAI. R,Naam Indiar Party,230,1,231,0.09,27/27,11:30 PM,04-05-2026
S22195,THIRUPARANKUNDRAM - 195,Madurai,SETHURAMAN. A.,Puthiya Tamilagam,361,7,368,0.14,27/27,11:30 PM,04-05-2026
S22195,THIRUPARANKUNDRAM - 195,Madurai,SYED IBRAHIM. M.,Tamizhaga Vaazhvurimai Katchi,161,2,163,0.06,27/27,11:30 PM,04-05-2026
S22195,THIRUPARANKUNDRAM - 195,Madurai,THANAPANDIAN. T.,All India Puratchi Thalaivar Makkal Munnettra Kazhagam,1068,20,1088,0.43,27/27,11:30 PM,04-05-2026
S22195,THIRUPARANKUNDRAM - 195,Madurai,NIRMALKUMAR. R.,Tamilaga Vettri Kazhagam,113578,738,114316,44.75,27/27,11:30 PM,04-05-2026
S22195,THIRUPARANKUNDRAM - 195,Madurai,MOOKKAYEE. C.,Ezhuchi Tamilargal Munnetra Kazhagam,249,0,249,0.1,27/27,11:30 PM,04-05-2026
S22195,THIRUPARANKUNDRAM - 195,Madurai,RENGANATHAN DORAISAMY,Rashtriya Samaj Dal (R),137,3,140,0.05,27/27,11:30 PM,04-05-2026
S22195,THIRUPARANKUNDRAM - 195,Madurai,ARUMUGAM. G.,Independent,103,5,108,0.04,27/27,11:30 PM,04-05-2026
S22195,THIRUPARANKUNDRAM - 195,Madurai,UKKRA PANDIAN. S.,Independent,119,3,122,0.05,27/27,11:30 PM,04-05-2026
S22195,THIRUPARANKUNDRAM - 195,Madurai,POUNRAJ. N.,Independent,66,0,66,0.03,27/27,11:30 PM,04-05-2026
S22195,THIRUPARANKUNDRAM - 195,Madurai,RAJ. P.,Independent,352,1,353,0.14,27/27,11:30 PM,04-05-2026
S22195,THIRUPARANKUNDRAM - 195,Madurai,VALLARASAN. K.,Independent,136,0,136,0.05,27/27,11:30 PM,04-05-2026
S22195,THIRUPARANKUNDRAM - 195,Madurai,NOTA,None of the Above,1133,15,1148,0.45,27/27,11:30 PM,04-05-2026
S22196,THIRUMANGALAM - 196,Madurai,UDHAYAKUMAR.R.B,All India Anna Dravida Munnetra Kazhagam,63652,832,64484,27.92,26/26,11:30 PM,04-05-2026
S22196,THIRUMANGALAM - 196,Madurai,MANIMARAN.M,Dravida Munnetra Kazhagam,87063,1228,88291,38.22,26/26,11:30 PM,04-05-2026
S22196,THIRUMANGALAM - 196,Madurai,MUNISH.N,Naam Tamilar Katchi,10751,388,11139,4.82,26/26,11:30 PM,04-05-2026
S22196,THIRUMANGALAM - 196,Madurai,ALAGAR.A,Ezhuchi Tamilargal Munnetra Kazhagam,131,2,133,0.06,26/26,11:30 PM,04-05-2026
S22196,THIRUMANGALAM - 196,Madurai,KALAISELVI.R,Ahila India Dhayaga Makkal Munnetra Katchi,280,3,283,0.12,26/26,11:30 PM,04-05-2026
S22196,THIRUMANGALAM - 196,Madurai,SATHISHKUMAR.N,Tamilaga Vettri Kazhagam,59700,1126,60826,26.33,26/26,11:30 PM,04-05-2026
S22196,THIRUMANGALAM - 196,Madurai,JEEVITHA NACHIYAR.B,All India Puratchi Thalaivar Makkal Munnettra Kazhagam,2750,101,2851,1.23,26/26,11:30 PM,04-05-2026
S22196,THIRUMANGALAM - 196,Madurai,AYYANAN.P,Independent,110,2,112,0.05,26/26,11:30 PM,04-05-2026
S22196,THIRUMANGALAM - 196,Madurai,GIRISHKUMAR.A,Independent,52,0,52,0.02,26/26,11:30 PM,04-05-2026
S22196,THIRUMANGALAM - 196,Madurai,SAKKARAVARTHY.P,Independent,97,8,105,0.05,26/26,11:30 PM,04-05-2026
S22196,THIRUMANGALAM - 196,Madurai,NAGOOR.M,Independent,80,4,84,0.04,26/26,11:30 PM,04-05-2026
S22196,THIRUMANGALAM - 196,Madurai,BHARATH.M,Independent,906,18,924,0.4,26/26,11:30 PM,04-05-2026
S22196,THIRUMANGALAM - 196,Madurai,MUTHURAJA.M,Independent,81,2,83,0.04,26/26,11:30 PM,04-05-2026
S22196,THIRUMANGALAM - 196,Madurai,MURUGAN.S,Independent,239,14,253,0.11,26/26,11:30 PM,04-05-2026
S22196,THIRUMANGALAM - 196,Madurai,VENGATESWARAN.B,Independent,425,2,427,0.18,26/26,11:30 PM,04-05-2026
S22196,THIRUMANGALAM - 196,Madurai,NOTA,None of the Above,908,25,933,0.4,26/26,11:30 PM,04-05-2026
S22197,USILAMPATTI - 197,Madurai,ABIRAMI. D,Naam Tamilar Katchi,14749,436,15185,6.78,25/25,11:30 PM,04-05-2026
S22197,USILAMPATTI - 197,Madurai,SARAVANAKUMAR. T,Indian National Congress,58841,624,59465,26.54,25/25,11:30 PM,04-05-2026
S22197,USILAMPATTI - 197,Madurai,MAHENDRAN. I,All India Anna Dravida Munnetra Kazhagam,63206,732,63938,28.54,25/25,11:30 PM,04-05-2026
S22197,USILAMPATTI - 197,Madurai,VELLAIPANDI. V,Bahujan Samaj Party,711,13,724,0.32,25/25,11:30 PM,04-05-2026
S22197,USILAMPATTI - 197,Madurai,AYYAPPAN. P,All India Puratchi Thalaivar Makkal Munnettra Kazhagam,16303,317,16620,7.42,25/25,11:30 PM,04-05-2026
S22197,USILAMPATTI - 197,Madurai,VIJAY. M,Tamilaga Vettri Kazhagam,64693,1050,65743,29.34,25/25,11:30 PM,04-05-2026
S22197,USILAMPATTI - 197,Madurai,KIRANYA. S,Independent,259,3,262,0.12,25/25,11:30 PM,04-05-2026
S22197,USILAMPATTI - 197,Madurai,DHANASEKARAN. T,Independent,169,0,169,0.08,25/25,11:30 PM,04-05-2026
S22197,USILAMPATTI - 197,Madurai,THIAGARAJAN. O. V,Independent,332,5,337,0.15,25/25,11:30 PM,04-05-2026
S22197,USILAMPATTI - 197,Madurai,THIRUMOORTHY. A,Independent,268,2,270,0.12,25/25,11:30 PM,04-05-2026
S22197,USILAMPATTI - 197,Madurai,PRAVEENA. S,Independent,343,0,343,0.15,25/25,11:30 PM,04-05-2026
S22197,USILAMPATTI - 197,Madurai,MUTHU. N,Independent,299,1,300,0.13,25/25,11:30 PM,04-05-2026
S22197,USILAMPATTI - 197,Madurai,NOTA,None of the Above,671,21,692,0.31,25/25,11:30 PM,04-05-2026
S22198,ANDIPATTI - 198,Theni,ESAKKIAMMAL.M,Bahujan Samaj Party,416,4,420,0.19,25/25,11:27 PM,04-05-2026
S22198,ANDIPATTI - 198,Theni,GOMATHI .M,Naam Tamilar Katchi,10075,271,10346,4.76,25/25,11:27 PM,04-05-2026
S22198,ANDIPATTI - 198,Theni,MAHARAJAN.A,Dravida Munnetra Kazhagam,73609,715,74324,34.2,25/25,11:27 PM,04-05-2026
S22198,ANDIPATTI - 198,Theni,LOGIRAJAN.A,All India Anna Dravida Munnetra Kazhagam,62645,698,63343,29.15,25/25,11:27 PM,04-05-2026
S22198,ANDIPATTI - 198,Theni,IRUMBORAI.G,Communist Party of India (Marxist-Leninist) Red Star,503,2,505,0.23,25/25,11:27 PM,04-05-2026
S22198,ANDIPATTI - 198,Theni,ELAYARAJA.M,Puthiya Tamilagam,499,17,516,0.24,25/25,11:27 PM,04-05-2026
S22198,ANDIPATTI - 198,Theni,CHELLAPANDIYAN.S,All India Puratchi Thalaivar Makkal Munnettra Kazhagam,570,16,586,0.27,25/25,11:27 PM,04-05-2026
S22198,ANDIPATTI - 198,Theni,PANDI.V,Tamilaga Vettri Kazhagam,63841,929,64770,29.8,25/25,11:27 PM,04-05-2026
S22198,ANDIPATTI - 198,Theni,MOHAMMED RUKMAN.M,Tamizhaga Vaazhvurimai Katchi,142,6,148,0.07,25/25,11:27 PM,04-05-2026
S22198,ANDIPATTI - 198,Theni,JEYAMURUGAN.M.P,Veerath Thiyagi Viswanathadoss Thozhilalarkal Katchi,81,1,82,0.04,25/25,11:27 PM,04-05-2026
S22198,ANDIPATTI - 198,Theni,KARUPPAIYA,Independent,67,1,68,0.03,25/25,11:27 PM,04-05-2026
S22198,ANDIPATTI - 198,Theni,GOPAL.S,Independent,229,3,232,0.11,25/25,11:27 PM,04-05-2026
S22198,ANDIPATTI - 198,Theni,GOPINATH.P,Independent,181,2,183,0.08,25/25,11:27 PM,04-05-2026
S22198,ANDIPATTI - 198,Theni,NEELAKANNAN.T,Independent,158,1,159,0.07,25/25,11:27 PM,04-05-2026
S22198,ANDIPATTI - 198,Theni,PACKIARAJ.S,Independent,130,3,133,0.06,25/25,11:27 PM,04-05-2026
S22198,ANDIPATTI - 198,Theni,PANDIDURAI.P,Independent,220,0,220,0.1,25/25,11:27 PM,04-05-2026
S22198,ANDIPATTI - 198,Theni,VIJAYARAJ.R,Independent,112,1,113,0.05,25/25,11:27 PM,04-05-2026
S22198,ANDIPATTI - 198,Theni,JAGADEESAN.P,Independent,151,2,153,0.07,25/25,11:27 PM,04-05-2026
S22198,ANDIPATTI - 198,Theni,NOTA,None of the Above,998,30,1028,0.47,25/25,11:27 PM,04-05-2026
S22199,PERIYAKULAM - 199,Theni,SAKTHIVEL P.,Viduthalai Chiruthaigal Katchi,65657,678,66335,31.41,26/26,11:30 PM,04-05-2026
S22199,PERIYAKULAM - 199,Theni,VIMALA R.,Naam Tamilar Katchi,9413,197,9610,4.55,26/26,11:30 PM,04-05-2026
S22199,PERIYAKULAM - 199,Theni,DR KATHIRKAMU K.,Amma Makkal Munnettra Kazagam,43902,619,44521,21.08,26/26,11:30 PM,04-05-2026
S22199,PERIYAKULAM - 199,Theni,SABARI IYNGARAN G.,Tamilaga Vettri Kazhagam,84822,834,85656,40.56,26/26,11:30 PM,04-05-2026
S22199,PERIYAKULAM - 199,Theni,MARISAMY V.,Puthiya Tamilagam,1141,20,1161,0.55,26/26,11:30 PM,04-05-2026
S22199,PERIYAKULAM - 199,Theni,RANJEETH KUMAR J.,Socialist Unity Centre Of India (COMMUNIST),237,3,240,0.11,26/26,11:30 PM,04-05-2026
S22199,PERIYAKULAM - 199,Theni,ABITHA M.,Independent,388,2,390,0.18,26/26,11:30 PM,04-05-2026
S22199,PERIYAKULAM - 199,Theni,KUMAR S.,Independent,138,8,146,0.07,26/26,11:30 PM,04-05-2026
S22199,PERIYAKULAM - 199,Theni,SANMUGAVEL K.,Independent,141,4,145,0.07,26/26,11:30 PM,04-05-2026
S22199,PERIYAKULAM - 199,Theni,SELVARAJ R.,Independent,253,2,255,0.12,26/26,11:30 PM,04-05-2026
S22199,PERIYAKULAM - 199,Theni,PALANICHAMY T.,Independent,632,4,636,0.3,26/26,11:30 PM,04-05-2026
S22199,PERIYAKULAM - 199,Theni,DR. MOHANRAJ A.C. (P.T),Independent,334,9,343,0.16,26/26,11:30 PM,04-05-2026
S22199,PERIYAKULAM - 199,Theni,VAIRAMUTHU D.,Independent,263,2,265,0.13,26/26,11:30 PM,04-05-2026
S22199,PERIYAKULAM - 199,Theni,NOTA,None of the Above,1463,43,1506,0.71,26/26,11:30 PM,04-05-2026
S22200,BODINAYAKANUR - 200,Theni,KALAIARASU.S,Naam Tamilar Katchi,11172,283,11455,5.19,25/25,11:27 PM,04-05-2026
S22200,BODINAYAKANUR - 200,Theni,NARAYANASAMY V.T.,All India Anna Dravida Munnetra Kazhagam,40787,499,41286,18.71,25/25,11:27 PM,04-05-2026
S22200,BODINAYAKANUR - 200,Theni,PANNEERSELVAM.O,Dravida Munnetra Kazhagam,84228,978,85206,38.62,25/25,11:27 PM,04-05-2026
S22200,BODINAYAKANUR - 200,Theni,PADMANABHAN.N,All India Puratchi Thalaivar Makkal Munnettra Kazhagam,651,8,659,0.3,25/25,11:27 PM,04-05-2026
S22200,BODINAYAKANUR - 200,Theni,DR.PANDIKUMAR.S,Communist Party of India (Marxist-Leninist) (Liberation),404,13,417,0.19,25/25,11:27 PM,04-05-2026
S22200,BODINAYAKANUR - 200,Theni,PRAKASH.S,Tamilaga Vettri Kazhagam,77571,830,78401,35.54,25/25,11:27 PM,04-05-2026
S22200,BODINAYAKANUR - 200,Theni,RAJA.M,Vishwa Tamil Kazhagam,188,1,189,0.09,25/25,11:27 PM,04-05-2026
S22200,BODINAYAKANUR - 200,Theni,KARUPPAIAH.G,Independent,191,10,201,0.09,25/25,11:27 PM,04-05-2026
S22200,BODINAYAKANUR - 200,Theni,GOWTHAM.R,Independent,78,0,78,0.04,25/25,11:27 PM,04-05-2026
S22200,BODINAYAKANUR - 200,Theni,CHANDRASEKARAN.S,Independent,115,4,119,0.05,25/25,11:27 PM,04-05-2026
S22200,BODINAYAKANUR - 200,Theni,SARAVANAKUMAR.V,Independent,170,2,172,0.08,25/25,11:27 PM,04-05-2026
S22200,BODINAYAKANUR - 200,Theni,SELVAMURUGAN.P,Independent,514,15,529,0.24,25/25,11:27 PM,04-05-2026
S22200,BODINAYAKANUR - 200,Theni,NAGANANTHINI.V,Independent,524,2,526,0.24,25/25,11:27 PM,04-05-2026
S22200,BODINAYAKANUR - 200,Theni,BALASUBRAMANI.R,Independent,279,0,279,0.13,25/25,11:27 PM,04-05-2026
S22200,BODINAYAKANUR - 200,Theni,VELRAJ.K,Independent,180,0,180,0.08,25/25,11:27 PM,04-05-2026
S22200,BODINAYAKANUR - 200,Theni,NOTA,None of the Above,900,31,931,0.42,25/25,11:27 PM,04-05-2026
S22201,CUMBUM - 201,Theni,ANBUSELVI A,Naam Tamilar Katchi,9367,232,9599,4.56,25/25,11:27 PM,04-05-2026
S22201,CUMBUM - 201,Theni,ERAMAKRISHNAN N,Dravida Munnetra Kazhagam,83594,1049,84643,40.2,25/25,11:27 PM,04-05-2026
S22201,CUMBUM - 201,Theni,JAKKAIYAN S.T.K.,All India Anna Dravida Munnetra Kazhagam,26853,454,27307,12.97,25/25,11:27 PM,04-05-2026
S22201,CUMBUM - 201,Theni,KATHIRAVAN S,New Generation People's Party,317,2,319,0.15,25/25,11:27 PM,04-05-2026
S22201,CUMBUM - 201,Theni,MUTHU BAGAVATHI M.,Tamizhaga Vaazhvurimai Katchi,427,4,431,0.2,25/25,11:27 PM,04-05-2026
S22201,CUMBUM - 201,Theni,JEGANATHMISHRA PLA,Tamilaga Vettri Kazhagam,84340,1054,85394,40.55,25/25,11:27 PM,04-05-2026
S22201,CUMBUM - 201,Theni,ASHOK KUMAR A,Independent,181,3,184,0.09,25/25,11:27 PM,04-05-2026
S22201,CUMBUM - 201,Theni,ARUNKUMAR A,Independent,161,0,161,0.08,25/25,11:27 PM,04-05-2026
S22201,CUMBUM - 201,Theni,SARAVANAN S.R.,Independent,110,1,111,0.05,25/25,11:27 PM,04-05-2026
S22201,CUMBUM - 201,Theni,SUBRAMANIYAM L R,Independent,61,1,62,0.03,25/25,11:27 PM,04-05-2026
S22201,CUMBUM - 201,Theni,THASTHAKEER I,Independent,190,6,196,0.09,25/25,11:27 PM,04-05-2026
S22201,CUMBUM - 201,Theni,NANTHAKUMAR A.,Independent,69,2,71,0.03,25/25,11:27 PM,04-05-2026
S22201,CUMBUM - 201,Theni,BALAN R,Independent,103,3,106,0.05,25/25,11:27 PM,04-05-2026
S22201,CUMBUM - 201,Theni,PRAKASH P.,Independent,253,1,254,0.12,25/25,11:27 PM,04-05-2026
S22201,CUMBUM - 201,Theni,PRAKASH P.,Independent,177,4,181,0.09,25/25,11:27 PM,04-05-2026
S22201,CUMBUM - 201,Theni,MUTHUSELVAM G.,Independent,213,1,214,0.1,25/25,11:27 PM,04-05-2026
S22201,CUMBUM - 201,Theni,RAJADURAI S,Independent,96,2,98,0.05,25/25,11:27 PM,04-05-2026
S22201,CUMBUM - 201,Theni,RAJAMOHAMMED T,Independent,421,1,422,0.2,25/25,11:27 PM,04-05-2026
S22201,CUMBUM - 201,Theni,VINOTH KUMAR R,Independent,154,0,154,0.07,25/25,11:27 PM,04-05-2026
S22201,CUMBUM - 201,Theni,NOTA,None of the Above,644,23,667,0.32,25/25,11:27 PM,04-05-2026
S22202,RAJAPALAYAM - 202,Virudhunagar,DR. KARTHIKEYAN. T.E.,Naam Tamilar Katchi,16675,297,16972,9.27,21/21,11:30 PM,04-05-2026
S22202,RAJAPALAYAM - 202,Virudhunagar,THANGAPANDIAN. S,Dravida Munnetra Kazhagam,54189,754,54943,30.02,21/21,11:30 PM,04-05-2026
S22202,RAJAPALAYAM - 202,Virudhunagar,PRISCILLA PANDIAN. J,Bharatiya Janata Party,35878,440,36318,19.84,21/21,11:30 PM,04-05-2026
S22202,RAJAPALAYAM - 202,Virudhunagar,NASRIN BANU. T,Republican Party of India (Athawale),1213,27,1240,0.68,21/21,11:30 PM,04-05-2026
S22202,RAJAPALAYAM - 202,Virudhunagar,RAMADEVI. T,Puthiya Tamilagam,2485,59,2544,1.39,21/21,11:30 PM,04-05-2026
S22202,RAJAPALAYAM - 202,Virudhunagar,JEGADESHWARI. K,Tamilaga Vettri Kazhagam,64947,601,65548,35.81,21/21,11:30 PM,04-05-2026
S22202,RAJAPALAYAM - 202,Virudhunagar,HARISH. A,All India Puratchi Thalaivar Makkal Munnettra Kazhagam,1531,16,1547,0.85,21/21,11:30 PM,04-05-2026
S22202,RAJAPALAYAM - 202,Virudhunagar,ALAGUPANDIAN. A,Independent,75,0,75,0.04,21/21,11:30 PM,04-05-2026
S22202,RAJAPALAYAM - 202,Virudhunagar,ALAGUMURUGAN. S,Independent,267,1,268,0.15,21/21,11:30 PM,04-05-2026
S22202,RAJAPALAYAM - 202,Virudhunagar,GANESAN. K,Independent,94,1,95,0.05,21/21,11:30 PM,04-05-2026
S22202,RAJAPALAYAM - 202,Virudhunagar,SHANMUGACHANDRA VELAVAN. C.C,Independent,135,2,137,0.07,21/21,11:30 PM,04-05-2026
S22202,RAJAPALAYAM - 202,Virudhunagar,SARAVANAN. G,Independent,117,2,119,0.07,21/21,11:30 PM,04-05-2026
S22202,RAJAPALAYAM - 202,Virudhunagar,SAMUEL RAJ,Independent,139,1,140,0.08,21/21,11:30 PM,04-05-2026
S22202,RAJAPALAYAM - 202,Virudhunagar,SELVAKUMAR. A,Independent,178,2,180,0.1,21/21,11:30 PM,04-05-2026
S22202,RAJAPALAYAM - 202,Virudhunagar,SELVI. K,Independent,291,7,298,0.16,21/21,11:30 PM,04-05-2026
S22202,RAJAPALAYAM - 202,Virudhunagar,THANGAPANDI. B,Independent,304,0,304,0.17,21/21,11:30 PM,04-05-2026
S22202,RAJAPALAYAM - 202,Virudhunagar,BALAMURUGAN. V,Independent,202,1,203,0.11,21/21,11:30 PM,04-05-2026
S22202,RAJAPALAYAM - 202,Virudhunagar,MANMATHAN. M,Independent,411,3,414,0.23,21/21,11:30 PM,04-05-2026
S22202,RAJAPALAYAM - 202,Virudhunagar,MUTHULAKSHMI. R,Independent,351,0,351,0.19,21/21,11:30 PM,04-05-2026
S22202,RAJAPALAYAM - 202,Virudhunagar,MURUGAN. D,Independent,170,1,171,0.09,21/21,11:30 PM,04-05-2026
S22202,RAJAPALAYAM - 202,Virudhunagar,VIJENDRAN. G,Independent,107,1,108,0.06,21/21,11:30 PM,04-05-2026
S22202,RAJAPALAYAM - 202,Virudhunagar,JEGATHISHWARI. N,Independent,291,1,292,0.16,21/21,11:30 PM,04-05-2026
S22202,RAJAPALAYAM - 202,Virudhunagar,NOTA,None of the Above,730,23,753,0.41,21/21,11:30 PM,04-05-2026
S22203,SRIVILLIPUTHUR - 203,Virudhunagar,KARIKALAPANDIYAN.A,Naam Tamilar Katchi,12948,326,13274,6.86,24/24,11:30 PM,04-05-2026
S22203,SRIVILLIPUTHUR - 203,Virudhunagar,CHANDRAPRABHA.M,All India Anna Dravida Munnetra Kazhagam,42148,691,42839,22.14,24/24,11:30 PM,04-05-2026
S22203,SRIVILLIPUTHUR - 203,Virudhunagar,MAHALINGAM.P,Communist Party of India,56261,811,57072,29.5,24/24,11:30 PM,04-05-2026
S22203,SRIVILLIPUTHUR - 203,Virudhunagar,KARTHIK.A,Tamilaga Vettri Kazhagam,64709,944,65653,33.93,24/24,11:30 PM,04-05-2026
S22203,SRIVILLIPUTHUR - 203,Virudhunagar,CHANDRA.M,All India Puratchi Thalaivar Makkal Munnettra Kazhagam,1684,42,1726,0.89,24/24,11:30 PM,04-05-2026
S22203,SRIVILLIPUTHUR - 203,Virudhunagar,VARATHARAJAN.A,Naam Indiar Party,126,2,128,0.07,24/24,11:30 PM,04-05-2026
S22203,SRIVILLIPUTHUR - 203,Virudhunagar,DR. SHYAM KRISHNASAMY,Puthiya Tamilagam,9329,193,9522,4.92,24/24,11:30 PM,04-05-2026
S22203,SRIVILLIPUTHUR - 203,Virudhunagar,ALAGURAJA T,Independent,360,5,365,0.19,24/24,11:30 PM,04-05-2026
S22203,SRIVILLIPUTHUR - 203,Virudhunagar,SUDANDIRADOSS.M,Independent,151,0,151,0.08,24/24,11:30 PM,04-05-2026
S22203,SRIVILLIPUTHUR - 203,Virudhunagar,SURYAPRAKASH.R,Independent,234,1,235,0.12,24/24,11:30 PM,04-05-2026
S22203,SRIVILLIPUTHUR - 203,Virudhunagar,DEVIALAKSHMI SARANYA.K,Independent,505,4,509,0.26,24/24,11:30 PM,04-05-2026
S22203,SRIVILLIPUTHUR - 203,Virudhunagar,PANDIYAMMAL.M,Independent,339,1,340,0.18,24/24,11:30 PM,04-05-2026
S22203,SRIVILLIPUTHUR - 203,Virudhunagar,MUTHURAJ.U,Independent,441,2,443,0.23,24/24,11:30 PM,04-05-2026
S22203,SRIVILLIPUTHUR - 203,Virudhunagar,MURUGESAN.S,Independent,335,6,341,0.18,24/24,11:30 PM,04-05-2026
S22203,SRIVILLIPUTHUR - 203,Virudhunagar,NOTA,None of the Above,845,28,873,0.45,24/24,11:30 PM,04-05-2026
S22204,SATTUR - 204,Virudhunagar,ANANDHARAJA. D.,Naam Tamilar Katchi,9064,171,9235,4.65,21/21,11:30 PM,04-05-2026
S22204,SATTUR - 204,Virudhunagar,KADARKARAIRAJ. A,Dravida Munnetra Kazhagam,61342,718,62060,31.23,21/21,11:30 PM,04-05-2026
S22204,SATTUR - 204,Virudhunagar,KAMALA VEL SELVAN. P,Bahujan Samaj Party,400,4,404,0.2,21/21,11:30 PM,04-05-2026
S22204,SATTUR - 204,Virudhunagar,NAINAR NAGENTHRAN,Bharatiya Janata Party,55465,606,56071,28.21,21/21,11:30 PM,04-05-2026
S22204,SATTUR - 204,Virudhunagar,AJITH. M,Tamilaga Vettri Kazhagam,52904,594,53498,26.92,21/21,11:30 PM,04-05-2026
S22204,SATTUR - 204,Virudhunagar,ESAKKIRAJA. K,All India Puratchi Thalaivar Makkal Munnettra Kazhagam,11485,117,11602,5.84,21/21,11:30 PM,04-05-2026
S22204,SATTUR - 204,Virudhunagar,THANGA DURAI. P,Puthiya Makkal Tamil Desam Katchi,130,0,130,0.07,21/21,11:30 PM,04-05-2026
S22204,SATTUR - 204,Virudhunagar,MUTHUKANNU. C,Tamilaga Makkal Nala Katchi,100,5,105,0.05,21/21,11:30 PM,04-05-2026
S22204,SATTUR - 204,Virudhunagar,VELMURUGAN. S,Puthiya Tamilagam,2293,50,2343,1.18,21/21,11:30 PM,04-05-2026
S22204,SATTUR - 204,Virudhunagar,AJITHKUMAR. S,Independent,86,0,86,0.04,21/21,11:30 PM,04-05-2026
S22204,SATTUR - 204,Virudhunagar,KALIRAJ. M,Independent,86,0,86,0.04,21/21,11:30 PM,04-05-2026
S22204,SATTUR - 204,Virudhunagar,SARAVANAN. P,Independent,186,4,190,0.1,21/21,11:30 PM,04-05-2026
S22204,SATTUR - 204,Virudhunagar,THANGA MARIAPPAN. J,Independent,239,0,239,0.12,21/21,11:30 PM,04-05-2026
S22204,SATTUR - 204,Virudhunagar,NARMADA NANDHAKUMAR,Independent,85,3,88,0.04,21/21,11:30 PM,04-05-2026
S22204,SATTUR - 204,Virudhunagar,MAHENDRAN. M,Independent,230,1,231,0.12,21/21,11:30 PM,04-05-2026
S22204,SATTUR - 204,Virudhunagar,MAHESHKUMAR. M,Independent,193,0,193,0.1,21/21,11:30 PM,04-05-2026
S22204,SATTUR - 204,Virudhunagar,MANIVASAGAM.S,Independent,456,0,456,0.23,21/21,11:30 PM,04-05-2026
S22204,SATTUR - 204,Virudhunagar,MAYAKKANNAN. V,Independent,462,0,462,0.23,21/21,11:30 PM,04-05-2026
S22204,SATTUR - 204,Virudhunagar,MUTHARASAN. M,Independent,126,0,126,0.06,21/21,11:30 PM,04-05-2026
S22204,SATTUR - 204,Virudhunagar,RAMESH KUMAR. B,Independent,339,1,340,0.17,21/21,11:30 PM,04-05-2026
S22204,SATTUR - 204,Virudhunagar,VIJENDRAN. G,Independent,186,4,190,0.1,21/21,11:30 PM,04-05-2026
S22204,SATTUR - 204,Virudhunagar,VENKATESAN. M,Independent,122,1,123,0.06,21/21,11:30 PM,04-05-2026
S22204,SATTUR - 204,Virudhunagar,NOTA,None of the Above,461,15,476,0.24,21/21,11:30 PM,04-05-2026
S22205,SIVAKASI - 205,Virudhunagar,ASHOKAN G,Indian National Congress,56596,443,57039,29.47,22/22,11:30 PM,04-05-2026
S22205,SIVAKASI - 205,Virudhunagar,ESTHER MARY DIANA A,Naam Tamilar Katchi,10087,104,10191,5.27,22/22,11:30 PM,04-05-2026
S22205,SIVAKASI - 205,Virudhunagar,SURESH K,Bahujan Samaj Party,229,0,229,0.12,22/22,11:30 PM,04-05-2026
S22205,SIVAKASI - 205,Virudhunagar,RAJENTHRABHALAJI K T,All India Anna Dravida Munnetra Kazhagam,50595,483,51078,26.39,22/22,11:30 PM,04-05-2026
S22205,SIVAKASI - 205,Virudhunagar,GANESAN M,All India Puratchi Thalaivar Makkal Munnettra Kazhagam,1695,34,1729,0.89,22/22,11:30 PM,04-05-2026
S22205,SIVAKASI - 205,Virudhunagar,KANIPANDI M,Puthiya Tamilagam,2484,29,2513,1.3,22/22,11:30 PM,04-05-2026
S22205,SIVAKASI - 205,Virudhunagar,KEERTHANA S,Tamilaga Vettri Kazhagam,68273,436,68709,35.51,22/22,11:30 PM,04-05-2026
S22205,SIVAKASI - 205,Virudhunagar,CHINNADURAI ALIAS DIMITRO S,Communist Party of India (Marxist-Leninist) (Liberation),162,0,162,0.08,22/22,11:30 PM,04-05-2026
S22205,SIVAKASI - 205,Virudhunagar,GANESAN S,Independent,102,0,102,0.05,22/22,11:30 PM,04-05-2026
S22205,SIVAKASI - 205,Virudhunagar,GANESAN V,Independent,80,0,80,0.04,22/22,11:30 PM,04-05-2026
S22205,SIVAKASI - 205,Virudhunagar,NAGALAKSHMI V,Independent,204,1,205,0.11,22/22,11:30 PM,04-05-2026
S22205,SIVAKASI - 205,Virudhunagar,MURUGAN M,Independent,120,0,120,0.06,22/22,11:30 PM,04-05-2026
S22205,SIVAKASI - 205,Virudhunagar,RAMESH P,Independent,210,3,213,0.11,22/22,11:30 PM,04-05-2026
S22205,SIVAKASI - 205,Virudhunagar,VENKATESH V,Independent,195,4,199,0.1,22/22,11:30 PM,04-05-2026
S22205,SIVAKASI - 205,Virudhunagar,NOTA,None of the Above,933,15,948,0.49,22/22,11:30 PM,04-05-2026
S22206,VIRUDHUNAGAR - 206,Virudhunagar,GANESAN V.G.,All India Anna Dravida Munnetra Kazhagam,33851,361,34212,20.38,23/23,11:30 PM,04-05-2026
S22206,VIRUDHUNAGAR - 206,Virudhunagar,LAKSHMANAN,Naam Tamilar Katchi,9938,182,10120,6.03,23/23,11:30 PM,04-05-2026
S22206,VIRUDHUNAGAR - 206,Virudhunagar,VIJAYAPRABHAKAR,Desiya Murpokku Dravida Kazhagam,53689,573,54262,32.33,23/23,11:30 PM,04-05-2026
S22206,VIRUDHUNAGAR - 206,Virudhunagar,SELVAM P,Tamilaga Vettri Kazhagam,63070,583,63653,37.93,23/23,11:30 PM,04-05-2026
S22206,VIRUDHUNAGAR - 206,Virudhunagar,BALASUBRAMANIAM M,Puthiya Tamilagam,2166,51,2217,1.32,23/23,11:30 PM,04-05-2026
S22206,VIRUDHUNAGAR - 206,Virudhunagar,RATHINARAJA S,Nam Naadu Nam Makkal Nam Ethirkaalam Katchi,145,3,148,0.09,23/23,11:30 PM,04-05-2026
S22206,VIRUDHUNAGAR - 206,Virudhunagar,VIKRAMAN N,Desa Makkal Munnetrak Kazhagam,115,3,118,0.07,23/23,11:30 PM,04-05-2026
S22206,VIRUDHUNAGAR - 206,Virudhunagar,AMIRTHA PANDI M.V,Independent,121,1,122,0.07,23/23,11:30 PM,04-05-2026
S22206,VIRUDHUNAGAR - 206,Virudhunagar,AJAY I,Independent,532,0,532,0.32,23/23,11:30 PM,04-05-2026
S22206,VIRUDHUNAGAR - 206,Virudhunagar,GUNASUNDARAM R,Independent,204,0,204,0.12,23/23,11:30 PM,04-05-2026
S22206,VIRUDHUNAGAR - 206,Virudhunagar,GURUSAMY S,Independent,180,2,182,0.11,23/23,11:30 PM,04-05-2026
S22206,VIRUDHUNAGAR - 206,Virudhunagar,SANTHOSH KUMAR R,Independent,137,0,137,0.08,23/23,11:30 PM,04-05-2026
S22206,VIRUDHUNAGAR - 206,Virudhunagar,SUBBURAJ K,Independent,342,1,343,0.2,23/23,11:30 PM,04-05-2026
S22206,VIRUDHUNAGAR - 206,Virudhunagar,MUTHUVEL S,Independent,508,1,509,0.3,23/23,11:30 PM,04-05-2026
S22206,VIRUDHUNAGAR - 206,Virudhunagar,RANJITH S,Independent,118,1,119,0.07,23/23,11:30 PM,04-05-2026
S22206,VIRUDHUNAGAR - 206,Virudhunagar,NOTA,None of the Above,940,14,954,0.57,23/23,11:30 PM,04-05-2026
S22207,ARUPPUKKOTTAI - 207,Virudhunagar,RAMACHANDRAN. K.K.S.S.R,Dravida Munnetra Kazhagam,64124,980,65104,36.49,20/20,11:27 PM,04-05-2026
S22207,ARUPPUKKOTTAI - 207,Virudhunagar,SETHUPATHY. S,All India Anna Dravida Munnetra Kazhagam,36783,407,37190,20.84,20/20,11:27 PM,04-05-2026
S22207,ARUPPUKKOTTAI - 207,Virudhunagar,MANIMARAN. G,Naam Tamilar Katchi,8338,161,8499,4.76,20/20,11:27 PM,04-05-2026
S22207,ARUPPUKKOTTAI - 207,Virudhunagar,ELANGO. G,Ezhuchi Tamilargal Munnetra Kazhagam,137,2,139,0.08,20/20,11:27 PM,04-05-2026
S22207,ARUPPUKKOTTAI - 207,Virudhunagar,GANESAN. V,Puthiya Makkal Tamil Desam Katchi,194,0,194,0.11,20/20,11:27 PM,04-05-2026
S22207,ARUPPUKKOTTAI - 207,Virudhunagar,KARTHIK KUMAR. K,Tamilaga Vettri Kazhagam,59556,605,60161,33.72,20/20,11:27 PM,04-05-2026
S22207,ARUPPUKKOTTAI - 207,Virudhunagar,SANJAY GANDHI. V,Desa Makkal Munnetrak Kazhagam,160,0,160,0.09,20/20,11:27 PM,04-05-2026
S22207,ARUPPUKKOTTAI - 207,Virudhunagar,DHARMARAJ. P,All India Puratchi Thalaivar Makkal Munnettra Kazhagam,1130,17,1147,0.64,20/20,11:27 PM,04-05-2026
S22207,ARUPPUKKOTTAI - 207,Virudhunagar,RAGUPATHI. K,Puthiya Tamilagam,2107,72,2179,1.22,20/20,11:27 PM,04-05-2026
S22207,ARUPPUKKOTTAI - 207,Virudhunagar,ARUMUGAM. V,Independent,639,2,641,0.36,20/20,11:27 PM,04-05-2026
S22207,ARUPPUKKOTTAI - 207,Virudhunagar,ANANDHAN. A,Independent,112,3,115,0.06,20/20,11:27 PM,04-05-2026
S22207,ARUPPUKKOTTAI - 207,Virudhunagar,KARTHIK. M,Independent,52,1,53,0.03,20/20,11:27 PM,04-05-2026
S22207,ARUPPUKKOTTAI - 207,Virudhunagar,ADVOCATE SADHURAGIRI. M,Independent,159,1,160,0.09,20/20,11:27 PM,04-05-2026
S22207,ARUPPUKKOTTAI - 207,Virudhunagar,CHINNASAMY. G,Independent,75,1,76,0.04,20/20,11:27 PM,04-05-2026
S22207,ARUPPUKKOTTAI - 207,Virudhunagar,SUNDARAMAHALINGAM. A,Independent,120,0,120,0.07,20/20,11:27 PM,04-05-2026
S22207,ARUPPUKKOTTAI - 207,Virudhunagar,SUNDARAMOORTHI. S,Independent,424,0,424,0.24,20/20,11:27 PM,04-05-2026
S22207,ARUPPUKKOTTAI - 207,Virudhunagar,SURESHKUMAR. K,Independent,573,0,573,0.32,20/20,11:27 PM,04-05-2026
S22207,ARUPPUKKOTTAI - 207,Virudhunagar,SENTHILKUMAR. S,Independent,263,2,265,0.15,20/20,11:27 PM,04-05-2026
S22207,ARUPPUKKOTTAI - 207,Virudhunagar,PALANIKUMAR. M,Independent,68,0,68,0.04,20/20,11:27 PM,04-05-2026
S22207,ARUPPUKKOTTAI - 207,Virudhunagar,MARIVEL. K,Independent,48,0,48,0.03,20/20,11:27 PM,04-05-2026
S22207,ARUPPUKKOTTAI - 207,Virudhunagar,MUNIYANDI. M,Independent,79,1,80,0.04,20/20,11:27 PM,04-05-2026
S22207,ARUPPUKKOTTAI - 207,Virudhunagar,RAMAKRISHNAN. S,Independent,161,1,162,0.09,20/20,11:27 PM,04-05-2026
S22207,ARUPPUKKOTTAI - 207,Virudhunagar,RAMAMOORTHY. G,Independent,57,1,58,0.03,20/20,11:27 PM,04-05-2026
S22207,ARUPPUKKOTTAI - 207,Virudhunagar,VEERARAJ. R,Independent,55,1,56,0.03,20/20,11:27 PM,04-05-2026
S22207,ARUPPUKKOTTAI - 207,Virudhunagar,VENKATESAN. P.S,Independent,49,0,49,0.03,20/20,11:27 PM,04-05-2026
S22207,ARUPPUKKOTTAI - 207,Virudhunagar,NOTA,None of the Above,666,26,692,0.39,20/20,11:27 PM,04-05-2026
S22208,TIRUCHULI - 208,Virudhunagar,AVARANGADU KARTHIK RAJA,Naam Tamilar Katchi,12522,241,12763,7.04,23/23,11:30 PM,04-05-2026
S22208,TIRUCHULI - 208,Virudhunagar,THANGAM THENARASU,Dravida Munnetra Kazhagam,74298,787,75085,41.43,23/23,11:30 PM,04-05-2026
S22208,TIRUCHULI - 208,Virudhunagar,RAJAVARMAN.M.S.R,All India Anna Dravida Munnetra Kazhagam,25205,376,25581,14.11,23/23,11:30 PM,04-05-2026
S22208,TIRUCHULI - 208,Virudhunagar,KANNAN.G,Ezhuchi Tamilargal Munnetra Kazhagam,281,0,281,0.16,23/23,11:30 PM,04-05-2026
S22208,TIRUCHULI - 208,Virudhunagar,GUNASEKARAN.G,Puthiya Tamilagam,1222,26,1248,0.69,23/23,11:30 PM,04-05-2026
S22208,TIRUCHULI - 208,Virudhunagar,SAMAYAN.S,Tamilaga Vettri Kazhagam,60912,688,61600,33.99,23/23,11:30 PM,04-05-2026
S22208,TIRUCHULI - 208,Virudhunagar,MURUGESAPANDIAN.T,All India Puratchi Thalaivar Makkal Munnettra Kazhagam,1097,10,1107,0.61,23/23,11:30 PM,04-05-2026
S22208,TIRUCHULI - 208,Virudhunagar,RAJKUMAR.D,Tamizhaga Vaazhvurimai Katchi,119,0,119,0.07,23/23,11:30 PM,04-05-2026
S22208,TIRUCHULI - 208,Virudhunagar,VELLAISAMY.P,Ahimsa Socialist Party,108,0,108,0.06,23/23,11:30 PM,04-05-2026
S22208,TIRUCHULI - 208,Virudhunagar,ARAVINTHASAMY.J,Independent,65,0,65,0.04,23/23,11:30 PM,04-05-2026
S22208,TIRUCHULI - 208,Virudhunagar,KALIMUTHU.S,Independent,124,0,124,0.07,23/23,11:30 PM,04-05-2026
S22208,TIRUCHULI - 208,Virudhunagar,GURUSAMY.T,Independent,108,6,114,0.06,23/23,11:30 PM,04-05-2026
S22208,TIRUCHULI - 208,Virudhunagar,CHENNA KESAVAN.P,Independent,82,3,85,0.05,23/23,11:30 PM,04-05-2026
S22208,TIRUCHULI - 208,Virudhunagar,SETHURAMALINGAM.S,Independent,245,0,245,0.14,23/23,11:30 PM,04-05-2026
S22208,TIRUCHULI - 208,Virudhunagar,ADVOCATE THANGAPANDIAN,Independent,518,7,525,0.29,23/23,11:30 PM,04-05-2026
S22208,TIRUCHULI - 208,Virudhunagar,NALLAMARUTHU.K,Independent,164,0,164,0.09,23/23,11:30 PM,04-05-2026
S22208,TIRUCHULI - 208,Virudhunagar,PALANIYANDI.M,Independent,194,1,195,0.11,23/23,11:30 PM,04-05-2026
S22208,TIRUCHULI - 208,Virudhunagar,MALAI ALAGU.M,Independent,631,0,631,0.35,23/23,11:30 PM,04-05-2026
S22208,TIRUCHULI - 208,Virudhunagar,MARIMUTHU.M,Independent,392,0,392,0.22,23/23,11:30 PM,04-05-2026
S22208,TIRUCHULI - 208,Virudhunagar,MARNADU.M,Independent,66,0,66,0.04,23/23,11:30 PM,04-05-2026
S22208,TIRUCHULI - 208,Virudhunagar,MUNIYASAMY.R,Independent,77,0,77,0.04,23/23,11:30 PM,04-05-2026
S22208,TIRUCHULI - 208,Virudhunagar,RAJANGAM.C,Independent,162,0,162,0.09,23/23,11:30 PM,04-05-2026
S22208,TIRUCHULI - 208,Virudhunagar,JEYACHITRA,Independent,86,2,88,0.05,23/23,11:30 PM,04-05-2026
S22208,TIRUCHULI - 208,Virudhunagar,NOTA,None of the Above,407,18,425,0.23,23/23,11:30 PM,04-05-2026
S22209,PARAMAKUDI - 209,Ramanathapuram,EZHIL ELAVARASI. R,Naam Tamilar Katchi,15013,350,15363,8.1,25/25,11:30 PM,04-05-2026
S22209,PARAMAKUDI - 209,Ramanathapuram,ADVOCATE. KATHIRAVAN. K.K,Dravida Munnetra Kazhagam,58217,944,59161,31.18,25/25,11:30 PM,04-05-2026
S22209,PARAMAKUDI - 209,Ramanathapuram,DR. MUTHIAH. S,All India Anna Dravida Munnetra Kazhagam,53299,800,54099,28.51,25/25,11:30 PM,04-05-2026
S22209,PARAMAKUDI - 209,Ramanathapuram,AMIRTHA. M,All India Puratchi Thalaivar Makkal Munnettra Kazhagam,2191,48,2239,1.18,25/25,11:30 PM,04-05-2026
S22209,PARAMAKUDI - 209,Ramanathapuram,RATHINA PRAKASH. K,Puthiya Tamilagam,936,68,1004,0.53,25/25,11:30 PM,04-05-2026
S22209,PARAMAKUDI - 209,Ramanathapuram,GOPIRAJAN. G,Tamilaga Vettri Kazhagam,54856,757,55613,29.31,25/25,11:30 PM,04-05-2026
S22209,PARAMAKUDI - 209,Ramanathapuram,KATHIRAVAN. R,Independent,377,2,379,0.2,25/25,11:30 PM,04-05-2026
S22209,PARAMAKUDI - 209,Ramanathapuram,KARTHIK VANI. B,Independent,230,0,230,0.12,25/25,11:30 PM,04-05-2026
S22209,PARAMAKUDI - 209,Ramanathapuram,MUTHTHIAH. M,Independent,223,2,225,0.12,25/25,11:30 PM,04-05-2026
S22209,PARAMAKUDI - 209,Ramanathapuram,RADHA KRISHNAN. G,Independent,137,1,138,0.07,25/25,11:30 PM,04-05-2026
S22209,PARAMAKUDI - 209,Ramanathapuram,RAJA. M,Independent,265,3,268,0.14,25/25,11:30 PM,04-05-2026
S22209,PARAMAKUDI - 209,Ramanathapuram,RAJU. A,Independent,322,2,324,0.17,25/25,11:30 PM,04-05-2026
S22209,PARAMAKUDI - 209,Ramanathapuram,NOTA,None of the Above,685,25,710,0.37,25/25,11:30 PM,04-05-2026
S22210,TIRUVADANAI - 210,Ramanathapuram,RM. KARUMANICKAM,Indian National Congress,66394,644,67038,30.43,28/28,11:30 PM,04-05-2026
S22210,TIRUVADANAI - 210,Ramanathapuram,M.KEERTHIKA,All India Anna Dravida Munnetra Kazhagam,63205,674,63879,29,28/28,11:30 PM,04-05-2026
S22210,TIRUVADANAI - 210,Ramanathapuram,N PREMNATH,Naam Tamilar Katchi,13224,165,13389,6.08,28/28,11:30 PM,04-05-2026
S22210,TIRUVADANAI - 210,Ramanathapuram,A MUTHUSAMY,Bahujan Samaj Party,256,2,258,0.12,28/28,11:30 PM,04-05-2026
S22210,TIRUVADANAI - 210,Ramanathapuram,R ILAIYARAJA,Indhu Dravida Makkal Katchi,180,0,180,0.08,28/28,11:30 PM,04-05-2026
S22210,TIRUVADANAI - 210,Ramanathapuram,K KALEESWARAN,Tamizhaga Vaazhvurimai Katchi,214,1,215,0.1,28/28,11:30 PM,04-05-2026
S22210,TIRUVADANAI - 210,Ramanathapuram,S SURESH KASINI VENTHAN,All India Forward Bloc,1463,19,1482,0.67,28/28,11:30 PM,04-05-2026
S22210,TIRUVADANAI - 210,Ramanathapuram,S.BALUSAMY,Puthiya Tamilagam,607,12,619,0.28,28/28,11:30 PM,04-05-2026
S22210,TIRUVADANAI - 210,Ramanathapuram,RAJEEV,Tamilaga Vettri Kazhagam,69001,550,69551,31.57,28/28,11:30 PM,04-05-2026
S22210,TIRUVADANAI - 210,Ramanathapuram,MS ABDUL BAKKI,Independent,208,1,209,0.09,28/28,11:30 PM,04-05-2026
S22210,TIRUVADANAI - 210,Ramanathapuram,ALLA PICHAI,Independent,111,1,112,0.05,28/28,11:30 PM,04-05-2026
S22210,TIRUVADANAI - 210,Ramanathapuram,ALAGARSAMY PANDIAN,Independent,657,18,675,0.31,28/28,11:30 PM,04-05-2026
S22210,TIRUVADANAI - 210,Ramanathapuram,N ANBU BAGURUDEEN,Independent,123,2,125,0.06,28/28,11:30 PM,04-05-2026
S22210,TIRUVADANAI - 210,Ramanathapuram,SAKTHIK KUMAR,Independent,149,1,150,0.07,28/28,11:30 PM,04-05-2026
S22210,TIRUVADANAI - 210,Ramanathapuram,B SIKKANDAR,Independent,328,2,330,0.15,28/28,11:30 PM,04-05-2026
S22210,TIRUVADANAI - 210,Ramanathapuram,A SEGU ALI UDUMAN,Independent,480,1,481,0.22,28/28,11:30 PM,04-05-2026
S22210,TIRUVADANAI - 210,Ramanathapuram,R THILAGESWARAN,Independent,455,2,457,0.21,28/28,11:30 PM,04-05-2026
S22210,TIRUVADANAI - 210,Ramanathapuram,A DINESH KUMAR,Independent,486,5,491,0.22,28/28,11:30 PM,04-05-2026
S22210,TIRUVADANAI - 210,Ramanathapuram,DEVASITHAM,Independent,110,2,112,0.05,28/28,11:30 PM,04-05-2026
S22210,TIRUVADANAI - 210,Ramanathapuram,A MANI,Independent,59,3,62,0.03,28/28,11:30 PM,04-05-2026
S22210,TIRUVADANAI - 210,Ramanathapuram,M.VIJAY,Independent,106,3,109,0.05,28/28,11:30 PM,04-05-2026
S22210,TIRUVADANAI - 210,Ramanathapuram,NOTA,None of the Above,347,7,354,0.16,28/28,11:30 PM,04-05-2026
S22211,RAMANATHAPURAM - 211,Ramanathapuram,KATHARBATCHA MUTHURAMALINGAM,Dravida Munnetra Kazhagam,88339,798,89137,37.52,31/31,11:30 PM,04-05-2026
S22211,RAMANATHAPURAM - 211,Ramanathapuram,GBS K.NAGENDRAN,Bharatiya Janata Party,57156,574,57730,24.3,31/31,11:30 PM,04-05-2026
S22211,RAMANATHAPURAM - 211,Ramanathapuram,S.M. MUTHU KESAVAN,Naam Tamilar Katchi,10637,129,10766,4.53,31/31,11:30 PM,04-05-2026
S22211,RAMANATHAPURAM - 211,Ramanathapuram,DR.J. ABUBAKKAR SITHICK,Anna Puratchi Thalaivar Amma Dravida Munnetra Kazhagam,359,0,359,0.15,31/31,11:30 PM,04-05-2026
S22211,RAMANATHAPURAM - 211,Ramanathapuram,SHAHUL HAMEED,Tamilaga Vettri Kazhagam,76228,450,76678,32.28,31/31,11:30 PM,04-05-2026
S22211,RAMANATHAPURAM - 211,Ramanathapuram,C. PARIRAJAN,Veerath Thiyagi Viswanathadoss Thozhilalarkal Katchi,226,3,229,0.1,31/31,11:30 PM,04-05-2026
S22211,RAMANATHAPURAM - 211,Ramanathapuram,S. MURUGABOOPATHY,Communist Party of India (Marxist-Leninist) (Liberation),145,1,146,0.06,31/31,11:30 PM,04-05-2026
S22211,RAMANATHAPURAM - 211,Ramanathapuram,KAN ILANGO,Independent,340,7,347,0.15,31/31,11:30 PM,04-05-2026
S22211,RAMANATHAPURAM - 211,Ramanathapuram,KARTHIGAI PANDI,Independent,158,2,160,0.07,31/31,11:30 PM,04-05-2026
S22211,RAMANATHAPURAM - 211,Ramanathapuram,A. CHINNA RAJA,Independent,343,7,350,0.15,31/31,11:30 PM,04-05-2026
S22211,RAMANATHAPURAM - 211,Ramanathapuram,BALAKRISHNAN,Independent,141,1,142,0.06,31/31,11:30 PM,04-05-2026
S22211,RAMANATHAPURAM - 211,Ramanathapuram,PULLANI,Independent,223,0,223,0.09,31/31,11:30 PM,04-05-2026
S22211,RAMANATHAPURAM - 211,Ramanathapuram,K. MALESWARAN,Independent,355,1,356,0.15,31/31,11:30 PM,04-05-2026
S22211,RAMANATHAPURAM - 211,Ramanathapuram,NOTA,None of the Above,942,11,953,0.4,31/31,11:30 PM,04-05-2026
S22212,MUDHUKULATHUR - 212,Ramanathapuram,CHANDRA PRABHA JEYAPAL,Naam Tamilar Katchi,14774,338,15112,6.53,31/31,11:27 PM,04-05-2026
S22212,MUDHUKULATHUR - 212,Ramanathapuram,S.PANDI,All India Anna Dravida Munnetra Kazhagam,47085,416,47501,20.53,31/31,11:27 PM,04-05-2026
S22212,MUDHUKULATHUR - 212,Ramanathapuram,R.S.RAJAKANNAPPAN,Dravida Munnetra Kazhagam,67117,886,68003,29.39,31/31,11:27 PM,04-05-2026
S22212,MUDHUKULATHUR - 212,Ramanathapuram,M. IRULANDI,Naadaalum Makkal Katchi,1250,0,1250,0.54,31/31,11:27 PM,04-05-2026
S22212,MUDHUKULATHUR - 212,Ramanathapuram,A. SARAVANAKUMAR,Naam Indiar Party,147,1,148,0.06,31/31,11:27 PM,04-05-2026
S22212,MUDHUKULATHUR - 212,Ramanathapuram,K.SENTHIL MALLAR,Tamizhaga Vaazhvurimai Katchi,1086,63,1149,0.5,31/31,11:27 PM,04-05-2026
S22212,MUDHUKULATHUR - 212,Ramanathapuram,G. SELVARAJ,Puthiya Makkal Tamil Desam Katchi,337,2,339,0.15,31/31,11:27 PM,04-05-2026
S22212,MUDHUKULATHUR - 212,Ramanathapuram,MALARVIZHI. B,Tamilaga Vettri Kazhagam,50787,618,51405,22.22,31/31,11:27 PM,04-05-2026
S22212,MUDHUKULATHUR - 212,Ramanathapuram,C.MALAISELVAM,Puthiya Tamilagam,967,26,993,0.43,31/31,11:27 PM,04-05-2026
S22212,MUDHUKULATHUR - 212,Ramanathapuram,DR.R.RAMKUMAR,All India Puratchi Thalaivar Makkal Munnettra Kazhagam,39742,680,40422,17.47,31/31,11:27 PM,04-05-2026
S22212,MUDHUKULATHUR - 212,Ramanathapuram,K.GANGAI AMARAN,Independent,194,2,196,0.08,31/31,11:27 PM,04-05-2026
S22212,MUDHUKULATHUR - 212,Ramanathapuram,M.KARUPPA SAMY,Independent,159,5,164,0.07,31/31,11:27 PM,04-05-2026
S22212,MUDHUKULATHUR - 212,Ramanathapuram,C.KENGUSAMY,Independent,165,1,166,0.07,31/31,11:27 PM,04-05-2026
S22212,MUDHUKULATHUR - 212,Ramanathapuram,SATHIYAM C.SARAVANAN,Independent,2035,7,2042,0.88,31/31,11:27 PM,04-05-2026
S22212,MUDHUKULATHUR - 212,Ramanathapuram,V.PANDI,Independent,438,2,440,0.19,31/31,11:27 PM,04-05-2026
S22212,MUDHUKULATHUR - 212,Ramanathapuram,M.BOOMINATHAN (A) M.K.VAIYAVAN,Independent,335,0,335,0.14,31/31,11:27 PM,04-05-2026
S22212,MUDHUKULATHUR - 212,Ramanathapuram,K.MURUGAN,Independent,207,1,208,0.09,31/31,11:27 PM,04-05-2026
S22212,MUDHUKULATHUR - 212,Ramanathapuram,R.MOOVENDRAN,Independent,484,2,486,0.21,31/31,11:27 PM,04-05-2026
S22212,MUDHUKULATHUR - 212,Ramanathapuram,RAVI GOVINTHAN,Independent,445,0,445,0.19,31/31,11:27 PM,04-05-2026
S22212,MUDHUKULATHUR - 212,Ramanathapuram,K.RAJAKUMAR,Independent,140,0,140,0.06,31/31,11:27 PM,04-05-2026
S22212,MUDHUKULATHUR - 212,Ramanathapuram,NOTA,None of the Above,421,8,429,0.19,31/31,11:27 PM,04-05-2026
S22213,VILATHIKULAM - 213,Thoothukudi,R. SATHYA,All India Anna Dravida Munnetra Kazhagam,48461,418,48879,27.96,20/20,11:30 PM,04-05-2026
S22213,VILATHIKULAM - 213,Thoothukudi,BALAJI RAMACHANDRAN,Naam Tamilar Katchi,11574,206,11780,6.74,20/20,11:30 PM,04-05-2026
S22213,VILATHIKULAM - 213,Thoothukudi,MARKANDAYAN G V,Dravida Munnetra Kazhagam,57458,937,58395,33.4,20/20,11:30 PM,04-05-2026
S22213,VILATHIKULAM - 213,Thoothukudi,P. KASIRAM,Tamilaga Vettri Kazhagam,49578,589,50167,28.7,20/20,11:30 PM,04-05-2026
S22213,VILATHIKULAM - 213,Thoothukudi,R. PERUMAL,Naam Indiar Party,164,2,166,0.09,20/20,11:30 PM,04-05-2026
S22213,VILATHIKULAM - 213,Thoothukudi,C. PONPANDI,All India Puratchi Thalaivar Makkal Munnettra Kazhagam,1359,21,1380,0.79,20/20,11:30 PM,04-05-2026
S22213,VILATHIKULAM - 213,Thoothukudi,P.MADASAMY,Puthiya Tamilagam,1995,62,2057,1.18,20/20,11:30 PM,04-05-2026
S22213,VILATHIKULAM - 213,Thoothukudi,K. AJAY KUMAR,Independent,163,3,166,0.09,20/20,11:30 PM,04-05-2026
S22213,VILATHIKULAM - 213,Thoothukudi,V. GANESAN,Independent,87,1,88,0.05,20/20,11:30 PM,04-05-2026
S22213,VILATHIKULAM - 213,Thoothukudi,A. PATTURAJ,Independent,68,3,71,0.04,20/20,11:30 PM,04-05-2026
S22213,VILATHIKULAM - 213,Thoothukudi,A. PRABAHAR,Independent,87,0,87,0.05,20/20,11:30 PM,04-05-2026
S22213,VILATHIKULAM - 213,Thoothukudi,M. PONNUSAMY,Independent,166,6,172,0.1,20/20,11:30 PM,04-05-2026
S22213,VILATHIKULAM - 213,Thoothukudi,G. MUNIYASAMY,Independent,175,0,175,0.1,20/20,11:30 PM,04-05-2026
S22213,VILATHIKULAM - 213,Thoothukudi,P. RAJASEKARAN,Independent,440,1,441,0.25,20/20,11:30 PM,04-05-2026
S22213,VILATHIKULAM - 213,Thoothukudi,P. JEYAKUMAR,Independent,145,3,148,0.08,20/20,11:30 PM,04-05-2026
S22213,VILATHIKULAM - 213,Thoothukudi,NOTA,None of the Above,636,6,642,0.37,20/20,11:30 PM,04-05-2026
S22214,THOOTHUKKUDI - 214,Thoothukudi,P. GEETHA JEEVAN,Dravida Munnetra Kazhagam,62045,760,62805,30.68,26/26,11:30 PM,04-05-2026
S22214,THOOTHUKKUDI - 214,Thoothukudi,CHELLAPANDIAN S.T.,All India Anna Dravida Munnetra Kazhagam,25879,334,26213,12.8,26/26,11:30 PM,04-05-2026
S22214,THOOTHUKKUDI - 214,Thoothukudi,JACOB DEVADOSS ABISHEAK R.,Naam Tamilar Katchi,11574,178,11752,5.74,26/26,11:30 PM,04-05-2026
S22214,THOOTHUKKUDI - 214,Thoothukudi,YESADURAI S.,All India Puratchi Thalaivar Makkal Munnettra Kazhagam,682,7,689,0.34,26/26,11:30 PM,04-05-2026
S22214,THOOTHUKKUDI - 214,Thoothukudi,KIDAR SAMSDEEN N.A.,Tamizhaga Vaazhvurimai Katchi,170,2,172,0.08,26/26,11:30 PM,04-05-2026
S22214,THOOTHUKKUDI - 214,Thoothukudi,SAHAYAM T.,Communist Party of India (Marxist-Leninist) (Liberation),143,0,143,0.07,26/26,11:30 PM,04-05-2026
S22214,THOOTHUKKUDI - 214,Thoothukudi,PRASANNA KUMAR M.,Makkal Nalvaazhvuk Katchi,137,0,137,0.07,26/26,11:30 PM,04-05-2026
S22214,THOOTHUKKUDI - 214,Thoothukudi,PONKUMARAN P.P.M.T,Nam Naadu Nam Makkal Nam Ethirkaalam Katchi,259,2,261,0.13,26/26,11:30 PM,04-05-2026
S22214,THOOTHUKKUDI - 214,Thoothukudi,SRIKANTH M.V.,Naam Indiar Party,243,0,243,0.12,26/26,11:30 PM,04-05-2026
S22214,THOOTHUKKUDI - 214,Thoothukudi,SRINATH,Tamilaga Vettri Kazhagam,99900,636,100536,49.11,26/26,11:30 PM,04-05-2026
S22214,THOOTHUKKUDI - 214,Thoothukudi,SAMUEL J.,Independent,338,4,342,0.17,26/26,11:30 PM,04-05-2026
S22214,THOOTHUKKUDI - 214,Thoothukudi,DHINAKARAN S.T.R.M.,Independent,260,2,262,0.13,26/26,11:30 PM,04-05-2026
S22214,THOOTHUKKUDI - 214,Thoothukudi,BABU P.,Independent,112,3,115,0.06,26/26,11:30 PM,04-05-2026
S22214,THOOTHUKKUDI - 214,Thoothukudi,MARUTHU PANDIAN P.,Independent,85,0,85,0.04,26/26,11:30 PM,04-05-2026
S22214,THOOTHUKKUDI - 214,Thoothukudi,MUNEESWARA MOORTHY S.,Independent,103,1,104,0.05,26/26,11:30 PM,04-05-2026
S22214,THOOTHUKKUDI - 214,Thoothukudi,NOTA,None of the Above,835,18,853,0.42,26/26,11:30 PM,04-05-2026
S22215,TIRUCHENDUR - 215,Thoothukudi,ANITHA R. RADHAKRISHNAN,Dravida Munnetra Kazhagam,71564,1159,72723,39.09,22/22,11:30 PM,04-05-2026
S22215,TIRUCHENDUR - 215,Thoothukudi,OPHILIYA,Naam Tamilar Katchi,9676,118,9794,5.26,22/22,11:30 PM,04-05-2026
S22215,TIRUCHENDUR - 215,Thoothukudi,K R M RADHAKRISHNAN,Bharatiya Janata Party,33665,494,34159,18.36,22/22,11:30 PM,04-05-2026
S22215,TIRUCHENDUR - 215,Thoothukudi,GOPALAKRISHNAN,All India Puratchi Thalaivar Makkal Munnettra Kazhagam,437,5,442,0.24,22/22,11:30 PM,04-05-2026
S22215,TIRUCHENDUR - 215,Thoothukudi,PACKIA SAM. T,Naam Indiar Party,96,1,97,0.05,22/22,11:30 PM,04-05-2026
S22215,TIRUCHENDUR - 215,Thoothukudi,MAHARAJAN. M,Puthiya Makkal Tamil Desam Katchi,320,1,321,0.17,22/22,11:30 PM,04-05-2026
S22215,TIRUCHENDUR - 215,Thoothukudi,J. MURUGAN,Tamilaga Vettri Kazhagam,66350,501,66851,35.93,22/22,11:30 PM,04-05-2026
S22215,TIRUCHENDUR - 215,Thoothukudi,RASIK MUSSAMMIL. K,Tamizhaga Vaazhvurimai Katchi,236,1,237,0.13,22/22,11:30 PM,04-05-2026
S22215,TIRUCHENDUR - 215,Thoothukudi,SHAIK ABDUL KADER. P.S.J,Independent,149,0,149,0.08,22/22,11:30 PM,04-05-2026
S22215,TIRUCHENDUR - 215,Thoothukudi,MEERA SAHIB,Independent,173,2,175,0.09,22/22,11:30 PM,04-05-2026
S22215,TIRUCHENDUR - 215,Thoothukudi,RAJALINGAM. M,Independent,59,0,59,0.03,22/22,11:30 PM,04-05-2026
S22215,TIRUCHENDUR - 215,Thoothukudi,VEERAPPA. T,Independent,95,1,96,0.05,22/22,11:30 PM,04-05-2026
S22215,TIRUCHENDUR - 215,Thoothukudi,VENKATESH PERUMAL. S,Independent,224,1,225,0.12,22/22,11:30 PM,04-05-2026
S22215,TIRUCHENDUR - 215,Thoothukudi,NOTA,None of the Above,710,12,722,0.39,22/22,11:30 PM,04-05-2026
S22216,SRIVAIKUNTAM - 216,Thoothukudi,OORVASI AMIRTHARAJ. S,Indian National Congress,40316,961,41277,23.4,21/21,11:30 PM,04-05-2026
S22216,SRIVAIKUNTAM - 216,Thoothukudi,SHUNMUGASUNDARAM. S,Naam Tamilar Katchi,12912,241,13153,7.46,21/21,11:30 PM,04-05-2026
S22216,SRIVAIKUNTAM - 216,Thoothukudi,SHANMUGANATHAN. S. P,All India Anna Dravida Munnetra Kazhagam,56712,916,57628,32.67,21/21,11:30 PM,04-05-2026
S22216,SRIVAIKUNTAM - 216,Thoothukudi,SARAVANAN. G,Tamilaga Vettri Kazhagam,58143,671,58814,33.34,21/21,11:30 PM,04-05-2026
S22216,SRIVAIKUNTAM - 216,Thoothukudi,SUDALAIMANI. A,Nam Naadu Nam Makkal Nam Ethirkaalam Katchi,295,1,296,0.17,21/21,11:30 PM,04-05-2026
S22216,SRIVAIKUNTAM - 216,Thoothukudi,SUBRAMANIAN. M,Puthiya Makkal Tamil Desam Katchi,206,2,208,0.12,21/21,11:30 PM,04-05-2026
S22216,SRIVAIKUNTAM - 216,Thoothukudi,BHARATH. M,Naam Indiar Party,85,2,87,0.05,21/21,11:30 PM,04-05-2026
S22216,SRIVAIKUNTAM - 216,Thoothukudi,MUNDASAMY. K,Vishwa Tamil Kazhagam,129,1,130,0.07,21/21,11:30 PM,04-05-2026
S22216,SRIVAIKUNTAM - 216,Thoothukudi,MUTHURAMALINGAM. S,All India Forward Bloc,2299,48,2347,1.33,21/21,11:30 PM,04-05-2026
S22216,SRIVAIKUNTAM - 216,Thoothukudi,RAJASUTHAN. N,Puthiya Tamilagam,959,56,1015,0.58,21/21,11:30 PM,04-05-2026
S22216,SRIVAIKUNTAM - 216,Thoothukudi,VIYANARASU. A,Tamizhaga Vaazhvurimai Katchi,132,3,135,0.08,21/21,11:30 PM,04-05-2026
S22216,SRIVAIKUNTAM - 216,Thoothukudi,ARUNACHALAM. C,Independent,137,2,139,0.08,21/21,11:30 PM,04-05-2026
S22216,SRIVAIKUNTAM - 216,Thoothukudi,BISHOP DR GODFREY NOBLE,Independent,245,3,248,0.14,21/21,11:30 PM,04-05-2026
S22216,SRIVAIKUNTAM - 216,Thoothukudi,MURUGAN. S,Independent,177,1,178,0.1,21/21,11:30 PM,04-05-2026
S22216,SRIVAIKUNTAM - 216,Thoothukudi,VASANTH FERNANDO. T,Independent,187,0,187,0.11,21/21,11:30 PM,04-05-2026
S22216,SRIVAIKUNTAM - 216,Thoothukudi,NOTA,None of the Above,566,13,579,0.33,21/21,11:30 PM,04-05-2026
S22217,OTTAPIDARAM - 217,Thoothukudi,M. ANUSIYA,Naam Tamilar Katchi,16966,313,17279,8.81,24/24,11:27 PM,04-05-2026
S22217,OTTAPIDARAM - 217,Thoothukudi,P.M.RAMAJEYAM,Dravida Munnetra Kazhagam,51927,615,52542,26.79,24/24,11:27 PM,04-05-2026
S22217,OTTAPIDARAM - 217,Thoothukudi,C. ARUNA DEVI,Nam Naadu Nam Makkal Nam Ethirkaalam Katchi,745,16,761,0.39,24/24,11:27 PM,04-05-2026
S22217,OTTAPIDARAM - 217,Thoothukudi,DR.K. KRISHNASAMY,Puthiya Tamilagam,14756,294,15050,7.67,24/24,11:27 PM,04-05-2026
S22217,OTTAPIDARAM - 217,Thoothukudi,R SUNDARARAJ,Amma Makkal Munnettra Kazagam,25390,481,25871,13.19,24/24,11:27 PM,04-05-2026
S22217,OTTAPIDARAM - 217,Thoothukudi,SUBBULAKSHMI. S,Naam Indiar Party,226,4,230,0.12,24/24,11:27 PM,04-05-2026
S22217,OTTAPIDARAM - 217,Thoothukudi,C .SELVAKUMAR,Tamizhaga Vaazhvurimai Katchi,506,9,515,0.26,24/24,11:27 PM,04-05-2026
S22217,OTTAPIDARAM - 217,Thoothukudi,P .MATHANRAJA,Tamilaga Vettri Kazhagam,80561,1064,81625,41.62,24/24,11:27 PM,04-05-2026
S22217,OTTAPIDARAM - 217,Thoothukudi,M. ANANTH,Independent,354,3,357,0.18,24/24,11:27 PM,04-05-2026
S22217,OTTAPIDARAM - 217,Thoothukudi,S .MUTHUSELVAM,Independent,260,4,264,0.13,24/24,11:27 PM,04-05-2026
S22217,OTTAPIDARAM - 217,Thoothukudi,G .MURUGAN,Independent,152,4,156,0.08,24/24,11:27 PM,04-05-2026
S22217,OTTAPIDARAM - 217,Thoothukudi,M .LAKSHMANAN,Independent,197,4,201,0.1,24/24,11:27 PM,04-05-2026
S22217,OTTAPIDARAM - 217,Thoothukudi,VEDAPRAKASH. A,Independent,387,0,387,0.2,24/24,11:27 PM,04-05-2026
S22217,OTTAPIDARAM - 217,Thoothukudi,NOTA,None of the Above,853,26,879,0.45,24/24,11:27 PM,04-05-2026
S22218,KOVILPATTI - 218,Thoothukudi,KADAMBUR RAJU.C,All India Anna Dravida Munnetra Kazhagam,52393,621,53014,27.29,25/25,11:27 PM,04-05-2026
S22218,KOVILPATTI - 218,Thoothukudi,KARUNANITHI.K,Dravida Munnetra Kazhagam,60803,840,61643,31.74,25/25,11:27 PM,04-05-2026
S22218,KOVILPATTI - 218,Thoothukudi,PANDI.P,Naam Tamilar Katchi,11691,228,11919,6.14,25/25,11:27 PM,04-05-2026
S22218,KOVILPATTI - 218,Thoothukudi,RAMACHANDRAN.R,Bahujan Samaj Party,186,8,194,0.1,25/25,11:27 PM,04-05-2026
S22218,KOVILPATTI - 218,Thoothukudi,ARUMUGAVEL.T,Naam Indiar Party,50,2,52,0.03,25/25,11:27 PM,04-05-2026
S22218,KOVILPATTI - 218,Thoothukudi,KANNAN.S,All India Puratchi Thalaivar Makkal Munnettra Kazhagam,437,9,446,0.23,25/25,11:27 PM,04-05-2026
S22218,KOVILPATTI - 218,Thoothukudi,SARAVANAN.S,Thamizh Perarasu Katchi,353,3,356,0.18,25/25,11:27 PM,04-05-2026
S22218,KOVILPATTI - 218,Thoothukudi,BALASUBRAMANIAN.S,Tamilaga Vettri Kazhagam,60142,658,60800,31.3,25/25,11:27 PM,04-05-2026
S22218,KOVILPATTI - 218,Thoothukudi,HARI BALAKRISHNAN.G,Puthiya Makkal Tamil Desam Katchi,139,0,139,0.07,25/25,11:27 PM,04-05-2026
S22218,KOVILPATTI - 218,Thoothukudi,ATHIKUMAR KUDUMBAR.B,Independent,2932,60,2992,1.54,25/25,11:27 PM,04-05-2026
S22218,KOVILPATTI - 218,Thoothukudi,GUNASEKARAN.P,Independent,50,5,55,0.03,25/25,11:27 PM,04-05-2026
S22218,KOVILPATTI - 218,Thoothukudi,GURUSAMY.K,Independent,103,1,104,0.05,25/25,11:27 PM,04-05-2026
S22218,KOVILPATTI - 218,Thoothukudi,CHINNA MAHARAJA.K,Independent,94,0,94,0.05,25/25,11:27 PM,04-05-2026
S22218,KOVILPATTI - 218,Thoothukudi,SEKAR.C,Independent,176,1,177,0.09,25/25,11:27 PM,04-05-2026
S22218,KOVILPATTI - 218,Thoothukudi,PARAMASIVAN.S,Independent,275,0,275,0.14,25/25,11:27 PM,04-05-2026
S22218,KOVILPATTI - 218,Thoothukudi,POUNDURAI.K,Independent,398,0,398,0.2,25/25,11:27 PM,04-05-2026
S22218,KOVILPATTI - 218,Thoothukudi,PANDIMUNEESWARI.K,Independent,366,1,367,0.19,25/25,11:27 PM,04-05-2026
S22218,KOVILPATTI - 218,Thoothukudi,PREMKUMAR.K,Independent,376,2,378,0.19,25/25,11:27 PM,04-05-2026
S22218,KOVILPATTI - 218,Thoothukudi,PONNUSAMY.M,Independent,77,0,77,0.04,25/25,11:27 PM,04-05-2026
S22218,KOVILPATTI - 218,Thoothukudi,MUNEESWARAN.R,Independent,69,0,69,0.04,25/25,11:27 PM,04-05-2026
S22218,KOVILPATTI - 218,Thoothukudi,RENGANAYAGALU.S,Independent,90,0,90,0.05,25/25,11:27 PM,04-05-2026
S22218,KOVILPATTI - 218,Thoothukudi,NOTA,None of the Above,574,19,593,0.31,25/25,11:27 PM,04-05-2026
S22219,SANKARANKOVIL - 219,Tenkasi,SANGAI. GANESAN,Indian National Congress,41969,598,42567,21.66,24/24,11:30 PM,04-05-2026
S22219,SANKARANKOVIL - 219,Tenkasi,M. KAVITHA,Naam Tamilar Katchi,12442,325,12767,6.5,24/24,11:30 PM,04-05-2026
S22219,SANKARANKOVIL - 219,Tenkasi,DR. DHILIPAN JAISHANKAR,All India Anna Dravida Munnetra Kazhagam,63854,1011,64865,33.01,24/24,11:30 PM,04-05-2026
S22219,SANKARANKOVIL - 219,Tenkasi,S. MARIAPPAN,Bahujan Samaj Party,495,5,500,0.25,24/24,11:30 PM,04-05-2026
S22219,SANKARANKOVIL - 219,Tenkasi,N.SELVAM,Naam Indiar Party,132,2,134,0.07,24/24,11:30 PM,04-05-2026
S22219,SANKARANKOVIL - 219,Tenkasi,K. THANGAVEL,Puthiya Makkal Tamil Desam Katchi,162,1,163,0.08,24/24,11:30 PM,04-05-2026
S22219,SANKARANKOVIL - 219,Tenkasi,J. PANDI,Bharatha Makkal Katchi,181,2,183,0.09,24/24,11:30 PM,04-05-2026
S22219,SANKARANKOVIL - 219,Tenkasi,PRABAKARAN,Puthiya Tamilagam,4509,103,4612,2.35,24/24,11:30 PM,04-05-2026
S22219,SANKARANKOVIL - 219,Tenkasi,C. RAVI,Tamilaga Makkal Nala Katchi,481,6,487,0.25,24/24,11:30 PM,04-05-2026
S22219,SANKARANKOVIL - 219,Tenkasi,C. RAMARAJAN,Tamilaga Vettri Kazhagam,57194,1182,58376,29.71,24/24,11:30 PM,04-05-2026
S22219,SANKARANKOVIL - 219,Tenkasi,VASANTHI MURUGESAN,All India Puratchi Thalaivar Makkal Munnettra Kazhagam,7763,243,8006,4.07,24/24,11:30 PM,04-05-2026
S22219,SANKARANKOVIL - 219,Tenkasi,VELRAJ .S,Tamizhaga Vaazhvurimai Katchi,167,3,170,0.09,24/24,11:30 PM,04-05-2026
S22219,SANKARANKOVIL - 219,Tenkasi,S.ARULRAJ,Independent,258,1,259,0.13,24/24,11:30 PM,04-05-2026
S22219,SANKARANKOVIL - 219,Tenkasi,ANAND,Independent,653,8,661,0.34,24/24,11:30 PM,04-05-2026
S22219,SANKARANKOVIL - 219,Tenkasi,K. SUBBURAJ,Independent,214,1,215,0.11,24/24,11:30 PM,04-05-2026
S22219,SANKARANKOVIL - 219,Tenkasi,K.SURESH,Independent,762,4,766,0.39,24/24,11:30 PM,04-05-2026
S22219,SANKARANKOVIL - 219,Tenkasi,V. PAULPANDIAN,Independent,502,2,504,0.26,24/24,11:30 PM,04-05-2026
S22219,SANKARANKOVIL - 219,Tenkasi,S. MUTHUSELVAN,Independent,183,0,183,0.09,24/24,11:30 PM,04-05-2026
S22219,SANKARANKOVIL - 219,Tenkasi,K. RAVIKUMAR,Independent,398,0,398,0.2,24/24,11:30 PM,04-05-2026
S22219,SANKARANKOVIL - 219,Tenkasi,M. RAJ,Independent,104,0,104,0.05,24/24,11:30 PM,04-05-2026
S22219,SANKARANKOVIL - 219,Tenkasi,NOTA,None of the Above,529,31,560,0.29,24/24,11:30 PM,04-05-2026
S22220,VASUDEVANALLUR - 220,Tenkasi,ANANTHAN AYYASAMY,Bharatiya Janata Party,55452,1010,56462,29.75,23/23,11:30 PM,04-05-2026
S22220,VASUDEVANALLUR - 220,Tenkasi,ESAI MATHIVANAN,Naam Tamilar Katchi,12529,327,12856,6.77,23/23,11:30 PM,04-05-2026
S22220,VASUDEVANALLUR - 220,Tenkasi,R. RAMESHKUMAR,Bahujan Samaj Party,331,2,333,0.18,23/23,11:30 PM,04-05-2026
S22220,VASUDEVANALLUR - 220,Tenkasi,E. RAJA,Dravida Munnetra Kazhagam,61907,1138,63045,33.22,23/23,11:30 PM,04-05-2026
S22220,VASUDEVANALLUR - 220,Tenkasi,R. AMUTHARANI,Tamilaga Vettri Kazhagam,45074,788,45862,24.16,23/23,11:30 PM,04-05-2026
S22220,VASUDEVANALLUR - 220,Tenkasi,K. PAULRAJ,Puthiya Tamilagam,3991,128,4119,2.17,23/23,11:30 PM,04-05-2026
S22220,VASUDEVANALLUR - 220,Tenkasi,A. PONNUTHAI,All India Puratchi Thalaivar Makkal Munnettra Kazhagam,2205,44,2249,1.18,23/23,11:30 PM,04-05-2026
S22220,VASUDEVANALLUR - 220,Tenkasi,K. RAJENDRAN,Puthiya Makkal Tamil Desam Katchi,141,0,141,0.07,23/23,11:30 PM,04-05-2026
S22220,VASUDEVANALLUR - 220,Tenkasi,B. VEERALAKSHMI,Tamilaga Makkal Nala Katchi,179,4,183,0.1,23/23,11:30 PM,04-05-2026
S22220,VASUDEVANALLUR - 220,Tenkasi,M. ARUMUGASAMY,Independent,123,0,123,0.06,23/23,11:30 PM,04-05-2026
S22220,VASUDEVANALLUR - 220,Tenkasi,P. KARPAGAVALLI,Independent,481,5,486,0.26,23/23,11:30 PM,04-05-2026
S22220,VASUDEVANALLUR - 220,Tenkasi,I. SARAVANAN,Independent,361,2,363,0.19,23/23,11:30 PM,04-05-2026
S22220,VASUDEVANALLUR - 220,Tenkasi,SENTHILKUMAR,Independent,730,1,731,0.39,23/23,11:30 PM,04-05-2026
S22220,VASUDEVANALLUR - 220,Tenkasi,SELVARAJ .C,Independent,170,7,177,0.09,23/23,11:30 PM,04-05-2026
S22220,VASUDEVANALLUR - 220,Tenkasi,K. NAGARAJAN,Independent,257,2,259,0.14,23/23,11:30 PM,04-05-2026
S22220,VASUDEVANALLUR - 220,Tenkasi,A. PALANIKUMAR,Independent,1020,0,1020,0.54,23/23,11:30 PM,04-05-2026
S22220,VASUDEVANALLUR - 220,Tenkasi,PRABAKARAN .R,Independent,568,2,570,0.3,23/23,11:30 PM,04-05-2026
S22220,VASUDEVANALLUR - 220,Tenkasi,K. RAMACHANDRAN,Independent,178,1,179,0.09,23/23,11:30 PM,04-05-2026
S22220,VASUDEVANALLUR - 220,Tenkasi,NOTA,None of the Above,616,21,637,0.34,23/23,11:30 PM,04-05-2026
S22221,KADAYANALLUR - 221,Tenkasi,ABUBACKER SIDDHEEQ,Naam Tamilar Katchi,10813,152,10965,4.94,27/27,11:27 PM,04-05-2026
S22221,KADAYANALLUR - 221,Tenkasi,RAJENDRAN. T. M,Dravida Munnetra Kazhagam,78809,1023,79832,35.97,27/27,11:27 PM,04-05-2026
S22221,KADAYANALLUR - 221,Tenkasi,C. KRISHNAMURALI,All India Anna Dravida Munnetra Kazhagam,72625,954,73579,33.15,27/27,11:27 PM,04-05-2026
S22221,KADAYANALLUR - 221,Tenkasi,T. MAHESHKUMAR,Bahujan Samaj Party,505,5,510,0.23,27/27,11:27 PM,04-05-2026
S22221,KADAYANALLUR - 221,Tenkasi,ABDUL JALEEL. R. K,Tamilaga Vettri Kazhagam,48793,461,49254,22.19,27/27,11:27 PM,04-05-2026
S22221,KADAYANALLUR - 221,Tenkasi,KAVITHA. R,Puthiya Tamilagam,2785,97,2882,1.3,27/27,11:27 PM,04-05-2026
S22221,KADAYANALLUR - 221,Tenkasi,SHAHIN FATHIMA. A,Tamizhaga Vaazhvurimai Katchi,351,5,356,0.16,27/27,11:27 PM,04-05-2026
S22221,KADAYANALLUR - 221,Tenkasi,SURESHKUMAR. S,Naam Indiar Party,53,0,53,0.02,27/27,11:27 PM,04-05-2026
S22221,KADAYANALLUR - 221,Tenkasi,RAJAN. B. S,Aanaithinthiya Jananayaka Pathukappu Kazhagam,238,6,244,0.11,27/27,11:27 PM,04-05-2026
S22221,KADAYANALLUR - 221,Tenkasi,LAKSHMI. A,Samata Party,176,3,179,0.08,27/27,11:27 PM,04-05-2026
S22221,KADAYANALLUR - 221,Tenkasi,M. ARUMUGASAMY,Independent,99,2,101,0.05,27/27,11:27 PM,04-05-2026
S22221,KADAYANALLUR - 221,Tenkasi,ESAKKI. K,Independent,138,0,138,0.06,27/27,11:27 PM,04-05-2026
S22221,KADAYANALLUR - 221,Tenkasi,ESAKKI PANDI. K,Independent,575,1,576,0.26,27/27,11:27 PM,04-05-2026
S22221,KADAYANALLUR - 221,Tenkasi,GANESAN. M,Independent,396,17,413,0.19,27/27,11:27 PM,04-05-2026
S22221,KADAYANALLUR - 221,Tenkasi,SEENIVASAN. S,Independent,369,11,380,0.17,27/27,11:27 PM,04-05-2026
S22221,KADAYANALLUR - 221,Tenkasi,NAGARAJAN. L,Independent,290,0,290,0.13,27/27,11:27 PM,04-05-2026
S22221,KADAYANALLUR - 221,Tenkasi,PARTHIPAN. V,Independent,212,4,216,0.1,27/27,11:27 PM,04-05-2026
S22221,KADAYANALLUR - 221,Tenkasi,BARISHA BANU. M,Independent,463,4,467,0.21,27/27,11:27 PM,04-05-2026
S22221,KADAYANALLUR - 221,Tenkasi,MURUGAN. P,Independent,535,2,537,0.24,27/27,11:27 PM,04-05-2026
S22221,KADAYANALLUR - 221,Tenkasi,S. MURUGANANTHAM,Independent,107,2,109,0.05,27/27,11:27 PM,04-05-2026
S22221,KADAYANALLUR - 221,Tenkasi,RAJAMARAVAN. S,Independent,231,3,234,0.11,27/27,11:27 PM,04-05-2026
S22221,KADAYANALLUR - 221,Tenkasi,VENKATESH. P,Independent,108,1,109,0.05,27/27,11:27 PM,04-05-2026
S22221,KADAYANALLUR - 221,Tenkasi,NOTA,None of the Above,521,6,527,0.24,27/27,11:27 PM,04-05-2026
S22222,TENKASI - 222,Tenkasi,ISAKI PANDIAN,Bahujan Samaj Party,515,3,518,0.22,26/26,11:30 PM,04-05-2026
S22222,TENKASI - 222,Tenkasi,DR.KALAI KATHIRAVAN,Dravida Munnetra Kazhagam,78535,1164,79699,33.92,26/26,11:30 PM,04-05-2026
S22222,TENKASI - 222,Tenkasi,S.SELVA MOHANDAS PANDIAN,All India Anna Dravida Munnetra Kazhagam,68626,774,69400,29.53,26/26,11:30 PM,04-05-2026
S22222,TENKASI - 222,Tenkasi,P. PUSHPALATHA,Naam Tamilar Katchi,16121,273,16394,6.98,26/26,11:30 PM,04-05-2026
S22222,TENKASI - 222,Tenkasi,GOMATHI SANKAR,Tamizhaga Vaazhvurimai Katchi,228,6,234,0.1,26/26,11:30 PM,04-05-2026
S22222,TENKASI - 222,Tenkasi,R. SELVAKUMAR,Naam Indiar Party,79,1,80,0.03,26/26,11:30 PM,04-05-2026
S22222,TENKASI - 222,Tenkasi,S.THIRUMALAI KUMAR,Puthiya Tamilagam,1321,44,1365,0.58,26/26,11:30 PM,04-05-2026
S22222,TENKASI - 222,Tenkasi,M.POOSA DURAI,All India Puratchi Thalaivar Makkal Munnettra Kazhagam,7639,76,7715,3.28,26/26,11:30 PM,04-05-2026
S22222,TENKASI - 222,Tenkasi,S.MANOGARAN,Kamarajar Deseeya Congress,240,4,244,0.1,26/26,11:30 PM,04-05-2026
S22222,TENKASI - 222,Tenkasi,A. RAJAPRAKASH,Tamilaga Vettri Kazhagam,54929,614,55543,23.64,26/26,11:30 PM,04-05-2026
S22222,TENKASI - 222,Tenkasi,GANESHAN. S,Independent,89,1,90,0.04,26/26,11:30 PM,04-05-2026
S22222,TENKASI - 222,Tenkasi,K.M.KALIAPPAN,Independent,130,0,130,0.06,26/26,11:30 PM,04-05-2026
S22222,TENKASI - 222,Tenkasi,R.KRISHNAN,Independent,200,4,204,0.09,26/26,11:30 PM,04-05-2026
S22222,TENKASI - 222,Tenkasi,SHAHUL HAMEED,Independent,280,15,295,0.13,26/26,11:30 PM,04-05-2026
S22222,TENKASI - 222,Tenkasi,S. THANGAPALAM,Independent,425,7,432,0.18,26/26,11:30 PM,04-05-2026
S22222,TENKASI - 222,Tenkasi,DURAIRAJ,Independent,420,4,424,0.18,26/26,11:30 PM,04-05-2026
S22222,TENKASI - 222,Tenkasi,P.NOBLE KRISHNA,Independent,238,1,239,0.1,26/26,11:30 PM,04-05-2026
S22222,TENKASI - 222,Tenkasi,G. POORANA SELVAN,Independent,547,1,548,0.23,26/26,11:30 PM,04-05-2026
S22222,TENKASI - 222,Tenkasi,M. PONNUDURAI,Independent,311,0,311,0.13,26/26,11:30 PM,04-05-2026
S22222,TENKASI - 222,Tenkasi,A.MARIAPPAN,Independent,109,2,111,0.05,26/26,11:30 PM,04-05-2026
S22222,TENKASI - 222,Tenkasi,K.MUTHU,Independent,114,0,114,0.05,26/26,11:30 PM,04-05-2026
S22222,TENKASI - 222,Tenkasi,R. RAMKUMAR,Independent,221,3,224,0.1,26/26,11:30 PM,04-05-2026
S22222,TENKASI - 222,Tenkasi,NOTA,None of the Above,651,22,673,0.29,26/26,11:30 PM,04-05-2026
S22223,ALANGULAM - 223,Tenkasi,PAUL MANOJ PANDIAN,Dravida Munnetra Kazhagam,67974,1196,69170,31.32,25/25,11:27 PM,04-05-2026
S22223,ALANGULAM - 223,Tenkasi,R PAULRAJ,Naam Tamilar Katchi,23017,363,23380,10.59,25/25,11:27 PM,04-05-2026
S22223,ALANGULAM - 223,Tenkasi,K R P PRABAKARAN,All India Anna Dravida Munnetra Kazhagam,60584,788,61372,27.79,25/25,11:27 PM,04-05-2026
S22223,ALANGULAM - 223,Tenkasi,A UDHAYAKUMAR,Puthiya Tamilagam,1590,30,1620,0.73,25/25,11:27 PM,04-05-2026
S22223,ALANGULAM - 223,Tenkasi,A SUBASH CHANDRA BOSE,Thakkam Katchi,180,2,182,0.08,25/25,11:27 PM,04-05-2026
S22223,ALANGULAM - 223,Tenkasi,MADASAMY,All India Puratchi Thalaivar Makkal Munnettra Kazhagam,2113,45,2158,0.98,25/25,11:27 PM,04-05-2026
S22223,ALANGULAM - 223,Tenkasi,VIBIN CHAKKARAVARTHY,Tamilaga Vettri Kazhagam,60046,638,60684,27.48,25/25,11:27 PM,04-05-2026
S22223,ALANGULAM - 223,Tenkasi,U ARAVIND,Independent,183,6,189,0.09,25/25,11:27 PM,04-05-2026
S22223,ALANGULAM - 223,Tenkasi,K ARUNKUMAR,Independent,111,21,132,0.06,25/25,11:27 PM,04-05-2026
S22223,ALANGULAM - 223,Tenkasi,R KOTHERIMOHIDEEN,Independent,195,4,199,0.09,25/25,11:27 PM,04-05-2026
S22223,ALANGULAM - 223,Tenkasi,T MARIKUMAR,Independent,151,10,161,0.07,25/25,11:27 PM,04-05-2026
S22223,ALANGULAM - 223,Tenkasi,JEYANTHI,Independent,426,6,432,0.2,25/25,11:27 PM,04-05-2026
S22223,ALANGULAM - 223,Tenkasi,W JAYSON,Independent,196,0,196,0.09,25/25,11:27 PM,04-05-2026
S22223,ALANGULAM - 223,Tenkasi,NOTA,None of the Above,961,21,982,0.44,25/25,11:27 PM,04-05-2026
S22224,TIRUNELVELI - 224,Tirunelveli,THACHAI GANESARAJA,All India Anna Dravida Munnetra Kazhagam,46953,551,47504,21.75,28/28,11:30 PM,04-05-2026
S22224,TIRUNELVELI - 224,Tirunelveli,SATHYA. B.,Naam Tamilar Katchi,14908,200,15108,6.92,28/28,11:30 PM,04-05-2026
S22224,TIRUNELVELI - 224,Tirunelveli,SUBRAMANIAN.S,Dravida Munnetra Kazhagam,63449,977,64426,29.5,28/28,11:30 PM,04-05-2026
S22224,TIRUNELVELI - 224,Tirunelveli,ARUMUGARAJ. S.,Tamizhaga Vaazhvurimai Katchi,547,9,556,0.25,28/28,11:30 PM,04-05-2026
S22224,TIRUNELVELI - 224,Tirunelveli,ESWARA VADIVU. S.,Naam Indiar Party,113,1,114,0.05,28/28,11:30 PM,04-05-2026
S22224,TIRUNELVELI - 224,Tirunelveli,KANNAN. G.,Aanaithinthiya Jananayaka Pathukappu Kazhagam,286,4,290,0.13,28/28,11:30 PM,04-05-2026
S22224,TIRUNELVELI - 224,Tirunelveli,SELVAKUMAR SINGH,Bahujan Dravida Party,108,1,109,0.05,28/28,11:30 PM,04-05-2026
S22224,TIRUNELVELI - 224,Tirunelveli,CHENDUR MAHARAJAN,Puthiya Makkal Tamil Desam Katchi,343,3,346,0.16,28/28,11:30 PM,04-05-2026
S22224,TIRUNELVELI - 224,Tirunelveli,MURUGHAN.R.S.,Tamilaga Vettri Kazhagam,75157,683,75840,34.72,28/28,11:30 PM,04-05-2026
S22224,TIRUNELVELI - 224,Tirunelveli,MURUGAN. P.,Thamizhaka Padaippalar Makkal Katchi,210,0,210,0.1,28/28,11:30 PM,04-05-2026
S22224,TIRUNELVELI - 224,Tirunelveli,DR.SHYAM KRISHNASAMY,Puthiya Tamilagam,10473,161,10634,4.87,28/28,11:30 PM,04-05-2026
S22224,TIRUNELVELI - 224,Tirunelveli,ATHISAYA PNDIYAN. V.,Independent,221,9,230,0.11,28/28,11:30 PM,04-05-2026
S22224,TIRUNELVELI - 224,Tirunelveli,ESAKKIRAJA. V.,Independent,100,2,102,0.05,28/28,11:30 PM,04-05-2026
S22224,TIRUNELVELI - 224,Tirunelveli,SUBRAMANIAN. E.,Independent,242,18,260,0.12,28/28,11:30 PM,04-05-2026
S22224,TIRUNELVELI - 224,Tirunelveli,THALABATHI MURUGAN. M.,Independent,472,4,476,0.22,28/28,11:30 PM,04-05-2026
S22224,TIRUNELVELI - 224,Tirunelveli,MUGESH SUBRAMANIAN,Independent,345,1,346,0.16,28/28,11:30 PM,04-05-2026
S22224,TIRUNELVELI - 224,Tirunelveli,MURUGAN.S.,Independent,424,4,428,0.2,28/28,11:30 PM,04-05-2026
S22224,TIRUNELVELI - 224,Tirunelveli,MURUGALAKSHMANAN,Independent,168,3,171,0.08,28/28,11:30 PM,04-05-2026
S22224,TIRUNELVELI - 224,Tirunelveli,VEERABAGHU. M.,Independent,337,0,337,0.15,28/28,11:30 PM,04-05-2026
S22224,TIRUNELVELI - 224,Tirunelveli,VELAYUTHAM. P.,Independent,213,8,221,0.1,28/28,11:30 PM,04-05-2026
S22224,TIRUNELVELI - 224,Tirunelveli,NOTA,None of the Above,698,19,717,0.33,28/28,11:30 PM,04-05-2026
S22225,AMBASAMUDRAM - 225,Tirunelveli,DR.ESAKKI SUBAYA,All India Anna Dravida Munnetra Kazhagam,64632,957,65589,34.3,23/23,11:27 PM,04-05-2026
S22225,AMBASAMUDRAM - 225,Tirunelveli,R.ESAIKANNAN,Bahujan Samaj Party,675,10,685,0.36,23/23,11:27 PM,04-05-2026
S22225,AMBASAMUDRAM - 225,Tirunelveli,DR.V.SIVASANKARAN,Naam Tamilar Katchi,14669,237,14906,7.8,23/23,11:27 PM,04-05-2026
S22225,AMBASAMUDRAM - 225,Tirunelveli,V.P.DURAI,Indian National Congress,54622,722,55344,28.95,23/23,11:27 PM,04-05-2026
S22225,AMBASAMUDRAM - 225,Tirunelveli,S.RAJAGOPAL,Tamilaga Vettri Kazhagam,53087,524,53611,28.04,23/23,11:27 PM,04-05-2026
S22225,AMBASAMUDRAM - 225,Tirunelveli,NOTA,None of the Above,1046,14,1060,0.55,23/23,11:27 PM,04-05-2026
S22226,PALAYAMKOTTAI - 226,Tirunelveli,M.ABDUL WAHAB,Dravida Munnetra Kazhagam,78293,1451,79744,44.15,22/22,11:30 PM,04-05-2026
S22226,PALAYAMKOTTAI - 226,Tirunelveli,SANKARA NARAYANAN ALIAS SARAN,Naam Tamilar Katchi,10218,247,10465,5.79,22/22,11:30 PM,04-05-2026
S22226,PALAYAMKOTTAI - 226,Tirunelveli,SYED SULTHAN SAMSUDEEN,All India Anna Dravida Munnetra Kazhagam,19259,473,19732,10.92,22/22,11:30 PM,04-05-2026
S22226,PALAYAMKOTTAI - 226,Tirunelveli,ESAKKIMUTHU,Puthiya Makkal Tamil Desam Katchi,193,8,201,0.11,22/22,11:30 PM,04-05-2026
S22226,PALAYAMKOTTAI - 226,Tirunelveli,T.A.UMAR,Tamizhaga Vaazhvurimai Katchi,489,4,493,0.27,22/22,11:30 PM,04-05-2026
S22226,PALAYAMKOTTAI - 226,Tirunelveli,S.THANGADURAI,Naam Indiar Party,121,2,123,0.07,22/22,11:30 PM,04-05-2026
S22226,PALAYAMKOTTAI - 226,Tirunelveli,MARIA JOHN,Tamilaga Vettri Kazhagam,64944,995,65939,36.51,22/22,11:30 PM,04-05-2026
S22226,PALAYAMKOTTAI - 226,Tirunelveli,ABDUL KOYA,Independent,539,21,560,0.31,22/22,11:30 PM,04-05-2026
S22226,PALAYAMKOTTAI - 226,Tirunelveli,KARTHICK NARAYANAN S.,Independent,603,16,619,0.34,22/22,11:30 PM,04-05-2026
S22226,PALAYAMKOTTAI - 226,Tirunelveli,D.SANTHIYAGAPPAR ANTONY,Independent,97,7,104,0.06,22/22,11:30 PM,04-05-2026
S22226,PALAYAMKOTTAI - 226,Tirunelveli,A. SUDHAHAR,Independent,124,3,127,0.07,22/22,11:30 PM,04-05-2026
S22226,PALAYAMKOTTAI - 226,Tirunelveli,R.SESU,Independent,82,7,89,0.05,22/22,11:30 PM,04-05-2026
S22226,PALAYAMKOTTAI - 226,Tirunelveli,NALLAKKANNU ALIAS KARTHIC.K,Independent,140,0,140,0.08,22/22,11:30 PM,04-05-2026
S22226,PALAYAMKOTTAI - 226,Tirunelveli,PAULRAJ.V,Independent,700,17,717,0.4,22/22,11:30 PM,04-05-2026
S22226,PALAYAMKOTTAI - 226,Tirunelveli,M.MANIKANDAN,Independent,149,0,149,0.08,22/22,11:30 PM,04-05-2026
S22226,PALAYAMKOTTAI - 226,Tirunelveli,V.GEORGE,Independent,220,1,221,0.12,22/22,11:30 PM,04-05-2026
S22226,PALAYAMKOTTAI - 226,Tirunelveli,SRINIVASH,Independent,346,0,346,0.19,22/22,11:30 PM,04-05-2026
S22226,PALAYAMKOTTAI - 226,Tirunelveli,NOTA,None of the Above,804,47,851,0.47,22/22,11:30 PM,04-05-2026
S22227,NANGUNERI - 227,Tirunelveli,S. SELVAM,Naam Tamilar Katchi,17379,239,17618,8.41,25/25,11:27 PM,04-05-2026
S22227,NANGUNERI - 227,Tirunelveli,RUBY.R.MANOHARAN,Indian National Congress,57364,1169,58533,27.95,25/25,11:27 PM,04-05-2026
S22227,NANGUNERI - 227,Tirunelveli,R. JANARTHANAN,Bahujan Samaj Party,647,12,659,0.31,25/25,11:27 PM,04-05-2026
S22227,NANGUNERI - 227,Tirunelveli,R. ESAKKIMUTHU,Amma Makkal Munnettra Kazagam,37817,499,38316,18.3,25/25,11:27 PM,04-05-2026
S22227,NANGUNERI - 227,Tirunelveli,S. SHUNMUGA SUNDARAM,Naam Indiar Party,199,3,202,0.1,25/25,11:27 PM,04-05-2026
S22227,NANGUNERI - 227,Tirunelveli,CHITHIRAI SELVAN,Tamizhaga Vaazhvurimai Katchi,485,6,491,0.23,25/25,11:27 PM,04-05-2026
S22227,NANGUNERI - 227,Tirunelveli,TAMILSELVI,Puthiya Tamilagam,11039,102,11141,5.32,25/25,11:27 PM,04-05-2026
S22227,NANGUNERI - 227,Tirunelveli,THULASI SUDALAI,Puthiya Makkal Tamil Desam Katchi,365,1,366,0.17,25/25,11:27 PM,04-05-2026
S22227,NANGUNERI - 227,Tirunelveli,REDDIARPATTI V. NARAYANAN,Tamilaga Vettri Kazhagam,74047,905,74952,35.79,25/25,11:27 PM,04-05-2026
S22227,NANGUNERI - 227,Tirunelveli,KRISH.MARIAPPAN,Thamizhaka Padaippalar Makkal Katchi,375,2,377,0.18,25/25,11:27 PM,04-05-2026
S22227,NANGUNERI - 227,Tirunelveli,DR.S.VELLAI DURAI,All India Puratchi Thalaivar Makkal Munnettra Kazhagam,1003,45,1048,0.5,25/25,11:27 PM,04-05-2026
S22227,NANGUNERI - 227,Tirunelveli,M. ARUNA,Independent,249,2,251,0.12,25/25,11:27 PM,04-05-2026
S22227,NANGUNERI - 227,Tirunelveli,R.ANANTHI,Independent,168,1,169,0.08,25/25,11:27 PM,04-05-2026
S22227,NANGUNERI - 227,Tirunelveli,N.KALABERUMAL,Independent,264,1,265,0.13,25/25,11:27 PM,04-05-2026
S22227,NANGUNERI - 227,Tirunelveli,M. KUMAR,Independent,1076,22,1098,0.52,25/25,11:27 PM,04-05-2026
S22227,NANGUNERI - 227,Tirunelveli,T. SANKAR,Independent,358,2,360,0.17,25/25,11:27 PM,04-05-2026
S22227,NANGUNERI - 227,Tirunelveli,SHANMUGAM,Independent,285,8,293,0.14,25/25,11:27 PM,04-05-2026
S22227,NANGUNERI - 227,Tirunelveli,THANITHANGAM,Independent,440,1,441,0.21,25/25,11:27 PM,04-05-2026
S22227,NANGUNERI - 227,Tirunelveli,NALLAKKANNU ALIAS KARTHIC.K,Independent,167,3,170,0.08,25/25,11:27 PM,04-05-2026
S22227,NANGUNERI - 227,Tirunelveli,A.RANI NADAR ALIAS PUSHPARANI,Independent,528,1,529,0.25,25/25,11:27 PM,04-05-2026
S22227,NANGUNERI - 227,Tirunelveli,S.MARIYAPPAN,Independent,631,6,637,0.3,25/25,11:27 PM,04-05-2026
S22227,NANGUNERI - 227,Tirunelveli,SUDAROLI S.MURUGAN YADHAV B.COM,Independent,186,5,191,0.09,25/25,11:27 PM,04-05-2026
S22227,NANGUNERI - 227,Tirunelveli,T. RAJKUMAR,Independent,147,1,148,0.07,25/25,11:27 PM,04-05-2026
S22227,NANGUNERI - 227,Tirunelveli,T. LINGADURAI,Independent,175,3,178,0.08,25/25,11:27 PM,04-05-2026
S22227,NANGUNERI - 227,Tirunelveli,DEV.P.JEGADEESAN,Independent,264,1,265,0.13,25/25,11:27 PM,04-05-2026
S22227,NANGUNERI - 227,Tirunelveli,NOTA,None of the Above,704,17,721,0.34,25/25,11:27 PM,04-05-2026
S22228,RADHAPURAM - 228,Tirunelveli,APPAVU.M,Dravida Munnetra Kazhagam,56640,994,57634,28.83,26/26,11:30 PM,04-05-2026
S22228,RADHAPURAM - 228,Tirunelveli,ESSAKKIAMMAL.E,Bahujan Samaj Party,328,3,331,0.17,26/26,11:30 PM,04-05-2026
S22228,RADHAPURAM - 228,Tirunelveli,GIRIJA THAMARAIPANDIAN.D,Naam Tamilar Katchi,15225,145,15370,7.69,26/26,11:30 PM,04-05-2026
S22228,RADHAPURAM - 228,Tirunelveli,BALAKRISHNAN.S.P,Bharatiya Janata Party,52001,636,52637,26.33,26/26,11:30 PM,04-05-2026
S22228,RADHAPURAM - 228,Tirunelveli,DR.SATHISH CHRISTOPHER,Tamilaga Vettri Kazhagam,69400,547,69947,34.99,26/26,11:30 PM,04-05-2026
S22228,RADHAPURAM - 228,Tirunelveli,JESURAJENDRAN.J,Naam Indiar Party,162,1,163,0.08,26/26,11:30 PM,04-05-2026
S22228,RADHAPURAM - 228,Tirunelveli,MAHALAKSHMI,Puthiya Makkal Tamil Desam Katchi,101,2,103,0.05,26/26,11:30 PM,04-05-2026
S22228,RADHAPURAM - 228,Tirunelveli,MURUGAN.P,Thamizhaka Padaippalar Makkal Katchi,120,1,121,0.06,26/26,11:30 PM,04-05-2026
S22228,RADHAPURAM - 228,Tirunelveli,ARUNRAJ,Independent,34,0,34,0.02,26/26,11:30 PM,04-05-2026
S22228,RADHAPURAM - 228,Tirunelveli,OLIVER ANTON NAVAMONI. S,Independent,70,0,70,0.04,26/26,11:30 PM,04-05-2026
S22228,RADHAPURAM - 228,Tirunelveli,ANANTHI.R,Independent,76,0,76,0.04,26/26,11:30 PM,04-05-2026
S22228,RADHAPURAM - 228,Tirunelveli,ANAND PRASAD,Independent,195,0,195,0.1,26/26,11:30 PM,04-05-2026
S22228,RADHAPURAM - 228,Tirunelveli,KARTHICK.V,Independent,222,10,232,0.12,26/26,11:30 PM,04-05-2026
S22228,RADHAPURAM - 228,Tirunelveli,KINGSLY ISACC JEBARAJ.S,Independent,131,3,134,0.07,26/26,11:30 PM,04-05-2026
S22228,RADHAPURAM - 228,Tirunelveli,SUNDARAJAN.S,Independent,93,0,93,0.05,26/26,11:30 PM,04-05-2026
S22228,RADHAPURAM - 228,Tirunelveli,SELVAN.T,Independent,280,5,285,0.14,26/26,11:30 PM,04-05-2026
S22228,RADHAPURAM - 228,Tirunelveli,DANIEL.A,Independent,818,1,819,0.41,26/26,11:30 PM,04-05-2026
S22228,RADHAPURAM - 228,Tirunelveli,PON SANTHANA KUMARAN.R,Independent,476,6,482,0.24,26/26,11:30 PM,04-05-2026
S22228,RADHAPURAM - 228,Tirunelveli,MANIKANDAN.A.I,Independent,163,1,164,0.08,26/26,11:30 PM,04-05-2026
S22228,RADHAPURAM - 228,Tirunelveli,MANIKANDAN.S,Independent,205,0,205,0.1,26/26,11:30 PM,04-05-2026
S22228,RADHAPURAM - 228,Tirunelveli,MANIKANDAN.L,Independent,222,1,223,0.11,26/26,11:30 PM,04-05-2026
S22228,RADHAPURAM - 228,Tirunelveli,RAJAN.P,Independent,52,0,52,0.03,26/26,11:30 PM,04-05-2026
S22228,RADHAPURAM - 228,Tirunelveli,JEYARAJ.P V S,Independent,91,1,92,0.05,26/26,11:30 PM,04-05-2026
S22228,RADHAPURAM - 228,Tirunelveli,NOTA,None of the Above,462,7,469,0.23,26/26,11:30 PM,04-05-2026
S22229,KANNIYAKUMARI - 229,Kanyakumari ,THALAVAI SUNDARAM. N,All India Anna Dravida Munnetra Kazhagam,73563,1482,75045,31.38,34/34,11:30 PM,04-05-2026
S22229,KANNIYAKUMARI - 229,Kanyakumari ,MAHESH.R,Dravida Munnetra Kazhagam,73186,1645,74831,31.29,34/34,11:30 PM,04-05-2026
S22229,KANNIYAKUMARI - 229,Kanyakumari ,MARIA JENNIFER,Naam Tamilar Katchi,13415,274,13689,5.72,34/34,11:30 PM,04-05-2026
S22229,KANNIYAKUMARI - 229,Kanyakumari ,MANAVAI KANNAN. M,Communist Party of India (Marxist-Leninist) Red Star,137,3,140,0.06,34/34,11:30 PM,04-05-2026
S22229,KANNIYAKUMARI - 229,Kanyakumari ,SIVALINGAM.C,Naam Indiar Party,192,2,194,0.08,34/34,11:30 PM,04-05-2026
S22229,KANNIYAKUMARI - 229,Kanyakumari ,MADHAVAN.S.R,Tamilaga Vettri Kazhagam,72264,713,72977,30.52,34/34,11:30 PM,04-05-2026
S22229,KANNIYAKUMARI - 229,Kanyakumari ,REAGON ANTO.J,Tamizhaga Vaazhvurimai Katchi,297,4,301,0.13,34/34,11:30 PM,04-05-2026
S22229,KANNIYAKUMARI - 229,Kanyakumari ,SRIKRISHNAKUMAR.K,Thamizhaka Padaippalar Makkal Katchi,206,0,206,0.09,34/34,11:30 PM,04-05-2026
S22229,KANNIYAKUMARI - 229,Kanyakumari ,KANAGARAJ.T,Independent,81,0,81,0.03,34/34,11:30 PM,04-05-2026
S22229,KANNIYAKUMARI - 229,Kanyakumari ,SUDHAGAR.R,Independent,82,11,93,0.04,34/34,11:30 PM,04-05-2026
S22229,KANNIYAKUMARI - 229,Kanyakumari ,DAVID SAHAYA BASCAR,Independent,108,9,117,0.05,34/34,11:30 PM,04-05-2026
S22229,KANNIYAKUMARI - 229,Kanyakumari ,THANUNEELAN . S,Independent,89,1,90,0.04,34/34,11:30 PM,04-05-2026
S22229,KANNIYAKUMARI - 229,Kanyakumari ,RAMAKRISHNAN.C,Independent,106,1,107,0.04,34/34,11:30 PM,04-05-2026
S22229,KANNIYAKUMARI - 229,Kanyakumari ,RAJAN. S,Independent,453,1,454,0.19,34/34,11:30 PM,04-05-2026
S22229,KANNIYAKUMARI - 229,Kanyakumari ,NOTA,None of the Above,813,12,825,0.34,34/34,11:30 PM,04-05-2026
S22230,NAGERCOIL - 230,Kanyakumari ,AUSTIN,Dravida Munnetra Kazhagam,68656,1224,69880,35.6,23/23,11:30 PM,04-05-2026
S22230,NAGERCOIL - 230,Kanyakumari ,GANDHI M R,Bharatiya Janata Party,51311,1044,52355,26.67,23/23,11:30 PM,04-05-2026
S22230,NAGERCOIL - 230,Kanyakumari ,MUTHUKUMAR M,Naam Tamilar Katchi,8421,152,8573,4.37,23/23,11:30 PM,04-05-2026
S22230,NAGERCOIL - 230,Kanyakumari ,ANTONY MICHAEL J,Viro Ke Vir Indian Party,112,4,116,0.06,23/23,11:30 PM,04-05-2026
S22230,NAGERCOIL - 230,Kanyakumari ,SALATE KANAGARAJ A,Naam Indiar Party,65,1,66,0.03,23/23,11:30 PM,04-05-2026
S22230,NAGERCOIL - 230,Kanyakumari ,DINO T,Naadaalum Makkal Katchi,326,1,327,0.17,23/23,11:30 PM,04-05-2026
S22230,NAGERCOIL - 230,Kanyakumari ,NAGARAJAN L,Thamizhaka Padaippalar Makkal Katchi,259,1,260,0.13,23/23,11:30 PM,04-05-2026
S22230,NAGERCOIL - 230,Kanyakumari ,BERVIN KINGS G,Tamilaga Vettri Kazhagam,61804,506,62310,31.75,23/23,11:30 PM,04-05-2026
S22230,NAGERCOIL - 230,Kanyakumari ,VALLIMAYIL P,Communist Party of India (Marxist-Leninist) Red Star,144,1,145,0.07,23/23,11:30 PM,04-05-2026
S22230,NAGERCOIL - 230,Kanyakumari ,AJITH KUMAR A,Independent,99,1,100,0.05,23/23,11:30 PM,04-05-2026
S22230,NAGERCOIL - 230,Kanyakumari ,GUNASEKARAN S,Independent,110,1,111,0.06,23/23,11:30 PM,04-05-2026
S22230,NAGERCOIL - 230,Kanyakumari ,SIVAKUMAR A,Independent,328,9,337,0.17,23/23,11:30 PM,04-05-2026
S22230,NAGERCOIL - 230,Kanyakumari ,SUYAMBULINGAM A,Independent,207,2,209,0.11,23/23,11:30 PM,04-05-2026
S22230,NAGERCOIL - 230,Kanyakumari ,SUYAMBULINGAM P,Independent,107,5,112,0.06,23/23,11:30 PM,04-05-2026
S22230,NAGERCOIL - 230,Kanyakumari ,DINESH,Independent,90,4,94,0.05,23/23,11:30 PM,04-05-2026
S22230,NAGERCOIL - 230,Kanyakumari ,NAGOOR MEERAN PEER MOHAMED U,Independent,232,2,234,0.12,23/23,11:30 PM,04-05-2026
S22230,NAGERCOIL - 230,Kanyakumari ,MOHIDEEN FAIGEE ALIAS SOORANKUDY FAIGEE,Independent,357,0,357,0.18,23/23,11:30 PM,04-05-2026
S22230,NAGERCOIL - 230,Kanyakumari ,RETNA MONY S,Independent,136,1,137,0.07,23/23,11:30 PM,04-05-2026
S22230,NAGERCOIL - 230,Kanyakumari ,VAIRAM PILLAI S,Independent,39,1,40,0.02,23/23,11:30 PM,04-05-2026
S22230,NAGERCOIL - 230,Kanyakumari ,JEBARSON S,Tamizhaga Vaazhvurimai Katchi,69,1,70,0.04,23/23,11:30 PM,04-05-2026
S22230,NAGERCOIL - 230,Kanyakumari ,NOTA,None of the Above,437,10,447,0.23,23/23,11:30 PM,04-05-2026
S22231,COLACHAL - 231,Kanyakumari ,ANCY SHOBA RANI. L,Naam Tamilar Katchi,12232,226,12458,6.26,28/28,11:27 PM,04-05-2026
S22231,COLACHAL - 231,Kanyakumari ,SIVAKUMAR. T,Bharatiya Janata Party,53413,971,54384,27.33,28/28,11:27 PM,04-05-2026
S22231,COLACHAL - 231,Kanyakumari ,THARAHAI CUTHBERT,Indian National Congress,65190,1017,66207,33.27,28/28,11:27 PM,04-05-2026
S22231,COLACHAL - 231,Kanyakumari ,RAJASINGH. C,Bahujan Samaj Party,310,4,314,0.16,28/28,11:27 PM,04-05-2026
S22231,COLACHAL - 231,Kanyakumari ,ANTHONY MUTHU. S.M,Communist Party of India (Marxist-Leninist) (Liberation),300,4,304,0.15,28/28,11:27 PM,04-05-2026
S22231,COLACHAL - 231,Kanyakumari ,GANESH. N,Thamizhaka Padaippalar Makkal Katchi,237,7,244,0.12,28/28,11:27 PM,04-05-2026
S22231,COLACHAL - 231,Kanyakumari ,CHRIST MILLER. S,All India Puratchi Thalaivar Makkal Munnettra Kazhagam,140,5,145,0.07,28/28,11:27 PM,04-05-2026
S22231,COLACHAL - 231,Kanyakumari ,KOIL RAJ. R,Naam Indiar Party,139,1,140,0.07,28/28,11:27 PM,04-05-2026
S22231,COLACHAL - 231,Kanyakumari ,PREM ALEX LAWRENCE,Tamilaga Vettri Kazhagam,62801,573,63374,31.84,28/28,11:27 PM,04-05-2026
S22231,COLACHAL - 231,Kanyakumari ,MURALI. M,Tamizhaga Vaazhvurimai Katchi,124,0,124,0.06,28/28,11:27 PM,04-05-2026
S22231,COLACHAL - 231,Kanyakumari ,ANTONY ALANKARAM. K,Independent,132,2,134,0.07,28/28,11:27 PM,04-05-2026
S22231,COLACHAL - 231,Kanyakumari ,SARAVANAN. M,Independent,243,12,255,0.13,28/28,11:27 PM,04-05-2026
S22231,COLACHAL - 231,Kanyakumari ,SELVARAJ. M,Independent,346,3,349,0.18,28/28,11:27 PM,04-05-2026
S22231,COLACHAL - 231,Kanyakumari ,NOTA,None of the Above,568,13,581,0.29,28/28,11:27 PM,04-05-2026
S22232,PADMANABHAPURAM - 232,Kanyakumari ,SEELAN,Naam Tamilar Katchi,11048,240,11288,6.25,24/24,11:27 PM,04-05-2026
S22232,PADMANABHAPURAM - 232,Kanyakumari ,CHELLASWAMY. R,Communist Party of India (Marxist),67896,1042,68938,38.18,24/24,11:27 PM,04-05-2026
S22232,PADMANABHAPURAM - 232,Kanyakumari ,RAMESH. P,Bharatiya Janata Party,43413,880,44293,24.53,24/24,11:27 PM,04-05-2026
S22232,PADMANABHAPURAM - 232,Kanyakumari ,KRISHNA KUMAR. S,Tamilaga Vettri Kazhagam,52741,628,53369,29.56,24/24,11:27 PM,04-05-2026
S22232,PADMANABHAPURAM - 232,Kanyakumari ,SYEDALI. A,Our Mahathma National Party,311,3,314,0.17,24/24,11:27 PM,04-05-2026
S22232,PADMANABHAPURAM - 232,Kanyakumari ,RAKESH KUMAR. M,Thamizhaka Padaippalar Makkal Katchi,340,6,346,0.19,24/24,11:27 PM,04-05-2026
S22232,PADMANABHAPURAM - 232,Kanyakumari ,VAIKUNDAMANI. N,Tamizhaga Vaazhvurimai Katchi,139,5,144,0.08,24/24,11:27 PM,04-05-2026
S22232,PADMANABHAPURAM - 232,Kanyakumari ,ARUL MANI. H,Independent,190,3,193,0.11,24/24,11:27 PM,04-05-2026
S22232,PADMANABHAPURAM - 232,Kanyakumari ,DR. KRISHNA PRASAD. B,Independent,228,1,229,0.13,24/24,11:27 PM,04-05-2026
S22232,PADMANABHAPURAM - 232,Kanyakumari ,DURAI RAJ. S,Independent,371,2,373,0.21,24/24,11:27 PM,04-05-2026
S22232,PADMANABHAPURAM - 232,Kanyakumari ,VASANTHI. R,Independent,444,9,453,0.25,24/24,11:27 PM,04-05-2026
S22232,PADMANABHAPURAM - 232,Kanyakumari ,NOTA,None of the Above,596,19,615,0.34,24/24,11:27 PM,04-05-2026
S22233,VILAVANCODE - 233,Kanyakumari ,PRAVEEN T.T,Indian National Congress,69378,1377,70755,40.45,22/22,11:30 PM,04-05-2026
S22233,VILAVANCODE - 233,Kanyakumari ,MARIA STELLA,Naam Tamilar Katchi,6000,199,6199,3.54,22/22,11:30 PM,04-05-2026
S22233,VILAVANCODE - 233,Kanyakumari ,VIJAYADHARANI S,Bharatiya Janata Party,44676,928,45604,26.07,22/22,11:30 PM,04-05-2026
S22233,VILAVANCODE - 233,Kanyakumari ,BAIJU T,Viro Ke Vir Indian Party,287,7,294,0.17,22/22,11:30 PM,04-05-2026
S22233,VILAVANCODE - 233,Kanyakumari ,MICHAEL KUMAR K,Tamilaga Vettri Kazhagam,49028,757,49785,28.46,22/22,11:30 PM,04-05-2026
S22233,VILAVANCODE - 233,Kanyakumari ,MOHAN KUMAR M,All India Jananayaka Makkal Kazhagam,214,3,217,0.12,22/22,11:30 PM,04-05-2026
S22233,VILAVANCODE - 233,Kanyakumari ,VENKADEASAN. K,Thamizhaka Padaippalar Makkal Katchi,193,1,194,0.11,22/22,11:30 PM,04-05-2026
S22233,VILAVANCODE - 233,Kanyakumari ,JOHN CHRISTOPHER T,Rashtriya Janata Dal,389,13,402,0.23,22/22,11:30 PM,04-05-2026
S22233,VILAVANCODE - 233,Kanyakumari ,KRISHNAN M,Independent,66,4,70,0.04,22/22,11:30 PM,04-05-2026
S22233,VILAVANCODE - 233,Kanyakumari ,DAVID T,Independent,72,9,81,0.05,22/22,11:30 PM,04-05-2026
S22233,VILAVANCODE - 233,Kanyakumari ,PRAVEEN KUMAR,Independent,106,2,108,0.06,22/22,11:30 PM,04-05-2026
S22233,VILAVANCODE - 233,Kanyakumari ,MURUGANANDHA PRASAD T,Independent,108,4,112,0.06,22/22,11:30 PM,04-05-2026
S22233,VILAVANCODE - 233,Kanyakumari ,JOSELAL L.V,Independent,185,5,190,0.11,22/22,11:30 PM,04-05-2026
S22233,VILAVANCODE - 233,Kanyakumari ,SHIBU AMOSE,Independent,86,2,88,0.05,22/22,11:30 PM,04-05-2026
S22233,VILAVANCODE - 233,Kanyakumari ,NOTA,None of the Above,811,17,828,0.47,22/22,11:30 PM,04-05-2026
S22234,KILLIYOOR - 234,Kanyakumari ,NIVIN SIMON. J,Bharatiya Janata Party,30435,635,31070,17.5,23/23,11:30 PM,04-05-2026
S22234,KILLIYOOR - 234,Kanyakumari ,RAJESH KUMAR. S,Indian National Congress,65354,1080,66434,37.42,23/23,11:30 PM,04-05-2026
S22234,KILLIYOOR - 234,Kanyakumari ,HIMLAR,Naam Tamilar Katchi,12490,274,12764,7.19,23/23,11:30 PM,04-05-2026
S22234,KILLIYOOR - 234,Kanyakumari ,SABIN. S,Tamilaga Vettri Kazhagam,64441,682,65123,36.68,23/23,11:30 PM,04-05-2026
S22234,KILLIYOOR - 234,Kanyakumari ,PRABHU. S,Thamizhaka Padaippalar Makkal Katchi,409,1,410,0.23,23/23,11:30 PM,04-05-2026
S22234,KILLIYOOR - 234,Kanyakumari ,RUBIN ANTONY,Tamizhaga Vaazhvurimai Katchi,153,3,156,0.09,23/23,11:30 PM,04-05-2026
S22234,KILLIYOOR - 234,Kanyakumari ,JUSTIN. T,Indian Christian Front,82,3,85,0.05,23/23,11:30 PM,04-05-2026
S22234,KILLIYOOR - 234,Kanyakumari ,DR. RAMACHANDRAN. M,Independent,71,2,73,0.04,23/23,11:30 PM,04-05-2026
S22234,KILLIYOOR - 234,Kanyakumari ,SATHEESH. S,Independent,128,0,128,0.07,23/23,11:30 PM,04-05-2026
S22234,KILLIYOOR - 234,Kanyakumari ,AJAI (ALIAS) NAGARAJAN,Independent,240,1,241,0.14,23/23,11:30 PM,04-05-2026
S22234,KILLIYOOR - 234,Kanyakumari ,BERRILA. L,Independent,193,4,197,0.11,23/23,11:30 PM,04-05-2026
S22234,KILLIYOOR - 234,Kanyakumari ,BABY RAJ. P,Independent,157,5,162,0.09,23/23,11:30 PM,04-05-2026
S22234,KILLIYOOR - 234,Kanyakumari ,JUSTIN. M,Independent,188,1,189,0.11,23/23,11:30 PM,04-05-2026
S22234,KILLIYOOR - 234,Kanyakumari ,NOTA,None of the Above,491,11,502,0.28,23/23,11:30 PM,04-05-2026
