emp_name,expense_category,expense_amount,expense_date
Ladli Keer,Meals,2193.59,2025-01-06
Dayamai Bakshi,Team Event,1784.80,2025-07-01
Max Gole,Team Event,1906.94,2025-08-23
Abdul Pillai,Hardware,1261.97,2025-02-09
Ladli Keer,Team Event,515.77,2025-03-15
Harita Upadhyay,Taxi,1656.41,2025-01-10
Charan Devan,Hardware,2867.42,2025-05-27
Balvan Bahl,Taxi,2852.83,2025-03-30
Krishna Dara,Team Event,803.27,2025-11-17
Samar Sharaf,Taxi,3075.08,2025-11-09
Ronith Edwin,Taxi,616.57,2025-03-31
Chakradev Thakkar,Software,1879.90,2025-07-24
Idika Ganesan,Travel,945.70,2025-01-06
Kai Goel,Training,2173.89,2025-10-16
Zaitra Aurora,Office Supplies,734.39,2025-02-22
Varsha Nori,Accommodation,4558.74,2025-09-30
Indali Bhandari,Accommodation,1526.30,2025-04-10
Nitara Rama,Training,2840.88,2025-04-26
Rajeshri Joshi,Training,3457.02,2025-11-04
Vivaan Kannan,Team Event,4011.35,2025-04-17
Harinakshi Dhaliwal,Team Event,1188.41,2025-05-10
Alexander Bhattacharyya,Accommodation,2382.24,2025-01-17
Indrajit Kapoor,Training,691.50,2025-03-18
Ladli Dalal,Internet,4577.19,2025-05-19
Abhimanyu Kala,Internet,2916.36,2025-05-18
Abhimanyu Kala,Internet,3841.09,2025-03-26
Vihaan Sabharwal,Accommodation,1122.70,2025-09-22
Aayush Sandal,Team Event,2498.03,2025-07-29
Siddharth Dugal,Internet,2782.12,2025-03-23
Azad Raghavan,Accommodation,1715.94,2025-09-10
Yashoda Manne,Taxi,2631.19,2024-11-27
Ekaraj Buch,Hardware,711.18,2025-09-20
Wyatt Handa,Travel,942.02,2025-03-04
Wridesh Magar,Travel,4910.75,2025-05-05
Azad Kurian,Team Event,927.67,2024-12-27
Advik Dugar,Training,4134.14,2025-10-05
Widisha Lanka,Hardware,3578.41,2025-01-21
Harita Upadhyay,Accommodation,4502.20,2025-09-17
Harinakshi Dhaliwal,Office Supplies,4666.49,2025-07-28
Indali Bhandari,Accommodation,1288.67,2025-02-03
Jacob Thakkar,Accommodation,4426.62,2024-12-14
Abhimanyu Kala,Training,2468.81,2025-10-19
Anmol Desai,Internet,1918.64,2025-03-20
Dakshesh Sandhu,Training,1111.72,2025-10-12
Balvan Bahl,Team Event,2338.43,2025-07-11
Ladli Keer,Travel,1249.41,2025-06-16
Dominic Verma,Meals,3353.50,2025-04-05
Logan Khurana,Software,1323.46,2025-03-14
Benjamin Saini,Accommodation,3803.62,2025-01-21
Harinakshi Dhaliwal,Software,2380.73,2025-09-27
Vedant Dash,Taxi,1522.64,2025-01-27
Max Gole,Software,4566.93,2025-08-23
Ekalinga Dasgupta,Meals,2635.74,2024-12-03
Azad Raghavan,Training,2495.95,2025-09-16
Tanveer Tripathi,Accommodation,2686.31,2024-12-08
Joshua Purohit,Training,2965.28,2025-08-31
Dominic Verma,Software,1284.85,2025-06-07
Pushti Dalal,Meals,1903.69,2025-08-07
Kai Goel,Travel,2722.23,2024-12-13
Ekalinga Dasgupta,Team Event,581.21,2025-07-13
Watika Kaur,Meals,4141.26,2025-10-31
Wyatt Handa,Software,4223.47,2025-05-11
Anmol Desai,Travel,4943.75,2025-05-05
Radhika Baral,Travel,2427.51,2025-06-26
Anika Bansal,Team Event,1376.51,2025-02-03
Sarthak Rajagopal,Training,3299.80,2025-06-18
Ekalinga Dasgupta,Team Event,4610.90,2025-10-24
Tanveer Tripathi,Meals,3666.49,2025-03-02
Eesha Dasgupta,Internet,2747.30,2025-06-17
Madhavi Johal,Internet,983.13,2025-09-12
Bishakha Rout,Accommodation,1301.97,2025-09-16
Eesha Dasgupta,Software,974.94,2025-09-29
Samar Sharaf,Team Event,2552.85,2025-06-29
Widisha Lanka,Internet,4798.14,2025-08-12
Benjamin Saini,Internet,4685.60,2025-03-03
Madhavi Johal,Team Event,908.20,2025-11-12
Kevin Joshi,Training,2335.83,2025-03-08
Wyatt Handa,Taxi,3883.83,2025-02-08
Abdul Pillai,Hardware,2628.47,2025-07-25
Manya Soman,Team Event,4365.87,2024-11-28
Zaitra Aurora,Meals,3722.36,2025-08-19
Jhalak Bali,Software,1542.15,2025-07-14
Eesha Dasgupta,Software,4395.08,2025-04-19
Radhika Baral,Internet,4351.34,2025-03-24
Mugdha Mane,Training,4312.86,2025-11-04
Abdul Pillai,Travel,3924.40,2025-07-04
Isaac Choudhry,Meals,2141.79,2025-01-27
Indrajit Kapoor,Internet,3455.74,2025-05-18
Alexander Bhattacharyya,Hardware,2130.15,2025-08-14
Manya Soman,Meals,4279.71,2025-06-27
Benjamin Zachariah,Meals,4813.94,2025-03-12
Yauvani Sengupta,Accommodation,1840.18,2025-01-05
Varsha Nori,Internet,772.04,2025-05-23
Mugdha Mane,Training,678.99,2025-09-08
Yatin Uppal,Office Supplies,1519.78,2025-08-27
Akshay Kohli,Hardware,4741.81,2025-05-24
Harinakshi Dhaliwal,Meals,4245.08,2025-04-13
Abhimanyu Kala,Travel,3065.73,2025-07-06
Vedant Dash,Meals,3349.48,2025-05-26
Rudra Sodhi,Meals,3457.18,2025-04-16
Varsha Nori,Meals,2120.35,2025-10-02
Aarna Bahri,Team Event,1751.10,2025-10-11
Robert Mammen,Meals,2922.98,2025-04-21
Omisha Murty,Hardware,4570.85,2025-04-09
Idika Ganesan,Office Supplies,4790.73,2025-01-13
Nandini Golla,Training,754.96,2025-07-23
Ekalinga Dasgupta,Office Supplies,4417.60,2025-07-15
Wridesh Magar,Taxi,1648.93,2025-10-07
Harita Upadhyay,Software,3243.26,2025-11-20
Akshay Kohli,Team Event,4706.74,2025-04-23
Peter Magar,Travel,3385.29,2025-04-18
Mugdha Mane,Meals,4407.92,2025-11-01
Hiral Munshi,Team Event,2570.24,2025-03-24
Widisha Lanka,Travel,2274.45,2025-03-06
Kai Goel,Accommodation,4002.10,2025-05-20
Joshua Purohit,Internet,4946.56,2025-08-29
Vedant Dash,Hardware,2807.11,2025-08-20
Nidhi Dubey,Accommodation,2451.20,2025-10-22
Widisha Lanka,Office Supplies,3866.52,2025-06-30
Yauvani Sengupta,Software,1523.55,2025-06-17
Widisha Lanka,Hardware,4318.95,2025-03-11
Caleb Sood,Internet,2864.14,2025-11-14
Azad Kurian,Software,4898.18,2025-07-24
Rajeshri Joshi,Taxi,1465.31,2025-07-22
Faras Dara,Hardware,1761.53,2025-11-21
Tanveer Tripathi,Team Event,963.94,2025-04-28
Ladli Keer,Meals,2340.23,2025-09-11
Harita Upadhyay,Taxi,3434.15,2025-11-18
Yauvani Sengupta,Hardware,1349.26,2025-09-18
Yadavi Chander,Software,1981.68,2024-12-11
Chakradev Thakkar,Hardware,2147.00,2025-07-07
Rajata Thakkar,Accommodation,3885.69,2025-08-20
Vedant Dash,Training,3605.60,2025-10-04
Anmol Desai,Meals,3173.96,2025-04-07
Eesha Dasgupta,Office Supplies,2221.81,2025-05-05
Chakradev Thakkar,Meals,2780.89,2025-10-03
Sarthak Rajagopal,Travel,2845.65,2025-01-13
Logan Khurana,Training,3226.59,2025-05-30
Indali Bhandari,Office Supplies,4390.75,2025-06-03
Onkar Arya,Software,2640.35,2025-05-23
Anika Bansal,Training,1674.92,2025-03-05
Abhimanyu Kala,Internet,3950.29,2025-02-24
Dayamai Bakshi,Meals,1568.59,2024-12-18
Azad Kurian,Team Event,4232.68,2025-05-21
Ranbir Panchal,Team Event,2919.09,2025-02-02
Nidhi Dubey,Accommodation,4399.25,2025-01-11
Dayamai Bakshi,Meals,2390.37,2024-12-26
Anmol Desai,Team Event,4049.13,2024-12-02
Zaitra Aurora,Software,3153.69,2025-04-12
Yashoda Manne,Hardware,1980.09,2025-10-25
Ranbir Panchal,Travel,1016.03,2024-12-14
Caleb Sood,Office Supplies,2053.75,2025-05-16
Harinakshi Dhaliwal,Travel,3536.36,2025-09-12
Idika Rastogi,Software,1013.60,2024-12-11
Watika Kaur,Taxi,1564.69,2025-05-17
Nandini Golla,Travel,1720.92,2025-10-28
Ekaja Kamdar,Training,2481.07,2025-07-17
Rehaan Buch,Taxi,988.14,2025-03-30
Harita Upadhyay,Taxi,1470.32,2024-12-18
Idika Rastogi,Hardware,3849.89,2024-12-09
Nandini Golla,Travel,4639.59,2025-04-22
Logan Khurana,Hardware,4768.99,2025-03-26
Dakshesh Sandhu,Training,1268.75,2025-02-27
Madhavi Johal,Team Event,835.04,2024-12-28
Saksham Talwar,Internet,558.07,2025-07-02
Yauvani Sengupta,Accommodation,3625.63,2025-01-24
Sarthak Rajagopal,Travel,3308.06,2025-03-29
Abdul Pillai,Software,3615.24,2025-07-01
Varsha Nori,Hardware,3676.64,2025-01-14
Ansh Chaudry,Hardware,3754.53,2025-05-17
Tanish Oza,Hardware,4979.76,2025-10-10
Ladli Keer,Software,1719.69,2025-08-07
Ekaja Kamdar,Accommodation,4692.05,2025-03-31
Ekaja Kamdar,Software,650.69,2025-02-16
Vedika Mann,Travel,2028.84,2025-07-07
Jhalak Bali,Travel,4769.77,2025-01-17
Benjamin Saini,Software,3065.74,2024-12-30
Harinakshi Dhaliwal,Training,1616.82,2025-03-05
Ansh Chaudry,Internet,1193.00,2025-11-23
Idika Rastogi,Hardware,2854.81,2024-12-20
Dominic Verma,Internet,2995.55,2025-05-20
Azad Raghavan,Software,3556.72,2024-11-25
Devansh Gara,Office Supplies,3332.09,2024-12-11
Vivaan Kannan,Accommodation,574.96,2025-10-31
Alexander Bhattacharyya,Team Event,3838.41,2025-02-24
Dominic Verma,Meals,3330.53,2025-05-04
Vivaan Kannan,Internet,755.84,2025-02-27
Vivaan Kannan,Office Supplies,683.66,2025-09-05
Tanish Oza,Training,4009.63,2024-11-26
Bishakha Rout,Hardware,1496.75,2024-12-09
Chakradev Thakkar,Team Event,2668.32,2024-12-20
Ladli Dalal,Software,2840.93,2025-04-06
Vasatika Ahuja,Hardware,2555.34,2025-03-20
Azad Raghavan,Internet,4928.00,2025-08-02
Rehaan Buch,Travel,3364.87,2025-03-10
Jacob Thakkar,Accommodation,4034.24,2025-11-14
Tanish Oza,Software,1086.51,2025-03-26
Sarthak Rajagopal,Hardware,3472.04,2025-01-22
Kevin Joshi,Office Supplies,1131.02,2025-08-12
Yadavi Chander,Taxi,4306.97,2025-11-10
Rajeshri Joshi,Travel,1363.28,2025-08-26
Caleb Sood,Training,2932.63,2025-08-10
Nandini Golla,Internet,2213.38,2025-05-26
Watika Kaur,Internet,2233.24,2025-05-10
Devansh Gara,Software,1438.13,2024-12-01
Ranbir Panchal,Internet,2927.77,2025-09-17
Watika Kaur,Travel,4217.71,2025-08-13
Pushti Dalal,Accommodation,2494.25,2025-10-06
Hemani Arora,Accommodation,4301.28,2025-08-13
Devansh Gara,Internet,1640.26,2025-06-29
Abhimanyu Kala,Training,3566.23,2025-03-21
Idika Rastogi,Training,517.64,2025-07-06
Sarthak Rajagopal,Hardware,2395.73,2025-08-20
Tanveer Tripathi,Accommodation,2027.77,2025-11-23
Ekaja Kamdar,Training,608.50,2025-02-01
Benjamin Zachariah,Hardware,2714.94,2025-04-29
Robert Mammen,Software,1447.47,2025-05-07
Logan Khurana,Internet,528.24,2025-08-15
Dominic Verma,Meals,1067.62,2025-06-24
Harinakshi Dhaliwal,Meals,4177.90,2025-05-12
Omisha Murty,Training,4165.18,2025-06-03
Wridesh Magar,Hardware,2361.63,2025-10-10
Joshua Purohit,Training,2957.65,2024-12-26
Joshua Purohit,Taxi,2210.96,2025-09-14
Aayush Sandal,Office Supplies,2855.74,2025-05-03
Varsha Nori,Meals,4382.31,2025-08-27
Abdul Pillai,Office Supplies,1621.40,2025-02-16
Charan Devan,Hardware,4224.52,2025-03-09
Idika Rastogi,Office Supplies,3023.52,2025-11-24
Jhalak Bali,Accommodation,1877.62,2025-03-08
Indali Bhandari,Software,2903.27,2025-07-26
Jhalak Bali,Accommodation,2085.25,2025-07-13
Chakradev Thakkar,Internet,2894.38,2024-12-13
Krishna Dara,Software,3804.68,2025-08-24
Ekalinga Dasgupta,Taxi,2336.30,2025-06-05
Saksham Talwar,Office Supplies,1318.55,2025-01-28
Varsha Nori,Software,3431.32,2025-08-23
Indali Bhandari,Training,3749.05,2025-05-14
Alexander Bhattacharyya,Accommodation,3183.90,2025-11-20
Anmol Desai,Internet,1171.66,2025-04-08
Hiral Munshi,Taxi,4469.42,2025-05-05
Indali Bhandari,Meals,3545.64,2025-05-28
Yochana Bora,Team Event,2041.13,2025-01-21
Nitara Rama,Accommodation,1545.07,2025-09-21
Charan Devan,Meals,1616.85,2025-01-15
Yashoda Manne,Team Event,2389.11,2024-12-08
Madhavi Johal,Travel,4862.14,2025-06-20
Abdul Pillai,Software,906.62,2025-02-28
Ansh Chaudry,Hardware,3740.82,2025-05-13
Saksham Talwar,Office Supplies,1221.53,2025-04-16
Nitara Rama,Training,2472.37,2025-11-12
Dalaja Wagle,Taxi,1809.26,2025-05-05
Rajeshri Joshi,Internet,3075.42,2025-04-06
Omisha Murty,Travel,2655.65,2025-10-12
Watika Deo,Software,2744.38,2025-05-09
Ekaraj Buch,Software,1001.26,2025-08-12
Wridesh Magar,Taxi,3480.55,2025-07-06
Nathaniel Kala,Software,1730.48,2024-12-15
Hemani Arora,Office Supplies,2026.90,2025-07-31
Chakradev Thakkar,Travel,2419.57,2025-04-23
Siddharth Dugal,Hardware,3583.77,2025-05-30
Madhavi Johal,Accommodation,1522.63,2025-03-16
Yatin Uppal,Office Supplies,4525.17,2024-11-29
Yadavi Chander,Training,3662.90,2025-10-27
Ekalinga Dasgupta,Software,1898.05,2025-05-25
Dalaja Wagle,Meals,2018.81,2025-09-26
Max Gole,Software,1253.34,2024-12-03
Ladli Dalal,Office Supplies,2291.65,2025-07-20
Kai Goel,Training,3222.06,2024-12-13
Nirja Sekhon,Internet,959.64,2025-11-12
Nitara Rama,Taxi,846.59,2025-05-21
Isaac Choudhry,Office Supplies,1065.13,2025-02-04
Vihaan Sabharwal,Internet,952.43,2025-01-09
Devansh Gara,Internet,2807.01,2025-10-26
Dev Bhagat,Accommodation,1218.27,2025-07-30
Samar Sharaf,Hardware,2967.05,2025-09-15
Diya Wali,Hardware,1545.75,2025-01-16
Divya Deshmukh,Meals,1959.68,2025-08-10
Ladli Keer,Meals,2904.19,2025-03-14
Yadavi Chander,Internet,2963.64,2025-02-05
Watika Kaur,Travel,4197.03,2025-03-09
Krishna Dara,Taxi,3284.73,2025-02-05
Nicholas Mukhopadhyay,Software,4805.39,2025-07-26
Ekalinga Dasgupta,Office Supplies,4720.37,2025-08-22
Bishakha Rout,Software,1623.85,2025-08-25
Zansi Banik,Hardware,3926.99,2025-09-23
Diya Wali,Internet,4962.24,2025-08-22
Ronith Edwin,Travel,2732.42,2025-02-06
Vedant Dash,Meals,2176.67,2025-06-20
Nirja Sekhon,Accommodation,4084.52,2025-04-17
Bishakha Rout,Software,1579.91,2025-08-16
Devansh Gara,Team Event,560.08,2024-12-19
Samar Sharaf,Software,4088.69,2025-02-24
Harinakshi Dhaliwal,Taxi,2867.82,2025-06-21
Vedant Dash,Software,1553.02,2024-12-21
Tanveer Tripathi,Internet,2030.97,2025-06-24
Hemani Arora,Software,2451.06,2025-06-03
Yatin Uppal,Taxi,3940.66,2025-03-03
Krishna Dara,Training,3278.55,2025-09-24
Idika Rastogi,Team Event,991.96,2025-07-06
Hemani Arora,Hardware,4413.35,2025-03-20
Benjamin Saini,Meals,1019.99,2025-06-30
Aayush Sandal,Office Supplies,1978.75,2025-02-01
Pushti Dalal,Team Event,1027.94,2025-02-08
Faras Dara,Team Event,2367.87,2025-06-14
Abdul Pillai,Travel,4574.22,2025-10-15
Ekalinga Dasgupta,Team Event,4170.09,2024-12-13
Harita Upadhyay,Office Supplies,1527.64,2025-06-29
Azad Raghavan,Taxi,1429.66,2025-04-20
Vihaan Sabharwal,Taxi,2101.63,2025-08-24
Tanveer Tripathi,Internet,1840.59,2025-08-16
Tanveer Tripathi,Team Event,3178.63,2025-01-17
Wyatt Handa,Taxi,3113.63,2024-12-14
Madhavi Johal,Internet,4484.53,2025-05-21
Krishna Dara,Training,4262.98,2025-10-10
Ekaja Kamdar,Software,1121.32,2025-07-07
Rajata Thakkar,Accommodation,721.70,2025-03-21
Benjamin Saini,Meals,1093.74,2025-02-02
Vedika Mann,Accommodation,1335.55,2025-01-23
Akshay Kohli,Meals,3675.05,2025-03-14
Widisha Lanka,Meals,2007.16,2025-05-13
Yatin Uppal,Meals,1111.79,2025-09-18
Advik Dugar,Internet,1544.66,2025-11-02
Ladli Dalal,Internet,2305.09,2025-09-21
Nandini Golla,Taxi,3457.24,2025-05-17
Anika Bansal,Training,3423.51,2025-08-03
Diya Wali,Internet,3283.36,2025-07-30
Aarna Bahri,Accommodation,4387.39,2025-10-07
Nicholas Mukhopadhyay,Taxi,2168.04,2025-03-20
Vedant Dash,Software,669.83,2025-10-01
Vihaan Sabharwal,Software,1730.89,2025-03-28
Rudra Sodhi,Training,877.41,2025-10-13
Idika Rastogi,Hardware,3074.62,2025-08-12
Kai Goel,Internet,2255.61,2025-01-12
Balvan Bahl,Team Event,2166.34,2025-06-12
Idika Ganesan,Accommodation,1864.79,2025-01-02
Kiaan Lala,Team Event,3255.93,2025-08-21
Madhavi Johal,Team Event,3595.07,2025-06-28
Idika Ganesan,Office Supplies,4035.90,2025-08-09
Rehaan Buch,Software,3704.65,2025-09-23
Jacob Thakkar,Taxi,3397.90,2025-01-07
Dayamai Bakshi,Office Supplies,750.44,2025-11-18
Nirja Sekhon,Travel,2375.71,2025-03-30
Robert Mammen,Meals,3411.86,2025-07-13
Harinakshi Dhaliwal,Training,1394.54,2025-02-28
Vedant Dash,Taxi,3266.76,2025-01-07
Tanveer Tripathi,Hardware,1105.29,2025-05-29
Robert Mammen,Team Event,2216.75,2025-06-01
Dev Bhagat,Meals,1391.17,2025-06-19
Nidhi Dubey,Taxi,4834.23,2025-11-01
Benjamin Zachariah,Software,4020.31,2025-01-21
Dalaja Wagle,Travel,4030.55,2025-03-29
Onkar Arya,Internet,4132.34,2025-03-21
Indrajit Kapoor,Software,3980.24,2025-07-21
Nirja Sekhon,Meals,4659.33,2024-12-19
Idika Rastogi,Hardware,2215.74,2025-07-23
Hemani Arora,Team Event,2039.71,2025-01-10
Jacob Thakkar,Team Event,1095.92,2025-04-25
Ansh Chaudry,Team Event,1924.29,2025-08-20
Nandini Golla,Accommodation,2357.83,2025-06-09
Rudra Sodhi,Accommodation,2199.93,2024-12-24
Ethan Sekhon,Team Event,1030.06,2025-04-11
Onkar Arya,Team Event,4907.39,2025-05-27
Dev Bhagat,Training,1690.67,2025-08-13
Saksham Talwar,Training,2676.30,2025-11-13
Yatin Uppal,Taxi,3712.97,2025-05-07
Mugdha Mane,Accommodation,1388.83,2025-09-05
Harita Upadhyay,Training,4138.22,2025-03-23
Nirja Sekhon,Taxi,3910.84,2025-07-21
Varsha Nori,Training,3111.26,2025-06-11
Jhalak Bali,Hardware,4882.83,2025-11-11
Isaac Choudhry,Team Event,1637.01,2025-07-24
Isaac Choudhry,Software,669.61,2025-02-08
Robert Mammen,Meals,2317.42,2025-09-14
Akshay Kohli,Accommodation,898.67,2024-12-02
Aarna Bahri,Taxi,2728.35,2025-10-03
Zaitra Aurora,Travel,3645.49,2025-09-03
Daksha Mitter,Training,1774.21,2024-12-04
Pushti Dalal,Training,3533.48,2025-05-11
Anmol Desai,Taxi,1047.36,2025-01-24
Aarna Bahri,Internet,1869.60,2025-07-29
Akshay Kohli,Internet,2960.20,2025-11-18
Widisha Lanka,Meals,2658.76,2025-08-21
Radhika Baral,Accommodation,874.66,2025-06-11
Azad Raghavan,Accommodation,2930.21,2025-06-03
Dev Bhagat,Office Supplies,3286.32,2024-12-19
Yadavi Chander,Taxi,2291.40,2025-04-13
Ekaja Kamdar,Taxi,1690.04,2025-05-06
Zaitra Aurora,Team Event,2766.19,2025-11-11
Yashoda Manne,Internet,4017.02,2024-11-27
Vivaan Kannan,Office Supplies,580.57,2025-09-25
Ekaja Kamdar,Hardware,4660.54,2024-12-25
Vedant Dash,Team Event,4336.25,2025-05-01
Yatin Uppal,Hardware,4807.46,2024-12-17
Hiral Munshi,Accommodation,2051.27,2025-06-16
Watika Deo,Training,2957.10,2025-05-21
Anmol Desai,Accommodation,3042.19,2025-04-01
Yadavi Chander,Internet,3897.20,2024-12-27
Peter Magar,Team Event,3270.77,2025-01-18
Mugdha Mane,Team Event,2544.67,2025-02-18
Watika Kaur,Taxi,1754.12,2025-09-12
Idika Ganesan,Accommodation,2229.72,2025-11-07
Dominic Verma,Office Supplies,3572.27,2025-09-04
Azad Raghavan,Office Supplies,2384.22,2025-02-20
Siddharth Dugal,Office Supplies,3005.28,2025-02-18
Nathaniel Kala,Hardware,711.31,2025-03-03
Krishna Dara,Travel,2213.61,2025-01-14
Nicholas Mukhopadhyay,Hardware,4542.33,2025-11-06
Onkar Arya,Hardware,2302.84,2025-09-06
Kevin Joshi,Team Event,3373.03,2024-12-23
Rudra Sodhi,Hardware,3089.85,2025-01-15
Eesha Dasgupta,Training,1857.16,2025-11-09
Idika Rastogi,Meals,1134.26,2025-06-04
Omisha Murty,Team Event,4507.86,2025-06-18
Indali Bhandari,Accommodation,568.93,2025-01-17
Devansh Gara,Internet,2726.47,2025-05-26
Saksham Talwar,Accommodation,2316.78,2025-02-05
Yatin Uppal,Training,2039.18,2025-06-08
Dalaja Wagle,Training,3032.05,2024-12-14
Benjamin Zachariah,Accommodation,2860.32,2025-04-07
Kevin Joshi,Office Supplies,3974.03,2025-08-05
Nidhi Dubey,Meals,1885.80,2025-05-22
Kevin Joshi,Hardware,4041.45,2025-08-05
Radhika Baral,Software,4707.78,2025-07-13
Nitara Rama,Travel,871.36,2024-12-05
Ethan Sekhon,Training,4423.22,2025-04-19
Dalaja Wagle,Accommodation,4682.87,2025-04-21
Chakradev Thakkar,Software,3712.45,2025-03-07
Ekaraj Buch,Accommodation,2338.94,2025-09-07
Max Gole,Meals,3948.84,2025-10-21
Ranbir Panchal,Team Event,1767.19,2025-03-08
Dayamai Bakshi,Team Event,4651.00,2025-07-27
Yashoda Manne,Software,4557.11,2025-03-08
Bishakha Rout,Internet,2146.12,2024-12-24
Rudra Sodhi,Hardware,3820.00,2024-12-10
Aarna Bahri,Meals,1976.11,2025-02-02
Jacob Thakkar,Accommodation,4739.13,2025-05-09
Madhavi Johal,Accommodation,1844.75,2025-08-16
Benjamin Saini,Accommodation,1323.20,2025-02-26
Jhalak Bali,Software,1554.23,2025-05-22
Vihaan Sabharwal,Accommodation,3015.29,2025-09-04
Robert Mammen,Software,4507.23,2025-01-15
Saksham Talwar,Team Event,3874.52,2025-03-17
Nicholas Mukhopadhyay,Software,4323.54,2025-02-13
Omisha Murty,Hardware,2656.26,2025-06-22
Vasatika Ahuja,Office Supplies,607.82,2025-06-27
Mugdha Mane,Travel,4403.59,2025-06-20
Tanveer Tripathi,Internet,4593.02,2025-03-08
Aayush Sandal,Hardware,747.13,2025-03-18
Faras Dara,Travel,644.54,2025-08-14
Radhika Baral,Training,4573.66,2025-03-24
Rajeshri Joshi,Travel,1886.11,2025-03-08
Tanveer Tripathi,Team Event,1985.80,2025-09-05
Nidhi Dubey,Meals,3342.11,2025-08-21
Pushti Dalal,Travel,1002.59,2025-10-16
Siddharth Dugal,Accommodation,3877.60,2025-01-18
Radhika Baral,Internet,3980.86,2025-01-04
Saksham Talwar,Taxi,1931.08,2025-10-31
Dakshesh Sandhu,Taxi,4410.66,2025-08-26
Yashoda Manne,Office Supplies,4482.47,2025-11-13
Rudra Sodhi,Office Supplies,1076.45,2025-01-05
Ethan Sekhon,Hardware,3057.94,2025-03-23
Advik Dugar,Taxi,1857.34,2025-06-20
Nirja Sekhon,Travel,3450.59,2025-08-08
Wyatt Handa,Meals,650.32,2025-07-10
Wridesh Magar,Office Supplies,1984.11,2025-08-24
Samar Sharaf,Taxi,1636.16,2025-08-08
Advik Dugar,Taxi,517.64,2025-09-03
Aayush Sandal,Taxi,3470.43,2025-08-19
Madhavi Johal,Taxi,4879.07,2025-11-02
Dalaja Wagle,Travel,911.72,2025-09-14
Onkar Arya,Hardware,3312.91,2025-11-12
Yadavi Chander,Software,779.18,2025-07-16
Chakradev Thakkar,Internet,848.84,2025-03-18
Omisha Murty,Software,872.98,2025-11-18
Charan Devan,Taxi,4604.95,2025-07-21
Ranbir Panchal,Training,3103.11,2025-07-19
Rajeshri Joshi,Travel,725.26,2025-05-20
Pushti Dalal,Travel,1108.33,2025-01-01
Azad Kurian,Office Supplies,1892.49,2025-02-05
Hemani Arora,Team Event,1466.97,2025-02-19
Dalaja Wagle,Training,1728.33,2024-12-14
Idika Ganesan,Accommodation,1832.72,2025-08-24
Rajeshri Joshi,Software,4378.50,2025-05-28
Nidhi Dubey,Meals,3688.80,2025-05-15
Isaac Choudhry,Accommodation,2468.35,2024-12-11
Dayamai Bakshi,Taxi,4226.75,2025-10-06
Watika Kaur,Taxi,4397.69,2025-09-15
Omisha Murty,Team Event,2048.99,2025-10-02
Rudra Sodhi,Internet,2595.31,2025-11-10
Ekalinga Dasgupta,Hardware,3671.98,2025-10-24
Anmol Desai,Accommodation,3246.88,2025-04-15
Joshua Purohit,Accommodation,3819.15,2025-05-18
Isaac Choudhry,Taxi,2378.02,2025-03-24
Ronith Edwin,Training,2348.11,2025-02-24
Vivaan Kannan,Software,4315.35,2025-05-13
Widisha Lanka,Meals,2302.66,2025-07-06
Tanveer Tripathi,Meals,4988.94,2025-09-01
Daksha Mitter,Travel,3323.82,2025-01-02
Madhavi Johal,Software,1308.66,2025-02-19
Jacob Thakkar,Training,719.71,2025-08-03
Dev Bhagat,Team Event,4955.54,2025-06-02
Daksha Mitter,Software,4226.47,2025-07-01
Ladli Dalal,Travel,3650.69,2025-08-18
Dalaja Wagle,Software,882.77,2025-11-14
Charan Devan,Meals,2798.75,2025-09-27
Akshay Kohli,Software,1376.70,2025-03-06
Dominic Verma,Office Supplies,3334.65,2025-10-13
Madhavi Johal,Software,3363.55,2025-03-09
Vivaan Kannan,Meals,4480.66,2025-01-30
Balvan Bahl,Software,3975.48,2025-11-01
Wridesh Magar,Training,3381.55,2025-07-04
Anika Bansal,Training,1344.90,2025-06-19
Aayush Sandal,Accommodation,3440.74,2025-10-22
Ethan Sekhon,Meals,3640.89,2025-09-28
Onkar Arya,Hardware,2161.26,2025-05-22
Harinakshi Dhaliwal,Internet,906.92,2025-10-12
Ladli Dalal,Office Supplies,2293.85,2025-08-03
Omisha Murty,Training,3597.74,2025-08-12
Onkar Arya,Meals,2597.88,2025-03-06
Widisha Lanka,Travel,1792.58,2025-08-10
Harinakshi Dhaliwal,Office Supplies,1865.39,2025-06-25
Rudra Sodhi,Hardware,800.48,2025-10-17
Aarna Bahri,Meals,1618.16,2025-09-27
Benjamin Zachariah,Accommodation,1555.55,2025-02-18
Onkar Arya,Travel,693.88,2025-10-08
Azad Kurian,Travel,2051.73,2025-10-15
Rehaan Buch,Accommodation,1659.12,2025-01-23
Vivaan Kannan,Accommodation,3671.31,2025-01-13
Tanish Oza,Hardware,1841.33,2025-07-17
Aayush Sandal,Team Event,2083.79,2024-12-09
Aayush Sandal,Team Event,1559.47,2025-11-19
Anmol Desai,Team Event,3095.55,2025-07-17
Ronith Edwin,Taxi,3022.42,2024-12-25
Abhimanyu Kala,Training,4296.01,2025-02-28
Ranbir Panchal,Taxi,2770.48,2025-09-01
Dev Bhagat,Travel,3639.92,2025-10-10
Aayush Sandal,Meals,4061.55,2025-08-23
Abdul Pillai,Accommodation,2148.17,2025-01-11
Harinakshi Dhaliwal,Meals,830.58,2025-05-13
Ekaraj Buch,Meals,902.65,2025-10-09
Yochana Bora,Hardware,2154.27,2025-07-28
Yashoda Manne,Travel,3708.33,2025-10-05
Vihaan Sabharwal,Team Event,2579.77,2025-05-29
Divya Deshmukh,Office Supplies,2619.19,2025-05-06
Nandini Golla,Office Supplies,3225.92,2024-12-21
Dakshesh Sandhu,Office Supplies,4939.72,2025-05-10
Widisha Lanka,Software,3580.01,2025-06-03
Idika Ganesan,Office Supplies,687.45,2024-12-29
Isaac Choudhry,Meals,4012.75,2025-09-07
Advik Dugar,Hardware,1254.14,2025-04-13
Zaitra Aurora,Hardware,862.81,2025-07-18
Vihaan Sabharwal,Taxi,2133.70,2025-04-04
Yochana Bora,Taxi,1826.43,2025-04-17
Madhavi Johal,Taxi,2752.27,2025-09-24
Hemani Arora,Accommodation,855.09,2025-02-28
Pushti Dalal,Meals,4426.25,2025-07-09
Akshay Kohli,Accommodation,4935.52,2025-03-07
Daksha Mitter,Accommodation,3978.63,2025-10-31
Dalaja Wagle,Accommodation,1870.23,2025-01-06
Manya Soman,Travel,1481.49,2025-08-26
Ranbir Panchal,Team Event,4763.20,2025-03-15
Devansh Gara,Internet,3808.03,2025-03-06
Samar Sharaf,Meals,888.12,2025-04-08
Wyatt Handa,Internet,2173.91,2025-01-25
Rudra Sodhi,Internet,2251.60,2025-06-12
Wyatt Handa,Software,4036.19,2025-07-20
Tanveer Tripathi,Internet,927.61,2025-09-12
Robert Mammen,Training,4355.63,2024-11-30
Dakshesh Sandhu,Training,4034.36,2025-07-31
Vivaan Kannan,Software,3361.00,2025-09-06
Harita Upadhyay,Internet,4306.72,2025-01-20
Samar Sharaf,Meals,893.22,2025-08-16
Hemani Arora,Meals,4492.32,2025-07-18
Harinakshi Dhaliwal,Meals,2150.90,2025-10-16
Siddharth Dugal,Accommodation,2528.56,2025-02-27
Max Gole,Software,4875.27,2024-11-26
Yashoda Manne,Internet,4749.22,2025-06-15
Vasatika Ahuja,Meals,1580.00,2025-03-05
Dalaja Wagle,Taxi,2558.53,2025-07-08
Kai Goel,Taxi,3483.40,2025-04-26
Varsha Nori,Software,3689.82,2025-09-24
Ekalinga Dasgupta,Internet,2574.60,2025-09-22
Zaitra Aurora,Software,2589.02,2025-11-07
Abhimanyu Kala,Travel,1937.09,2025-10-18
Max Gole,Software,2325.03,2025-02-28
Indrajit Kapoor,Travel,4189.85,2025-09-29
Zaitra Aurora,Accommodation,3320.02,2025-07-13
Indali Bhandari,Training,4344.33,2025-11-16
Benjamin Zachariah,Office Supplies,2859.83,2025-04-10
Watika Deo,Software,3578.84,2024-12-12
Vedant Dash,Taxi,1160.83,2025-11-15
Saksham Talwar,Hardware,2110.18,2025-02-03
Chakradev Thakkar,Software,982.44,2025-07-10
Hemani Arora,Office Supplies,4473.95,2025-02-13
Saksham Talwar,Software,4594.69,2025-02-26
Jhalak Bali,Travel,782.47,2025-11-16
Dev Bhagat,Travel,3376.89,2025-09-16
Ekaraj Buch,Taxi,1455.35,2025-02-10
Nandini Golla,Team Event,827.94,2025-01-22
Kiaan Lala,Office Supplies,4480.66,2025-11-18
Vedant Dash,Taxi,4632.71,2025-11-22
Wridesh Magar,Software,2774.76,2025-07-19
Nicholas Mukhopadhyay,Office Supplies,884.17,2025-08-19
Siddharth Dugal,Team Event,1931.41,2024-12-09
Caleb Sood,Travel,872.80,2025-03-27
Idika Rastogi,Travel,2920.66,2025-01-05
Divya Deshmukh,Accommodation,961.36,2024-12-19
Daksha Mitter,Accommodation,4301.93,2025-02-25
Vihaan Sabharwal,Accommodation,2853.83,2024-12-19
Vihaan Sabharwal,Travel,1464.52,2025-02-07
Ladli Keer,Training,1338.97,2025-02-08
Indrajit Kapoor,Internet,3323.84,2024-12-12
Radhika Baral,Meals,4856.45,2025-06-10
Yauvani Sengupta,Taxi,2266.32,2025-10-18
Faras Dara,Team Event,2403.86,2025-04-09
Madhavi Johal,Hardware,4702.81,2025-07-11
Max Gole,Accommodation,696.94,2025-03-13
Saksham Talwar,Hardware,3371.52,2025-01-28
Vasatika Ahuja,Meals,2969.13,2025-04-26
Isaac Choudhry,Meals,1565.16,2025-01-28
Nathaniel Kala,Training,1446.02,2025-02-10
Pushti Dalal,Travel,3748.63,2025-01-31
Madhavi Johal,Meals,3699.31,2025-09-27
Ethan Sekhon,Hardware,3856.71,2025-11-23
Indrajit Kapoor,Training,1299.96,2024-12-12
Vedant Dash,Team Event,3419.04,2025-09-27
Vasatika Ahuja,Hardware,1345.48,2025-08-07
Aayush Sandal,Internet,1141.18,2025-10-03
Aayush Sandal,Software,2087.07,2025-02-02
Benjamin Saini,Training,4790.42,2025-06-30
Yashoda Manne,Travel,3487.15,2025-09-11
Wridesh Magar,Training,1885.21,2025-03-06
Yadavi Chander,Accommodation,2788.86,2025-07-31
Zaitra Aurora,Meals,1550.91,2025-08-26
Harinakshi Dhaliwal,Software,1235.36,2025-09-01
Saksham Talwar,Accommodation,4995.00,2025-11-10
Vedant Dash,Hardware,4954.48,2025-06-19
Rudra Sodhi,Accommodation,1396.95,2024-11-27
Daksha Mitter,Software,4666.28,2025-08-03
Saksham Talwar,Taxi,2510.06,2025-07-31
Dominic Verma,Internet,2478.43,2025-07-02
Omisha Murty,Meals,1805.18,2025-02-10
Rajata Thakkar,Taxi,3365.79,2025-05-16
Kai Goel,Hardware,2363.16,2025-07-01
Sarthak Rajagopal,Accommodation,4844.51,2025-03-04
Ladli Keer,Office Supplies,2041.16,2025-10-26
Omisha Murty,Team Event,635.57,2025-10-30
Siddharth Dugal,Taxi,4240.74,2025-01-28
Harinakshi Dhaliwal,Taxi,2505.24,2025-08-13
Peter Magar,Team Event,3915.92,2025-04-20
Widisha Lanka,Taxi,3371.11,2025-03-18
Hiral Munshi,Training,2490.90,2025-01-29
Manya Soman,Taxi,2985.49,2025-04-29
Caleb Sood,Software,2777.23,2025-09-21
Hemani Arora,Office Supplies,3189.04,2025-08-16
Yashoda Manne,Training,4433.40,2025-10-03
Diya Wali,Accommodation,2325.09,2025-04-09
Varsha Nori,Training,3705.62,2025-10-02
Kiaan Lala,Team Event,1885.65,2025-11-22
Dakshesh Sandhu,Internet,2706.51,2025-10-18
Balvan Bahl,Software,2779.52,2025-11-23
Caleb Sood,Internet,592.41,2025-03-29
Daksha Mitter,Accommodation,4429.39,2025-04-22
Rajata Thakkar,Accommodation,2686.95,2025-10-03
Watika Kaur,Team Event,4178.44,2025-03-10
Anika Bansal,Travel,929.57,2025-07-19
Hiral Munshi,Travel,4823.40,2025-08-07
Kai Goel,Accommodation,2619.94,2025-03-10
Tanish Oza,Training,4371.93,2025-09-13
Yochana Bora,Meals,4839.46,2025-10-12
Harita Upadhyay,Travel,4002.72,2025-03-27
Anmol Desai,Internet,1566.82,2025-11-04
Daksha Mitter,Training,2881.94,2025-08-26
Nitara Rama,Team Event,1754.26,2025-06-05
Sarthak Rajagopal,Training,1384.05,2025-10-11
Ronith Edwin,Travel,4152.35,2025-02-01
Idika Rastogi,Software,2177.56,2025-01-21
Nandini Golla,Office Supplies,3898.67,2025-10-17
Dev Bhagat,Accommodation,3513.57,2025-04-13
Mugdha Mane,Internet,1524.12,2025-11-14
Yadavi Chander,Team Event,1576.87,2025-08-28
Daksha Mitter,Meals,1367.17,2025-03-07
Tanveer Tripathi,Meals,2075.89,2025-07-19
Dakshesh Sandhu,Software,2790.10,2024-12-01
Indrajit Kapoor,Training,1224.44,2024-12-06
Eesha Dasgupta,Taxi,3477.44,2025-07-10
Samar Sharaf,Accommodation,1505.60,2025-03-31
Anmol Desai,Travel,3995.46,2025-08-08
Madhavi Johal,Office Supplies,2653.71,2025-06-18
Dayamai Bakshi,Taxi,3751.18,2025-05-27
Caleb Sood,Meals,601.78,2025-04-28
Wridesh Magar,Travel,4361.07,2025-09-04
Ladli Keer,Accommodation,3205.89,2025-08-03
Isaac Choudhry,Internet,2347.57,2025-11-15
Aayush Sandal,Office Supplies,1986.62,2025-02-28
Tanveer Tripathi,Software,2127.71,2025-05-26
Rajeshri Joshi,Office Supplies,1454.59,2025-04-15
Shivansh Saran,Accommodation,3669.29,2025-11-03
Idika Ganesan,Office Supplies,4145.54,2025-05-24
Aayush Sandal,Team Event,1122.09,2025-05-19
Rajata Thakkar,Training,4013.22,2025-09-11
Zansi Banik,Taxi,3813.28,2024-12-07
Ekaraj Buch,Meals,3166.97,2025-01-14
Widisha Lanka,Internet,4007.99,2025-10-09
Zaitra Aurora,Meals,801.10,2025-04-05
Nicholas Mukhopadhyay,Taxi,2740.92,2024-12-18
Dakshesh Sandhu,Software,3099.45,2025-05-12
Isaac Choudhry,Office Supplies,2014.38,2025-05-30
Abdul Pillai,Office Supplies,1112.39,2025-07-23
Dayamai Bakshi,Office Supplies,4029.51,2025-03-23
Joshua Purohit,Internet,2219.48,2025-11-01
Onkar Arya,Internet,1303.91,2025-03-27
Idika Rastogi,Internet,2596.27,2025-03-19
Charan Devan,Meals,4780.75,2025-11-06
Hiral Munshi,Taxi,1626.51,2025-03-31
Caleb Sood,Internet,1863.48,2024-12-09
Vedika Mann,Internet,1444.74,2025-10-20
Siddharth Dugal,Training,4433.27,2025-07-31
Kevin Joshi,Hardware,1569.45,2025-09-06
Harita Upadhyay,Meals,819.60,2025-01-06
Robert Mammen,Taxi,4132.87,2025-07-10
Jacob Thakkar,Internet,3175.80,2024-12-20
Tanveer Tripathi,Meals,2272.49,2025-10-11
Tanish Oza,Office Supplies,2220.62,2025-03-31
Watika Kaur,Internet,1169.13,2025-01-07
Ansh Chaudry,Office Supplies,1836.94,2025-11-16
Ranbir Panchal,Training,2341.01,2025-03-16
Indali Bhandari,Taxi,2042.83,2025-06-04
Diya Wali,Taxi,550.27,2025-03-01
Ekaraj Buch,Travel,2871.78,2025-05-10
Diya Wali,Team Event,2618.53,2025-08-06
Madhavi Johal,Taxi,504.61,2025-04-16
Benjamin Zachariah,Training,1516.07,2025-10-14
Vedant Dash,Meals,1773.94,2025-04-12
Vivaan Kannan,Team Event,3268.76,2025-02-04
Ekaraj Buch,Team Event,1995.52,2025-08-06
Watika Kaur,Team Event,1854.22,2025-11-17
Kevin Joshi,Office Supplies,1656.61,2025-09-04
Benjamin Saini,Office Supplies,828.68,2025-01-23
Joshua Purohit,Internet,3955.61,2025-07-22
Dakshesh Sandhu,Hardware,1039.28,2025-10-23
Rehaan Buch,Taxi,3492.27,2025-09-18
Divya Deshmukh,Team Event,2249.35,2025-10-28
Abhimanyu Kala,Hardware,809.49,2024-11-28
Saksham Talwar,Accommodation,3342.18,2025-08-01
Omisha Murty,Travel,4598.55,2024-11-27
Idika Ganesan,Office Supplies,4558.34,2024-12-17
Ladli Dalal,Hardware,4231.24,2025-06-26
Dominic Verma,Internet,4725.41,2025-11-05
Ekaja Kamdar,Internet,2306.17,2025-07-22
Manya Soman,Training,2699.72,2025-10-31
Yadavi Chander,Training,4818.95,2025-08-01
Balvan Bahl,Meals,4124.78,2025-08-30
Azad Raghavan,Office Supplies,4171.75,2025-08-09
Zansi Banik,Internet,3822.93,2025-10-04
Hiral Munshi,Accommodation,3192.02,2024-11-25
Faras Dara,Taxi,4617.64,2025-05-16
Eesha Dasgupta,Office Supplies,1727.89,2025-06-09
Akshay Kohli,Hardware,4821.06,2025-03-26
Ladli Keer,Meals,1438.19,2025-06-08
Tanish Oza,Taxi,1130.86,2025-04-10
Zansi Banik,Accommodation,2842.79,2025-08-31
Aayush Sandal,Internet,1321.34,2025-07-13
Isaac Choudhry,Accommodation,3514.71,2025-05-18
Indrajit Kapoor,Internet,3952.24,2025-04-21
Idika Ganesan,Hardware,1811.21,2025-07-10
Kiaan Lala,Internet,3939.59,2025-10-05
Saksham Talwar,Office Supplies,4567.97,2025-08-04
Logan Khurana,Training,2503.96,2025-06-07
Widisha Lanka,Team Event,3587.47,2025-09-30
Benjamin Zachariah,Training,4972.64,2025-01-05
Nitara Rama,Office Supplies,4548.77,2025-01-05
Hemani Arora,Training,3891.85,2025-10-25
Vivaan Kannan,Taxi,1208.04,2025-07-29
Caleb Sood,Training,2226.76,2025-04-06
Mugdha Mane,Meals,1070.57,2025-01-12
Samar Sharaf,Team Event,4589.35,2025-02-07
Omisha Murty,Team Event,2797.35,2025-08-31
Yatin Uppal,Internet,2989.46,2024-12-31
Abdul Pillai,Team Event,811.69,2025-02-26
Indrajit Kapoor,Travel,4202.65,2025-01-24
Bishakha Rout,Accommodation,2633.62,2025-04-14
Devansh Gara,Software,1943.32,2025-11-08
Nidhi Dubey,Team Event,3190.48,2025-11-22
Kai Goel,Taxi,3191.92,2024-12-26
Joshua Purohit,Team Event,3438.96,2025-10-07
Abhimanyu Kala,Taxi,4139.32,2025-09-02
Ansh Chaudry,Travel,4357.54,2025-08-24
Ekaraj Buch,Taxi,3462.06,2025-07-08
Widisha Lanka,Meals,2840.06,2025-08-01
Indali Bhandari,Office Supplies,2697.90,2025-05-31
Yatin Uppal,Team Event,818.22,2025-01-24
Vihaan Sabharwal,Taxi,561.54,2025-10-28
Bishakha Rout,Team Event,929.58,2025-03-18
Azad Kurian,Internet,1051.07,2025-08-29
Radhika Baral,Training,3414.22,2025-01-10
Diya Wali,Team Event,4901.79,2025-10-31
Dakshesh Sandhu,Hardware,2999.18,2025-01-20
Indali Bhandari,Hardware,635.46,2025-04-21
Nicholas Mukhopadhyay,Taxi,2551.78,2025-04-29
Dakshesh Sandhu,Team Event,2458.86,2025-02-22
Dalaja Wagle,Training,805.28,2025-10-01
Wyatt Handa,Hardware,2261.77,2025-10-25
Nandini Golla,Taxi,4562.67,2025-04-12
Jacob Thakkar,Accommodation,4704.65,2025-08-05
Shivansh Saran,Meals,4160.57,2025-03-04
Ethan Sekhon,Internet,2332.70,2025-04-27
Faras Dara,Hardware,4586.21,2025-09-01
Vihaan Sabharwal,Internet,2900.74,2025-10-25
Joshua Purohit,Travel,3134.53,2025-10-03
Bishakha Rout,Hardware,1073.39,2025-05-06
Yauvani Sengupta,Software,2779.74,2025-08-26
Anika Bansal,Accommodation,1295.26,2025-06-09
Radhika Baral,Accommodation,1945.61,2025-04-23
Nidhi Dubey,Accommodation,4970.14,2025-01-27
Dalaja Wagle,Hardware,4365.78,2025-07-06
Anika Bansal,Office Supplies,4229.60,2025-07-20
Joshua Purohit,Office Supplies,3810.00,2024-12-13
Shivansh Saran,Internet,4378.80,2025-06-09
Idika Ganesan,Meals,2835.68,2025-01-02
Idika Rastogi,Meals,1661.15,2024-12-05
Radhika Baral,Team Event,3442.13,2025-04-10
Dakshesh Sandhu,Software,4731.64,2025-06-16
Wridesh Magar,Taxi,4139.61,2025-04-14
Isaac Choudhry,Office Supplies,2047.50,2025-10-21
Diya Wali,Software,2669.17,2025-05-04
Alexander Bhattacharyya,Taxi,2711.73,2025-05-17
Jhalak Bali,Office Supplies,4668.54,2025-10-03
Rajeshri Joshi,Meals,4161.24,2025-02-28
Ranbir Panchal,Internet,3062.36,2025-05-06
Jhalak Bali,Hardware,1122.21,2025-11-11
Yauvani Sengupta,Hardware,991.62,2025-05-01
Benjamin Zachariah,Software,4005.20,2025-07-09
Harita Upadhyay,Office Supplies,2939.26,2025-06-26
Harinakshi Dhaliwal,Meals,4963.34,2025-01-22
Dayamai Bakshi,Office Supplies,863.75,2025-03-07
Ethan Sekhon,Team Event,4433.47,2025-04-09
Caleb Sood,Internet,3138.63,2025-08-21
Joshua Purohit,Travel,2005.51,2025-06-07
Radhika Baral,Meals,1233.40,2025-08-16
Tanish Oza,Taxi,2904.41,2025-09-21
Hemani Arora,Hardware,2603.49,2025-05-08
Shivansh Saran,Travel,2465.00,2025-09-07
Isaac Choudhry,Travel,2643.68,2025-03-01
Hemani Arora,Internet,3272.27,2025-02-07
Aarna Bahri,Meals,3984.20,2025-11-18
Zansi Banik,Internet,1701.20,2025-10-12
Yashoda Manne,Team Event,4124.09,2025-06-05
Krishna Dara,Travel,2662.39,2025-07-21
Samar Sharaf,Team Event,861.43,2025-01-30
Ekalinga Dasgupta,Hardware,2085.09,2025-05-27
Watika Kaur,Team Event,1886.95,2025-04-18
Rudra Sodhi,Accommodation,3193.90,2024-11-29
Harita Upadhyay,Training,4591.58,2025-08-25
Dakshesh Sandhu,Software,1734.66,2025-11-17
Kai Goel,Meals,4633.02,2025-08-30
Wyatt Handa,Meals,4870.46,2025-02-23
Logan Khurana,Internet,4653.02,2025-06-30
Chakradev Thakkar,Software,4783.60,2025-11-12
Ladli Dalal,Software,4615.59,2025-10-31
Azad Kurian,Office Supplies,1204.69,2025-08-31
Yashoda Manne,Accommodation,3135.33,2025-09-08
Indali Bhandari,Travel,2756.48,2025-05-03
Tanish Oza,Taxi,1881.06,2025-05-02
Bishakha Rout,Software,4316.32,2024-12-21
Idika Rastogi,Software,1013.35,2025-05-11
Yochana Bora,Team Event,979.22,2025-03-30
Abdul Pillai,Team Event,751.35,2025-02-02
Rudra Sodhi,Accommodation,3988.74,2025-03-12
Nandini Golla,Office Supplies,4624.83,2025-07-12
Harita Upadhyay,Travel,4084.06,2024-12-01
Vedika Mann,Travel,3741.89,2025-04-30
Manya Soman,Meals,1983.67,2025-03-15
Zaitra Aurora,Internet,3975.04,2025-10-26
Kiaan Lala,Office Supplies,1992.00,2025-11-03
Aarna Bahri,Taxi,2473.78,2024-12-02
Onkar Arya,Accommodation,4972.61,2025-09-01
Ladli Keer,Meals,611.66,2025-06-14
Isaac Choudhry,Meals,4028.81,2025-04-01
Nandini Golla,Internet,3859.75,2025-11-21
Ekalinga Dasgupta,Internet,4636.01,2025-05-20
Diya Wali,Software,1227.06,2025-03-23
Sarthak Rajagopal,Software,3754.92,2025-04-03
Indali Bhandari,Accommodation,1036.27,2025-11-21
Akshay Kohli,Accommodation,523.84,2024-12-13
Nidhi Dubey,Meals,4943.36,2024-12-24
Nicholas Mukhopadhyay,Meals,3202.33,2024-12-09
Ekalinga Dasgupta,Accommodation,1121.45,2025-04-11
Isaac Choudhry,Hardware,2274.62,2025-04-29
Omisha Murty,Office Supplies,3067.67,2025-05-07
Anika Bansal,Travel,1277.08,2025-01-04
Peter Magar,Office Supplies,3816.57,2025-11-24
Saksham Talwar,Team Event,1142.75,2025-10-02
Alexander Bhattacharyya,Taxi,3061.79,2025-04-16
Akshay Kohli,Software,3701.34,2025-04-03
Jhalak Bali,Hardware,4531.49,2025-11-07
Radhika Baral,Taxi,3184.90,2025-07-23
Rajeshri Joshi,Meals,1324.35,2025-09-02
Jacob Thakkar,Team Event,3722.36,2025-05-21
Shivansh Saran,Office Supplies,554.42,2025-07-27
Devansh Gara,Meals,3776.25,2025-01-06
Mugdha Mane,Internet,905.02,2025-10-27
Siddharth Dugal,Team Event,4023.09,2025-01-08
Daksha Mitter,Internet,4321.77,2025-04-08
Ladli Keer,Taxi,2307.59,2025-02-18
Ethan Sekhon,Office Supplies,4892.41,2025-11-18
Diya Wali,Office Supplies,3148.57,2025-04-13
Charan Devan,Office Supplies,3871.52,2025-02-07
Dev Bhagat,Office Supplies,3307.29,2025-01-24
Chakradev Thakkar,Software,1562.33,2025-02-13
Vedika Mann,Taxi,4633.33,2024-12-23
Vedant Dash,Team Event,2232.69,2025-07-05
Akshay Kohli,Internet,3310.44,2025-04-08
Siddharth Dugal,Team Event,1689.39,2025-10-21
Akshay Kohli,Accommodation,850.73,2025-09-03
Yadavi Chander,Office Supplies,2968.96,2025-07-11
Ansh Chaudry,Travel,3336.16,2025-06-15
Azad Kurian,Travel,4280.89,2024-12-04
Devansh Gara,Accommodation,4808.87,2025-01-27
Chakradev Thakkar,Internet,3490.28,2025-04-09
Hemani Arora,Accommodation,2897.45,2025-04-12
Aayush Sandal,Travel,2071.66,2025-03-30
Ranbir Panchal,Training,3461.63,2025-07-11
Dalaja Wagle,Software,2897.84,2025-01-25
Faras Dara,Office Supplies,1000.89,2025-07-02
Hiral Munshi,Training,4668.53,2025-08-12
Yatin Uppal,Office Supplies,4038.50,2025-05-02
Indali Bhandari,Accommodation,3255.03,2025-04-06
Madhavi Johal,Software,4381.63,2025-02-22
Isaac Choudhry,Team Event,4433.03,2024-12-03
Ekaraj Buch,Accommodation,1496.47,2025-01-01
Harita Upadhyay,Office Supplies,4686.22,2025-01-19
Watika Kaur,Internet,2141.87,2024-12-29
Ekaja Kamdar,Software,1238.96,2025-10-18
Nitara Rama,Meals,2681.42,2025-08-26
Onkar Arya,Team Event,3037.78,2025-11-10
Aarna Bahri,Hardware,2437.01,2025-06-11
Kai Goel,Hardware,678.58,2025-11-11
Yashoda Manne,Training,2435.84,2025-10-10
Rudra Sodhi,Hardware,797.07,2025-05-05
Ladli Dalal,Software,4887.35,2025-06-25
Vedika Mann,Office Supplies,3049.24,2025-08-25
Harinakshi Dhaliwal,Taxi,2777.94,2025-06-08
Varsha Nori,Office Supplies,3666.51,2025-04-11
Yadavi Chander,Hardware,4740.20,2025-09-26
Widisha Lanka,Office Supplies,1114.00,2025-07-30
Nidhi Dubey,Meals,2426.00,2025-08-08
Aayush Sandal,Meals,3224.02,2025-08-05
Watika Kaur,Training,1710.15,2025-02-13
Zaitra Aurora,Internet,3815.94,2025-03-12
Onkar Arya,Taxi,4803.19,2024-12-05
Zaitra Aurora,Travel,1378.22,2024-12-13
Radhika Baral,Team Event,2421.04,2025-06-19
Wridesh Magar,Office Supplies,2913.41,2025-04-24
Vivaan Kannan,Travel,4655.38,2025-01-29
Daksha Mitter,Accommodation,2471.01,2025-09-15
Ekaraj Buch,Taxi,2951.28,2025-07-16
Ladli Dalal,Accommodation,2733.41,2025-07-26
Watika Kaur,Software,3392.26,2025-05-15
Zansi Banik,Travel,4227.33,2025-08-11
Aarna Bahri,Meals,1732.56,2024-12-16
Madhavi Johal,Accommodation,656.15,2025-05-02
Caleb Sood,Internet,1401.57,2025-01-10
Watika Kaur,Software,3182.77,2025-06-12
Abhimanyu Kala,Software,3281.02,2025-09-12
Yatin Uppal,Hardware,1296.26,2025-08-28
Dalaja Wagle,Training,4025.24,2025-08-08
Yauvani Sengupta,Training,1366.53,2025-02-21
Devansh Gara,Software,755.25,2025-05-04
Aarna Bahri,Travel,2425.06,2025-06-15
Widisha Lanka,Taxi,3669.53,2025-01-15
Nicholas Mukhopadhyay,Office Supplies,2459.23,2025-01-17
Dalaja Wagle,Meals,1422.40,2025-10-20
Alexander Bhattacharyya,Office Supplies,3128.11,2025-10-25
Robert Mammen,Software,2237.75,2025-06-19
Azad Kurian,Travel,2777.00,2025-06-29
Ekalinga Dasgupta,Software,3655.13,2025-04-21
Jhalak Bali,Travel,1417.81,2025-10-08
Diya Wali,Software,1633.46,2025-06-17
Harinakshi Dhaliwal,Internet,3504.99,2025-06-26
Watika Deo,Team Event,4665.51,2025-10-11
Ekalinga Dasgupta,Taxi,2757.74,2025-01-25
Yochana Bora,Meals,2902.26,2024-12-22
Jhalak Bali,Software,2157.36,2025-05-10
Nirja Sekhon,Accommodation,2760.10,2024-12-04
Azad Kurian,Internet,2351.19,2025-08-26
Ladli Dalal,Software,1541.12,2024-11-25
Varsha Nori,Meals,4316.83,2025-07-19
Nirja Sekhon,Travel,3099.46,2025-09-29
Jacob Thakkar,Team Event,3199.84,2024-12-01
Idika Ganesan,Meals,1176.16,2025-11-25
Kiaan Lala,Meals,1470.87,2025-05-22
Yochana Bora,Taxi,1480.25,2025-06-03
Abhimanyu Kala,Office Supplies,4950.51,2025-06-12
Dakshesh Sandhu,Hardware,1597.75,2024-12-08
Idika Ganesan,Software,2766.54,2025-04-04
Isaac Choudhry,Accommodation,3161.57,2025-02-26
Caleb Sood,Meals,4282.52,2025-02-13
Dominic Verma,Team Event,1011.31,2025-10-03
Faras Dara,Training,1277.19,2025-02-16
Watika Kaur,Internet,2944.54,2025-03-24
Azad Raghavan,Software,3566.04,2025-07-07
Bishakha Rout,Taxi,519.99,2025-06-17
Ekalinga Dasgupta,Office Supplies,3372.72,2025-10-23
Benjamin Zachariah,Travel,4754.52,2025-04-01
Ekaraj Buch,Meals,1368.69,2025-07-28
Ansh Chaudry,Software,2111.08,2025-10-03
Max Gole,Hardware,2053.84,2025-02-27
Varsha Nori,Internet,3308.72,2025-03-12
Varsha Nori,Taxi,1917.04,2025-11-12
Dev Bhagat,Team Event,4012.56,2025-03-04
Nitara Rama,Accommodation,1352.17,2025-06-18
Vedika Mann,Internet,641.82,2025-02-04
Peter Magar,Accommodation,4249.01,2025-04-22
Anmol Desai,Meals,2341.62,2025-10-29
Ethan Sekhon,Office Supplies,3697.73,2025-09-02
Yatin Uppal,Office Supplies,3947.25,2025-06-23
Pushti Dalal,Training,1114.93,2025-05-19
Madhavi Johal,Office Supplies,1428.22,2025-09-23
Ansh Chaudry,Software,3336.84,2024-12-28
Pushti Dalal,Travel,1554.92,2024-12-20
Anmol Desai,Software,2533.19,2025-06-18
Wridesh Magar,Accommodation,4050.53,2025-09-11
Varsha Nori,Internet,2732.25,2025-04-16
Ansh Chaudry,Taxi,2092.68,2025-03-19
Devansh Gara,Software,2186.92,2025-01-26
Shivansh Saran,Office Supplies,1875.66,2024-12-11
Ekaja Kamdar,Software,625.35,2025-02-06
Yauvani Sengupta,Hardware,3358.46,2025-06-12
Ekaraj Buch,Hardware,4959.96,2024-12-12
Manya Soman,Software,4216.24,2025-11-25
Yauvani Sengupta,Office Supplies,3878.42,2025-07-29
Rajata Thakkar,Accommodation,3693.29,2025-04-15
Hemani Arora,Taxi,1478.35,2025-07-06
Kevin Joshi,Office Supplies,1875.81,2025-09-11
Hiral Munshi,Accommodation,2849.20,2025-07-18
Shivansh Saran,Internet,2404.00,2025-11-25
Daksha Mitter,Office Supplies,1968.77,2025-11-24
Benjamin Zachariah,Team Event,4308.04,2025-01-17
Ethan Sekhon,Travel,2451.38,2025-04-29
Siddharth Dugal,Software,3243.69,2025-02-19
Benjamin Saini,Meals,1819.85,2025-06-25
Tanveer Tripathi,Office Supplies,856.73,2024-12-30
Peter Magar,Hardware,1465.62,2025-02-06
Dominic Verma,Team Event,3437.79,2025-07-17
Ethan Sekhon,Hardware,3999.85,2024-12-27
Azad Raghavan,Internet,588.84,2025-03-24
Vihaan Sabharwal,Internet,2293.14,2025-09-07
Isaac Choudhry,Internet,2672.51,2025-05-29
Nidhi Dubey,Taxi,1285.22,2025-03-26
Joshua Purohit,Training,3630.96,2025-03-18
Radhika Baral,Hardware,3078.81,2025-08-14
Wridesh Magar,Office Supplies,4853.06,2025-01-13
Dominic Verma,Software,3374.01,2025-05-19
Samar Sharaf,Training,3137.43,2025-06-17
Daksha Mitter,Internet,3352.27,2024-12-06
Watika Deo,Travel,609.07,2025-10-20
Devansh Gara,Hardware,4306.37,2025-10-18
Indali Bhandari,Team Event,3778.44,2025-08-02
Mugdha Mane,Team Event,2755.91,2024-12-31
Benjamin Saini,Hardware,675.83,2025-05-03
Hemani Arora,Team Event,3091.65,2025-11-05
Harita Upadhyay,Training,1829.47,2025-11-06
Pushti Dalal,Office Supplies,3912.27,2025-09-03
Ekaraj Buch,Travel,3918.79,2025-07-06
Ekaraj Buch,Training,747.19,2024-12-17
Chakradev Thakkar,Team Event,4966.91,2025-01-02
Azad Raghavan,Hardware,2952.25,2025-01-17
Saksham Talwar,Internet,4021.33,2025-03-11
Azad Kurian,Accommodation,2725.04,2025-10-28
Manya Soman,Accommodation,4068.35,2025-03-28
Kevin Joshi,Taxi,929.98,2025-08-11
Madhavi Johal,Training,4947.36,2025-11-18
Balvan Bahl,Software,3546.02,2025-08-22
Faras Dara,Software,2172.41,2025-07-06
Kai Goel,Team Event,1611.46,2025-05-11
Kai Goel,Hardware,512.96,2025-04-11
Balvan Bahl,Meals,2110.96,2025-07-05
Wridesh Magar,Office Supplies,4204.80,2025-05-17
Kiaan Lala,Taxi,3002.23,2025-08-27
Aarna Bahri,Software,1815.80,2025-11-23
Charan Devan,Hardware,1839.82,2025-07-26
Dominic Verma,Team Event,1764.03,2025-04-13
Dayamai Bakshi,Accommodation,4678.10,2024-12-07
Wyatt Handa,Hardware,4942.36,2025-06-23
Rudra Sodhi,Training,4837.24,2025-06-19
Azad Raghavan,Training,3755.45,2025-05-14
Watika Deo,Travel,2672.64,2025-01-22
Anmol Desai,Accommodation,3574.49,2025-02-27
Ansh Chaudry,Accommodation,3735.48,2025-04-27
Azad Raghavan,Travel,789.12,2025-11-18
Anika Bansal,Training,1020.31,2024-12-14
Ekaraj Buch,Internet,2987.10,2025-01-08
Abdul Pillai,Internet,4957.73,2025-05-06
Divya Deshmukh,Internet,3258.75,2025-11-02
Charan Devan,Office Supplies,1762.88,2025-02-26
Idika Ganesan,Accommodation,1051.80,2025-05-25
Bishakha Rout,Meals,4578.75,2025-03-04
Indali Bhandari,Hardware,2945.79,2025-10-08
Eesha Dasgupta,Internet,4598.08,2025-08-11
Idika Rastogi,Software,1508.39,2025-04-26
Dayamai Bakshi,Accommodation,3203.87,2025-04-16
Advik Dugar,Accommodation,1961.35,2025-06-07
Caleb Sood,Software,2518.94,2025-04-05
Aarna Bahri,Taxi,1232.06,2025-10-29
Wyatt Handa,Hardware,4968.60,2025-10-10
Benjamin Saini,Accommodation,520.43,2025-07-29
Mugdha Mane,Hardware,2046.25,2025-05-17
Shivansh Saran,Office Supplies,631.07,2025-10-01
Rajeshri Joshi,Internet,2362.50,2025-08-25
Indrajit Kapoor,Training,3030.27,2025-03-16
Vivaan Kannan,Office Supplies,2878.85,2024-12-11
Hemani Arora,Software,2478.47,2025-06-01
Peter Magar,Meals,3021.23,2025-01-02
Yadavi Chander,Accommodation,4017.28,2025-09-14
Rajeshri Joshi,Accommodation,4998.52,2025-07-19
Hiral Munshi,Internet,1090.62,2025-06-24
Eesha Dasgupta,Office Supplies,2284.26,2025-11-16
Rehaan Buch,Software,1030.78,2025-06-05
Rajata Thakkar,Taxi,859.99,2025-10-18
Nirja Sekhon,Meals,4653.69,2025-09-15
Vasatika Ahuja,Internet,895.83,2025-03-13
Rajeshri Joshi,Software,3865.70,2025-03-28
Wyatt Handa,Team Event,4937.38,2025-03-31
Nicholas Mukhopadhyay,Training,2453.94,2025-04-02
Divya Deshmukh,Accommodation,3823.94,2025-06-06
Bishakha Rout,Travel,838.78,2024-11-25
Onkar Arya,Office Supplies,4071.51,2025-10-09
Dayamai Bakshi,Travel,562.12,2025-03-12
Indrajit Kapoor,Meals,4506.88,2025-05-26
Madhavi Johal,Taxi,3955.73,2025-08-29
Ladli Dalal,Office Supplies,1226.66,2024-12-27
Aarna Bahri,Office Supplies,798.03,2025-03-25
Benjamin Zachariah,Office Supplies,1122.40,2025-07-12
Nicholas Mukhopadhyay,Accommodation,4560.65,2025-02-04
Nitara Rama,Training,4054.90,2025-05-09
Advik Dugar,Accommodation,1837.48,2025-01-02
Onkar Arya,Hardware,896.21,2025-03-26
Nitara Rama,Accommodation,1429.91,2025-06-07
Madhavi Johal,Software,1654.98,2024-12-01
Vihaan Sabharwal,Team Event,1417.36,2025-06-22
Sarthak Rajagopal,Hardware,2274.15,2025-06-02
Nitara Rama,Accommodation,3422.20,2025-09-22
Alexander Bhattacharyya,Office Supplies,936.99,2025-04-15
Dalaja Wagle,Meals,3308.10,2025-09-05
Nirja Sekhon,Software,2237.76,2025-02-15
Anmol Desai,Software,2956.92,2025-02-14
Vedant Dash,Meals,2138.07,2025-04-03
Faras Dara,Meals,1894.47,2025-08-06
Dev Bhagat,Hardware,1857.87,2025-03-14
Max Gole,Travel,3589.05,2024-11-29
Robert Mammen,Meals,3427.04,2025-03-11
Ekalinga Dasgupta,Meals,3148.73,2024-11-29
Wyatt Handa,Internet,2473.70,2025-05-28
Nitara Rama,Travel,1761.43,2024-11-27
Idika Ganesan,Training,3180.44,2025-09-16
Zansi Banik,Training,1783.22,2024-12-03
Yadavi Chander,Taxi,1186.21,2025-03-10
Peter Magar,Accommodation,1374.11,2025-06-03
Shivansh Saran,Hardware,1590.88,2025-10-12
Tanish Oza,Office Supplies,3513.45,2025-02-09
Rajeshri Joshi,Travel,3677.90,2025-06-14
Watika Deo,Travel,1079.90,2025-07-16
Harita Upadhyay,Hardware,709.56,2024-12-18
Eesha Dasgupta,Internet,1290.03,2025-10-30
Kevin Joshi,Meals,1291.17,2025-03-05
Isaac Choudhry,Accommodation,1268.52,2025-06-06
Pushti Dalal,Training,2555.26,2025-08-12
Zaitra Aurora,Meals,1511.99,2025-04-06
Ladli Dalal,Internet,4678.88,2025-01-14
Faras Dara,Hardware,3550.81,2025-06-28
Abdul Pillai,Meals,4743.25,2025-01-20
Mugdha Mane,Team Event,4947.34,2024-11-27
Varsha Nori,Team Event,2999.93,2025-06-10
Nidhi Dubey,Office Supplies,2634.13,2025-07-19
Alexander Bhattacharyya,Training,2813.24,2025-09-21
Zaitra Aurora,Software,3219.58,2025-05-02
Max Gole,Internet,2145.43,2025-02-05
Wridesh Magar,Taxi,1572.95,2025-09-02
Yauvani Sengupta,Taxi,1644.24,2025-11-19
Anika Bansal,Office Supplies,906.76,2025-11-01
Saksham Talwar,Taxi,1658.39,2025-06-24
Vedant Dash,Meals,4842.43,2025-02-17
Chakradev Thakkar,Hardware,4075.46,2025-06-28
Pushti Dalal,Software,4518.88,2025-04-22
Aarna Bahri,Team Event,4830.29,2025-01-28
Mugdha Mane,Meals,1277.03,2025-09-03
Ladli Keer,Accommodation,2352.12,2025-01-29
Ekalinga Dasgupta,Office Supplies,3069.91,2025-02-10
Nidhi Dubey,Hardware,829.87,2025-08-03
Vedika Mann,Meals,4682.28,2025-09-17
Dalaja Wagle,Taxi,4285.10,2025-02-11
Tanish Oza,Software,2916.81,2025-09-08
Sarthak Rajagopal,Travel,3050.81,2025-09-18
Balvan Bahl,Meals,2271.91,2025-03-08
Radhika Baral,Travel,2187.48,2025-09-29
Ethan Sekhon,Taxi,3811.01,2024-12-24
Rajata Thakkar,Taxi,3835.69,2025-10-27
Kevin Joshi,Hardware,1181.71,2025-05-28
Siddharth Dugal,Office Supplies,1277.90,2024-12-30
Yatin Uppal,Training,737.86,2025-11-07
Azad Raghavan,Hardware,698.52,2025-07-10
Harita Upadhyay,Meals,1527.57,2025-11-25
Charan Devan,Accommodation,3349.03,2025-09-29
Mugdha Mane,Training,2245.19,2025-11-12
Shivansh Saran,Meals,1600.91,2025-02-17
Pushti Dalal,Software,4949.22,2024-12-10
Nicholas Mukhopadhyay,Team Event,3713.33,2025-07-11
Anika Bansal,Software,2103.30,2024-11-29
Ekaja Kamdar,Taxi,826.73,2025-05-15
Zaitra Aurora,Travel,1238.42,2025-02-26
Hemani Arora,Software,2004.88,2025-03-06
Abdul Pillai,Accommodation,3682.82,2025-05-24
Wyatt Handa,Hardware,2893.64,2025-01-29
Indrajit Kapoor,Software,3310.37,2024-12-12
Indali Bhandari,Internet,2525.27,2025-11-15
Devansh Gara,Travel,1360.46,2024-12-31
Max Gole,Hardware,897.10,2025-10-13
Abdul Pillai,Travel,3382.55,2025-06-04
Zansi Banik,Hardware,2952.93,2024-12-03
Nidhi Dubey,Team Event,2131.39,2025-05-16
Bishakha Rout,Hardware,3307.71,2025-08-17
Kai Goel,Travel,4684.74,2025-10-05
Widisha Lanka,Internet,3544.31,2024-12-23
Ekaraj Buch,Meals,1247.73,2025-10-15
Diya Wali,Team Event,565.73,2025-09-21
Dakshesh Sandhu,Taxi,645.61,2025-06-30
Samar Sharaf,Travel,2007.78,2025-09-30
Isaac Choudhry,Accommodation,2150.31,2025-06-26
Caleb Sood,Training,544.43,2025-08-15
Tanish Oza,Software,4414.35,2025-09-18
Yadavi Chander,Office Supplies,625.55,2024-12-24
Widisha Lanka,Internet,1962.43,2025-03-31
Idika Rastogi,Taxi,2472.54,2025-05-05
Max Gole,Software,3904.26,2025-05-02
Logan Khurana,Accommodation,2259.71,2025-03-04
Anika Bansal,Training,4342.20,2025-08-18
Abdul Pillai,Training,2694.75,2025-02-24
Harita Upadhyay,Training,1516.86,2024-12-19
Vedika Mann,Software,875.89,2025-11-22
Saksham Talwar,Office Supplies,2238.48,2025-02-18
Watika Kaur,Training,4480.07,2025-08-18
Kai Goel,Accommodation,2866.94,2025-10-24
Vivaan Kannan,Office Supplies,4393.39,2024-12-18
Nicholas Mukhopadhyay,Hardware,1383.07,2025-10-06
Nirja Sekhon,Accommodation,4070.82,2025-03-19
Logan Khurana,Hardware,4130.58,2025-04-16
Bishakha Rout,Office Supplies,855.16,2025-11-13
Nidhi Dubey,Office Supplies,4844.80,2025-02-20
Ranbir Panchal,Software,4734.73,2025-01-02
Diya Wali,Office Supplies,914.12,2025-06-09
Yatin Uppal,Accommodation,1023.19,2025-11-03
Vasatika Ahuja,Internet,1384.97,2025-03-14
Watika Kaur,Office Supplies,4848.81,2025-09-22
Yauvani Sengupta,Software,2937.92,2025-10-07
Wyatt Handa,Internet,3865.30,2025-08-26
Ansh Chaudry,Training,1953.04,2025-06-24
Benjamin Zachariah,Meals,765.60,2025-04-29
Madhavi Johal,Hardware,3396.80,2025-04-12
Daksha Mitter,Internet,2133.69,2025-04-30
Chakradev Thakkar,Office Supplies,1874.95,2025-05-31
Vivaan Kannan,Team Event,814.81,2025-06-13
Harinakshi Dhaliwal,Office Supplies,2831.90,2025-11-05
Ansh Chaudry,Meals,1164.15,2025-04-23
Daksha Mitter,Office Supplies,4571.19,2025-01-19
Chakradev Thakkar,Training,3076.81,2025-02-11
Joshua Purohit,Software,1142.92,2025-05-15
Isaac Choudhry,Taxi,4712.51,2025-11-01
Tanish Oza,Hardware,1909.20,2025-04-07
Dakshesh Sandhu,Taxi,4106.04,2025-02-20
Isaac Choudhry,Training,2227.71,2025-01-21
Dev Bhagat,Training,3853.32,2025-07-12
Azad Raghavan,Training,663.87,2025-02-05
Indali Bhandari,Team Event,4553.55,2025-10-19
Chakradev Thakkar,Software,874.86,2025-09-01
Abdul Pillai,Internet,1696.01,2025-08-21
Hiral Munshi,Internet,2040.56,2025-03-11
Nitara Rama,Training,3811.95,2025-02-20
Dev Bhagat,Software,2480.50,2025-10-06
Watika Deo,Training,4991.40,2024-11-28
Harinakshi Dhaliwal,Internet,3586.58,2025-08-12
Ronith Edwin,Office Supplies,3215.47,2025-08-10
Widisha Lanka,Internet,872.70,2025-08-22
Aarna Bahri,Office Supplies,1238.11,2025-05-19
Shivansh Saran,Meals,2043.05,2025-08-26
Ronith Edwin,Internet,2333.32,2025-03-11
Nirja Sekhon,Internet,2371.47,2025-05-12
Nidhi Dubey,Training,2245.11,2025-05-29
Advik Dugar,Office Supplies,2468.99,2025-10-09
Abhimanyu Kala,Software,3426.74,2025-08-04
Logan Khurana,Software,625.90,2025-10-30
Eesha Dasgupta,Travel,4556.59,2025-03-27
Aayush Sandal,Training,976.97,2025-08-18
Vasatika Ahuja,Meals,1360.72,2024-12-21
Chakradev Thakkar,Meals,1303.41,2025-01-21
Max Gole,Team Event,1308.63,2025-07-26
Ladli Keer,Hardware,4527.02,2024-12-14
Harita Upadhyay,Training,4664.69,2025-06-28
Idika Rastogi,Software,3306.93,2025-04-17
Nicholas Mukhopadhyay,Training,4021.67,2025-03-05
Daksha Mitter,Travel,3067.36,2025-07-15
Charan Devan,Taxi,1789.81,2025-04-01
Advik Dugar,Office Supplies,4225.64,2025-04-03
Advik Dugar,Hardware,3233.63,2025-10-12
Saksham Talwar,Accommodation,1481.41,2024-12-12
Benjamin Zachariah,Taxi,4332.99,2025-07-17
Dalaja Wagle,Hardware,1047.78,2025-07-07
Benjamin Zachariah,Travel,3730.75,2025-01-15
Aayush Sandal,Team Event,3163.25,2025-11-06
Yatin Uppal,Hardware,4019.80,2025-05-19
Siddharth Dugal,Internet,3626.46,2025-05-12
Vivaan Kannan,Accommodation,4768.80,2025-08-18
Radhika Baral,Meals,2028.51,2024-12-07
Nirja Sekhon,Hardware,1577.90,2025-09-08
Jacob Thakkar,Meals,3114.71,2025-11-09
Chakradev Thakkar,Taxi,2110.82,2025-03-08
Zaitra Aurora,Taxi,3457.70,2025-07-29
Varsha Nori,Software,3290.24,2025-05-28
Chakradev Thakkar,Software,2714.85,2025-04-01
Divya Deshmukh,Training,1154.63,2025-04-23
Omisha Murty,Internet,674.94,2024-12-20
Rajeshri Joshi,Travel,1163.59,2025-06-28
Nirja Sekhon,Software,1131.43,2024-12-19
Shivansh Saran,Training,3272.59,2025-05-03
Tanveer Tripathi,Office Supplies,3093.78,2025-10-01
Siddharth Dugal,Travel,3669.72,2025-08-23
Vihaan Sabharwal,Office Supplies,3694.17,2025-03-27
Idika Rastogi,Internet,4667.09,2024-12-16
Logan Khurana,Meals,2487.51,2025-08-06
Joshua Purohit,Taxi,3195.56,2025-05-15
Azad Raghavan,Taxi,4444.03,2025-04-21
Nirja Sekhon,Training,1423.50,2025-02-04
Alexander Bhattacharyya,Taxi,2039.26,2025-03-18
Indrajit Kapoor,Meals,756.08,2025-08-08
Krishna Dara,Travel,2455.89,2025-01-30
Nidhi Dubey,Office Supplies,4581.60,2025-01-26
Aarna Bahri,Travel,2639.14,2025-03-19
Vihaan Sabharwal,Software,3935.56,2025-05-12
Anika Bansal,Software,3436.85,2024-12-25
Ekaraj Buch,Software,4914.87,2025-07-05
Alexander Bhattacharyya,Taxi,4942.60,2025-07-02
Nandini Golla,Team Event,2434.92,2025-02-21
Isaac Choudhry,Team Event,4584.64,2025-06-22
Rudra Sodhi,Accommodation,2113.05,2025-07-25
Aarna Bahri,Team Event,2186.00,2025-04-07
Ladli Dalal,Travel,2913.44,2025-03-03
Nicholas Mukhopadhyay,Training,2517.90,2025-05-12
Radhika Baral,Accommodation,4808.85,2024-12-18
Nirja Sekhon,Taxi,1035.97,2024-11-29
Omisha Murty,Travel,874.24,2025-08-26
Ansh Chaudry,Taxi,4871.62,2025-09-18
Hemani Arora,Travel,2357.99,2025-08-26
Divya Deshmukh,Meals,3951.73,2025-05-12
Yatin Uppal,Training,953.34,2025-03-31
Diya Wali,Meals,4148.64,2025-02-03
Kai Goel,Taxi,1236.58,2025-07-18
Idika Rastogi,Taxi,2321.46,2025-11-14
Indali Bhandari,Travel,4117.79,2025-05-10
Dayamai Bakshi,Training,4504.52,2025-08-24
Indrajit Kapoor,Hardware,2250.29,2025-07-02
Tanish Oza,Accommodation,3299.28,2025-08-13
Watika Deo,Travel,3351.00,2025-02-15
Ethan Sekhon,Accommodation,2825.29,2025-05-05
Jacob Thakkar,Travel,2701.94,2025-03-16
Vihaan Sabharwal,Meals,2309.53,2025-04-20
Anika Bansal,Taxi,3882.30,2025-07-16
Aarna Bahri,Training,1839.59,2024-12-24
Charan Devan,Team Event,4949.04,2025-03-02
Jacob Thakkar,Team Event,3466.77,2025-05-21
Idika Rastogi,Team Event,3518.17,2025-02-11
Watika Deo,Internet,1337.53,2025-08-17
Ranbir Panchal,Hardware,2489.30,2025-02-22
Diya Wali,Office Supplies,4123.77,2025-10-17
Madhavi Johal,Office Supplies,4658.21,2025-10-03
Abhimanyu Kala,Team Event,1326.51,2025-10-27
Eesha Dasgupta,Internet,4649.00,2025-10-05
Diya Wali,Accommodation,1590.42,2025-03-02
Balvan Bahl,Hardware,1672.52,2025-08-11
Sarthak Rajagopal,Team Event,3240.60,2025-02-27
Isaac Choudhry,Taxi,715.11,2025-07-05
Dominic Verma,Travel,1031.12,2025-10-16
Ladli Dalal,Team Event,2672.02,2025-01-31
Ladli Dalal,Team Event,3404.37,2024-12-02
Ekaja Kamdar,Software,2570.70,2025-09-25
Max Gole,Team Event,2663.04,2025-03-20
Yashoda Manne,Training,3774.09,2025-03-31
Eesha Dasgupta,Accommodation,2076.97,2025-06-12
Ethan Sekhon,Office Supplies,2010.19,2025-06-16
Abdul Pillai,Travel,2037.69,2025-04-11
Widisha Lanka,Office Supplies,3807.08,2025-08-11
Dalaja Wagle,Software,2897.70,2025-03-01
Nitara Rama,Accommodation,3852.28,2025-09-29
Max Gole,Software,3475.97,2025-06-13
Daksha Mitter,Meals,4047.90,2025-05-07
Devansh Gara,Hardware,4340.79,2025-02-11
Tanveer Tripathi,Hardware,3071.48,2025-04-21
Harita Upadhyay,Meals,2343.01,2025-09-12
Anmol Desai,Internet,535.67,2025-11-13
Yashoda Manne,Taxi,1067.59,2025-11-05
Abdul Pillai,Meals,2288.20,2025-04-03
Wridesh Magar,Team Event,1022.18,2025-02-08
Hemani Arora,Meals,1201.51,2025-11-08
Dayamai Bakshi,Accommodation,4209.10,2025-06-03
Sarthak Rajagopal,Hardware,4260.52,2024-12-08
Joshua Purohit,Hardware,2880.67,2024-12-20
Widisha Lanka,Hardware,629.71,2025-09-14
Mugdha Mane,Taxi,740.40,2025-08-15
Balvan Bahl,Accommodation,4450.72,2025-08-21
Yochana Bora,Internet,506.80,2025-10-28
Hiral Munshi,Software,1381.43,2025-05-26
Faras Dara,Taxi,1033.08,2025-04-23
Divya Deshmukh,Software,3265.33,2025-03-17
Dayamai Bakshi,Internet,2230.17,2025-07-22
Onkar Arya,Travel,2730.47,2025-01-22
Isaac Choudhry,Training,2603.08,2025-08-07
Diya Wali,Software,4743.51,2025-09-04
Onkar Arya,Software,1204.08,2025-04-12
Charan Devan,Meals,1953.23,2025-03-11
Aarna Bahri,Accommodation,2548.55,2025-08-15
Max Gole,Meals,3948.63,2025-03-25
Hemani Arora,Software,1633.16,2025-09-15
Balvan Bahl,Meals,2218.28,2024-12-20
Zaitra Aurora,Travel,3091.84,2025-02-12
Rudra Sodhi,Office Supplies,1582.88,2025-05-05
Nandini Golla,Hardware,994.15,2025-10-08
Hiral Munshi,Accommodation,1207.58,2025-04-18
Aayush Sandal,Taxi,865.56,2025-06-21
Vivaan Kannan,Meals,2069.80,2025-01-29
Nitara Rama,Office Supplies,3763.48,2025-04-20
Abhimanyu Kala,Travel,3694.73,2025-08-03
Dayamai Bakshi,Software,4391.04,2025-01-22
Rudra Sodhi,Hardware,2707.95,2025-01-17
Watika Kaur,Software,2734.87,2025-06-24
Yauvani Sengupta,Meals,1521.19,2025-10-17
Ronith Edwin,Training,3500.51,2025-06-27
Benjamin Zachariah,Travel,1829.48,2025-01-24
Rajata Thakkar,Taxi,919.89,2025-07-19
Yashoda Manne,Travel,2196.18,2025-03-26
Daksha Mitter,Office Supplies,4400.88,2025-11-05
Rehaan Buch,Team Event,1979.56,2024-12-17
Daksha Mitter,Office Supplies,4255.09,2024-12-14
Krishna Dara,Travel,4429.86,2025-11-13
Ladli Keer,Hardware,4536.73,2025-04-27
Idika Ganesan,Software,3106.14,2025-08-01
Bishakha Rout,Travel,2650.59,2025-08-30
Balvan Bahl,Internet,2686.57,2025-01-08
Nathaniel Kala,Software,2736.00,2025-04-08
Yatin Uppal,Hardware,4620.03,2025-09-30
Saksham Talwar,Hardware,3684.86,2025-02-18
Devansh Gara,Travel,2145.08,2025-03-07
Divya Deshmukh,Hardware,4411.09,2025-10-21
Chakradev Thakkar,Meals,3932.13,2024-12-14
Advik Dugar,Hardware,4311.68,2025-11-03
Bishakha Rout,Travel,4278.43,2025-08-04
Yatin Uppal,Travel,4090.01,2025-08-27
Dalaja Wagle,Internet,4907.97,2025-09-22
Divya Deshmukh,Accommodation,904.24,2025-09-01
Zaitra Aurora,Meals,1603.29,2025-08-24
Indrajit Kapoor,Taxi,4682.02,2024-11-29
Saksham Talwar,Travel,2479.63,2025-06-21
Jhalak Bali,Meals,1766.33,2025-08-02
Aarna Bahri,Meals,4654.90,2025-04-08
Omisha Murty,Hardware,2124.71,2025-09-20
Harita Upadhyay,Internet,1572.08,2025-09-13
Watika Deo,Travel,4728.47,2025-04-17
Siddharth Dugal,Training,2602.45,2025-01-24
Kiaan Lala,Training,4743.81,2025-06-05
Bishakha Rout,Software,1233.81,2025-06-03
Indrajit Kapoor,Office Supplies,1153.00,2025-04-22
Joshua Purohit,Accommodation,3957.66,2025-11-03
Ethan Sekhon,Meals,4979.35,2025-10-08
Azad Raghavan,Office Supplies,2555.53,2025-09-09
Yatin Uppal,Team Event,2961.24,2025-05-13
Abdul Pillai,Team Event,3933.06,2025-08-30
Divya Deshmukh,Office Supplies,4037.41,2025-01-29
Siddharth Dugal,Software,2289.59,2025-03-29
Radhika Baral,Internet,2891.40,2025-10-10
Idika Ganesan,Taxi,1948.40,2025-09-23
Yochana Bora,Office Supplies,2762.36,2025-04-16
Eesha Dasgupta,Hardware,703.56,2024-12-02
Logan Khurana,Office Supplies,2550.04,2025-06-28
Yatin Uppal,Office Supplies,2090.41,2025-09-02
Zansi Banik,Team Event,4553.05,2025-02-18
Max Gole,Training,2560.45,2025-10-10
Isaac Choudhry,Training,605.88,2025-09-01
Azad Kurian,Office Supplies,2200.26,2025-03-05
Yatin Uppal,Software,2564.12,2024-12-21
Aarna Bahri,Hardware,1320.37,2025-02-03
Idika Ganesan,Accommodation,3714.05,2025-05-14
Radhika Baral,Accommodation,2560.63,2025-05-22
Hiral Munshi,Training,1357.26,2025-01-27
Yashoda Manne,Internet,4516.71,2025-10-31
Zaitra Aurora,Internet,2241.35,2025-01-13
Nandini Golla,Travel,4727.37,2025-09-10
Rajeshri Joshi,Travel,4103.68,2025-06-13
Harinakshi Dhaliwal,Accommodation,3352.96,2024-12-06
Madhavi Johal,Hardware,549.66,2025-03-26
Yashoda Manne,Taxi,909.28,2025-02-25
Sarthak Rajagopal,Meals,4379.68,2025-02-27
Alexander Bhattacharyya,Taxi,1555.06,2025-10-04
Onkar Arya,Software,2300.61,2025-09-02
Balvan Bahl,Office Supplies,4147.22,2025-11-10
Anmol Desai,Meals,4160.12,2025-06-28
Indrajit Kapoor,Team Event,2710.41,2025-01-30
Shivansh Saran,Office Supplies,1248.82,2025-06-19
Vasatika Ahuja,Office Supplies,657.38,2025-03-01
Dominic Verma,Accommodation,2838.28,2025-04-16
Onkar Arya,Accommodation,4032.25,2025-11-21
Faras Dara,Team Event,516.68,2025-02-08
Kevin Joshi,Meals,929.01,2025-01-24
Abhimanyu Kala,Taxi,4368.27,2025-10-20
Joshua Purohit,Internet,3635.44,2025-07-17
Joshua Purohit,Office Supplies,1329.51,2025-09-04
Rajeshri Joshi,Training,4434.30,2024-12-15
Varsha Nori,Training,3589.35,2025-02-04
Anika Bansal,Office Supplies,2512.87,2025-06-27
Idika Ganesan,Travel,3168.95,2025-03-20
Harita Upadhyay,Hardware,4718.84,2025-04-27
Nidhi Dubey,Office Supplies,545.59,2024-12-23
Advik Dugar,Travel,2388.44,2025-03-31
Dakshesh Sandhu,Software,4111.37,2025-08-15
Diya Wali,Team Event,2162.47,2025-06-12
Idika Rastogi,Accommodation,3330.49,2025-06-14
Samar Sharaf,Travel,831.71,2025-07-30
Dev Bhagat,Office Supplies,1343.80,2025-07-27
Tanish Oza,Office Supplies,1564.79,2025-01-26
Watika Deo,Meals,920.05,2025-01-27
Ethan Sekhon,Accommodation,3880.97,2025-06-17
Indali Bhandari,Team Event,4864.40,2025-05-07
Nathaniel Kala,Office Supplies,648.70,2025-10-04
Peter Magar,Team Event,4417.53,2025-02-04
Peter Magar,Office Supplies,3624.10,2024-12-18
Ekaja Kamdar,Meals,1210.16,2025-02-18
Vedant Dash,Hardware,1161.11,2025-02-06
Chakradev Thakkar,Team Event,3505.98,2025-04-08
Omisha Murty,Internet,3508.66,2024-12-27
Isaac Choudhry,Software,2135.37,2025-03-28
Ekalinga Dasgupta,Training,2690.87,2025-04-25
Ladli Keer,Office Supplies,1577.59,2025-08-27
Dakshesh Sandhu,Travel,679.97,2025-05-14
Manya Soman,Travel,1271.80,2025-09-23
Akshay Kohli,Internet,670.77,2025-10-07
Idika Rastogi,Software,3239.17,2025-10-21
Joshua Purohit,Travel,4145.24,2025-10-01
Bishakha Rout,Internet,1527.36,2025-09-06
Eesha Dasgupta,Travel,3139.57,2025-03-02
Dalaja Wagle,Team Event,3798.74,2024-11-27
Vedant Dash,Internet,678.31,2025-01-25
Faras Dara,Travel,2330.65,2025-08-24
Ladli Keer,Meals,4805.71,2025-05-31
Caleb Sood,Meals,1687.61,2025-03-21
Ansh Chaudry,Travel,4064.20,2025-07-31
Alexander Bhattacharyya,Internet,1925.10,2025-05-22
Abhimanyu Kala,Training,3110.43,2025-11-21
Anika Bansal,Team Event,1658.39,2025-05-29
Ronith Edwin,Internet,3484.22,2025-11-08
Indali Bhandari,Travel,3925.01,2025-11-23
Indali Bhandari,Internet,3115.88,2025-03-12
Anika Bansal,Internet,2759.49,2025-04-07
Rajata Thakkar,Training,2231.00,2024-12-08
Ethan Sekhon,Training,3962.23,2025-01-12
Harinakshi Dhaliwal,Internet,3331.17,2025-05-19
Isaac Choudhry,Team Event,1073.31,2025-03-18
Benjamin Zachariah,Accommodation,2251.22,2025-08-05
Nicholas Mukhopadhyay,Software,1035.52,2024-12-09
Harinakshi Dhaliwal,Hardware,3493.20,2025-02-08
Aayush Sandal,Team Event,1702.72,2025-10-02
Charan Devan,Accommodation,2480.07,2025-08-31
Aayush Sandal,Taxi,1513.55,2025-03-21
Ekalinga Dasgupta,Office Supplies,4966.88,2025-09-16
Saksham Talwar,Software,3187.74,2025-03-04
Wridesh Magar,Office Supplies,2134.94,2025-02-12
Dakshesh Sandhu,Travel,2745.91,2025-09-09
Devansh Gara,Office Supplies,790.73,2024-12-02
Indrajit Kapoor,Internet,3251.68,2025-05-12
Yadavi Chander,Training,3884.17,2025-02-04
Widisha Lanka,Accommodation,2331.62,2025-03-29
Shivansh Saran,Travel,3066.07,2025-09-15
Nidhi Dubey,Taxi,4118.81,2025-09-08
Daksha Mitter,Hardware,3789.46,2025-03-16
Yatin Uppal,Internet,1496.77,2025-04-27
Hemani Arora,Taxi,2193.55,2025-09-21
Balvan Bahl,Internet,1845.25,2025-03-12
Rajata Thakkar,Team Event,1658.86,2025-07-26
Jacob Thakkar,Travel,3815.43,2025-05-30
Radhika Baral,Hardware,2789.31,2025-08-22
Rehaan Buch,Team Event,1764.66,2025-04-23
Tanish Oza,Training,2827.67,2025-08-15
Wridesh Magar,Team Event,4136.75,2025-06-21
Idika Ganesan,Training,849.18,2025-02-21
Isaac Choudhry,Meals,4591.01,2025-10-22
Isaac Choudhry,Internet,4572.76,2025-06-01
Rehaan Buch,Taxi,2151.98,2025-02-22
Logan Khurana,Hardware,1068.59,2025-09-20
Harinakshi Dhaliwal,Travel,2785.02,2025-05-21
Madhavi Johal,Hardware,4261.52,2025-04-01
Rudra Sodhi,Office Supplies,3073.07,2025-04-17
Siddharth Dugal,Training,3518.70,2025-02-16
Abdul Pillai,Travel,1124.14,2025-04-10
Vedika Mann,Office Supplies,1275.88,2024-12-17
Tanveer Tripathi,Travel,4678.22,2024-12-28
Jhalak Bali,Taxi,3324.30,2025-07-23
Nitara Rama,Hardware,1168.88,2025-05-23
Ranbir Panchal,Travel,1320.46,2025-10-10
Chakradev Thakkar,Training,1213.91,2025-01-10
Kai Goel,Meals,1401.67,2025-09-13
Watika Kaur,Office Supplies,1609.75,2025-11-07
Rudra Sodhi,Hardware,671.56,2025-04-14
Nathaniel Kala,Training,4010.07,2025-11-19
Ronith Edwin,Internet,4245.88,2024-12-09
Nathaniel Kala,Internet,4375.54,2025-11-08
Vihaan Sabharwal,Travel,4362.31,2025-05-09
Divya Deshmukh,Office Supplies,4767.78,2024-12-27
Hemani Arora,Office Supplies,3080.00,2025-05-10
Yadavi Chander,Taxi,1478.85,2025-09-04
Harinakshi Dhaliwal,Travel,2357.57,2025-10-20
Ladli Dalal,Meals,1097.21,2025-05-14
Nathaniel Kala,Meals,2996.98,2025-10-29
Nicholas Mukhopadhyay,Travel,2785.52,2025-02-26
Advik Dugar,Accommodation,4311.31,2025-10-01
Benjamin Zachariah,Taxi,3225.42,2024-12-31
Divya Deshmukh,Office Supplies,1897.54,2025-04-22
Anmol Desai,Team Event,2140.65,2025-08-20
Watika Deo,Office Supplies,1760.47,2025-03-18
Indrajit Kapoor,Hardware,2342.18,2025-01-14
Ranbir Panchal,Hardware,1610.80,2025-04-29
Kai Goel,Software,2890.34,2025-03-30
Radhika Baral,Meals,2470.20,2025-05-09
Jacob Thakkar,Team Event,4189.57,2024-12-14
Radhika Baral,Training,4805.79,2025-11-07
Nitara Rama,Team Event,1278.47,2025-09-01
Siddharth Dugal,Training,848.46,2025-06-30
Rajeshri Joshi,Internet,968.79,2025-06-03
Jacob Thakkar,Team Event,1521.42,2025-07-31
Devansh Gara,Office Supplies,3100.17,2025-05-15
Dev Bhagat,Team Event,1986.49,2025-06-05
Nirja Sekhon,Hardware,4057.20,2025-09-24
Pushti Dalal,Meals,3932.76,2025-05-18
Idika Rastogi,Accommodation,1020.95,2025-05-30
Nitara Rama,Internet,2160.22,2025-08-15
Aayush Sandal,Accommodation,3131.49,2025-01-15
Mugdha Mane,Accommodation,2974.94,2024-12-12
Indrajit Kapoor,Training,3428.76,2025-07-17
Vedant Dash,Taxi,605.83,2025-07-07
Vihaan Sabharwal,Team Event,4919.35,2025-04-18
Watika Deo,Internet,2761.66,2024-11-28
Widisha Lanka,Taxi,3411.01,2025-08-01
Anika Bansal,Travel,1046.29,2025-05-03
Aarna Bahri,Internet,3258.99,2025-01-25
Vihaan Sabharwal,Hardware,4373.10,2025-10-29
Vedika Mann,Training,1946.26,2025-08-28
Divya Deshmukh,Meals,2571.03,2025-01-27
Hiral Munshi,Training,1420.37,2025-02-18
Rajata Thakkar,Team Event,4546.49,2025-10-21
Jhalak Bali,Team Event,3251.63,2025-05-05
Faras Dara,Office Supplies,4219.73,2025-04-02
Idika Ganesan,Hardware,593.74,2025-08-27
Ekalinga Dasgupta,Taxi,2476.81,2025-11-22
Indali Bhandari,Taxi,2913.09,2025-07-24
Nandini Golla,Office Supplies,634.67,2025-05-04
Watika Kaur,Office Supplies,1666.02,2024-11-28
Rajeshri Joshi,Meals,3069.35,2024-11-29
Hemani Arora,Software,4578.07,2024-12-29
Indrajit Kapoor,Software,3039.61,2025-10-27
Watika Kaur,Internet,4572.91,2025-11-04
Sarthak Rajagopal,Accommodation,1854.84,2025-06-14
Mugdha Mane,Meals,1223.94,2024-12-01
Benjamin Saini,Taxi,4385.81,2025-10-03
Ronith Edwin,Office Supplies,1741.39,2025-10-26
Advik Dugar,Travel,3897.58,2025-06-24
Harita Upadhyay,Internet,3222.62,2025-05-05
Ranbir Panchal,Hardware,1376.71,2025-08-13
Abdul Pillai,Accommodation,4354.56,2025-11-20
Yashoda Manne,Accommodation,2901.67,2025-02-23
Dayamai Bakshi,Travel,1520.70,2025-08-04
Kai Goel,Taxi,2724.15,2025-01-28
Nandini Golla,Software,1916.28,2025-02-13
Abdul Pillai,Hardware,3541.81,2025-10-24
Pushti Dalal,Taxi,4378.43,2025-11-02
Diya Wali,Office Supplies,2493.98,2025-02-19
Dominic Verma,Meals,4981.49,2025-09-22
Indali Bhandari,Office Supplies,3881.11,2025-04-20
Caleb Sood,Office Supplies,4561.94,2024-12-02
Hiral Munshi,Meals,2159.74,2025-02-25
Watika Deo,Meals,4460.80,2025-10-24
Ronith Edwin,Travel,3365.95,2024-12-08
Akshay Kohli,Accommodation,1388.63,2025-05-11
Isaac Choudhry,Software,2425.58,2025-11-18
Azad Raghavan,Training,802.57,2025-11-24
Yochana Bora,Travel,785.38,2025-10-31
Devansh Gara,Hardware,2774.16,2025-10-24
Ladli Keer,Hardware,594.90,2025-01-14
Azad Kurian,Training,2169.84,2025-03-17
Azad Kurian,Office Supplies,1191.98,2025-07-10
Rajata Thakkar,Software,4553.03,2024-11-29
Vivaan Kannan,Meals,3287.92,2025-04-12
Idika Rastogi,Accommodation,2932.01,2025-08-23
Rehaan Buch,Team Event,3980.42,2025-06-09
Nitara Rama,Meals,3849.53,2025-08-31
Harita Upadhyay,Travel,4861.59,2025-11-21
Charan Devan,Travel,4098.65,2025-09-29
Watika Deo,Taxi,2303.58,2025-10-15
Indrajit Kapoor,Accommodation,1242.47,2025-06-23
Dev Bhagat,Taxi,4381.24,2025-07-24
Rudra Sodhi,Hardware,4227.96,2025-01-21
Bishakha Rout,Travel,1670.18,2025-03-24
Indali Bhandari,Travel,4940.51,2025-08-23
Eesha Dasgupta,Training,667.80,2025-05-09
Nidhi Dubey,Office Supplies,2453.27,2024-12-10
Nirja Sekhon,Team Event,4217.85,2025-09-18
Indrajit Kapoor,Meals,1759.30,2025-02-05
Yatin Uppal,Meals,1737.48,2024-11-25
Idika Ganesan,Team Event,1731.39,2024-12-28
Azad Kurian,Office Supplies,3714.44,2025-02-27
Ekaja Kamdar,Hardware,4023.73,2025-03-23
Vasatika Ahuja,Office Supplies,3405.52,2025-01-28
Daksha Mitter,Hardware,4872.81,2025-06-29
Nathaniel Kala,Taxi,1724.94,2025-02-18
Indrajit Kapoor,Software,1858.05,2025-04-11
Chakradev Thakkar,Office Supplies,3490.02,2025-06-24
Manya Soman,Hardware,3951.80,2025-10-21
Daksha Mitter,Internet,4286.44,2025-09-03
Omisha Murty,Travel,2324.26,2024-12-19
Rajata Thakkar,Taxi,1078.45,2025-04-10
Advik Dugar,Team Event,1642.18,2025-11-09
Abhimanyu Kala,Internet,1533.57,2025-10-04
Yadavi Chander,Office Supplies,4658.44,2025-10-21
Vedant Dash,Training,2739.44,2025-02-16
Azad Kurian,Hardware,4335.83,2025-07-15
Watika Kaur,Travel,638.62,2025-06-24
Kiaan Lala,Internet,525.12,2024-12-23
Watika Kaur,Office Supplies,3229.36,2025-01-11
Idika Ganesan,Accommodation,4708.86,2025-09-01
Tanveer Tripathi,Travel,2586.41,2025-08-23
Nandini Golla,Hardware,3249.55,2025-07-20
Ladli Dalal,Office Supplies,4782.98,2025-08-27
Watika Kaur,Accommodation,3905.89,2025-05-21
Rudra Sodhi,Taxi,4226.65,2025-11-11
Ethan Sekhon,Software,3520.73,2025-03-17
Indali Bhandari,Taxi,789.69,2025-07-28
Kevin Joshi,Meals,1220.52,2025-06-21
Saksham Talwar,Meals,4351.90,2025-07-31
Manya Soman,Accommodation,1097.62,2024-11-25
Azad Kurian,Internet,2614.71,2025-11-15
Idika Ganesan,Meals,1740.80,2025-11-18
Widisha Lanka,Hardware,4006.66,2024-12-18
Aayush Sandal,Team Event,2196.22,2025-05-30
Ansh Chaudry,Taxi,3363.39,2025-06-05
Wyatt Handa,Team Event,695.98,2025-08-06
Alexander Bhattacharyya,Software,2817.10,2025-03-28
Rehaan Buch,Travel,3412.58,2025-10-09
Shivansh Saran,Meals,3815.79,2025-01-02
Dakshesh Sandhu,Internet,2180.11,2025-10-27
Ekalinga Dasgupta,Taxi,4706.12,2025-06-22
Varsha Nori,Meals,1220.65,2024-12-26
Watika Deo,Software,4809.37,2025-06-20
Dominic Verma,Team Event,4140.14,2025-06-16
Vivaan Kannan,Hardware,1062.51,2025-05-21
Devansh Gara,Office Supplies,3767.04,2025-05-05
Samar Sharaf,Team Event,4760.58,2025-02-05
Joshua Purohit,Office Supplies,3351.82,2025-07-26
Yadavi Chander,Training,2525.70,2025-09-03
Charan Devan,Software,3087.71,2025-08-03
Daksha Mitter,Training,2054.49,2025-06-21
Hiral Munshi,Meals,3851.69,2025-06-20
Dalaja Wagle,Internet,503.91,2024-12-12
Zaitra Aurora,Training,796.34,2025-09-28
Mugdha Mane,Internet,4467.26,2025-09-08
Rudra Sodhi,Meals,3527.15,2025-04-23
Tanveer Tripathi,Software,2337.86,2025-09-07
Ekaraj Buch,Accommodation,509.89,2025-03-16
Madhavi Johal,Office Supplies,1840.76,2024-12-24
Dev Bhagat,Software,4425.33,2024-12-11
Wyatt Handa,Travel,4244.51,2025-11-25
Madhavi Johal,Internet,4829.31,2025-09-25
Hiral Munshi,Accommodation,3430.90,2025-06-03
Tanveer Tripathi,Training,1376.46,2025-04-06
Benjamin Zachariah,Meals,2545.54,2025-11-12
Devansh Gara,Hardware,3917.36,2025-07-24
Tanish Oza,Accommodation,2530.60,2025-08-19
Mugdha Mane,Taxi,2518.13,2025-04-18
Onkar Arya,Office Supplies,2403.14,2024-11-26
Ronith Edwin,Hardware,3383.46,2025-06-17
Mugdha Mane,Team Event,3202.23,2025-03-30
Tanveer Tripathi,Software,2117.36,2025-10-05
Abdul Pillai,Software,2682.90,2025-02-12
Rudra Sodhi,Office Supplies,1194.90,2025-03-05
Vedika Mann,Travel,931.57,2025-07-18
Azad Kurian,Hardware,2542.62,2025-02-13
Wridesh Magar,Taxi,4285.06,2025-09-04
Anika Bansal,Accommodation,4566.57,2025-05-05
Rajata Thakkar,Software,735.45,2025-09-29
Rajeshri Joshi,Meals,2702.85,2025-08-14
Idika Ganesan,Internet,1949.19,2025-10-08
Siddharth Dugal,Accommodation,4477.04,2025-05-31
Vedika Mann,Hardware,1040.32,2025-09-23
Pushti Dalal,Team Event,4995.13,2025-02-15
Mugdha Mane,Accommodation,3456.15,2025-06-28
Yadavi Chander,Hardware,2879.46,2025-04-15
Ekaraj Buch,Meals,2330.71,2025-06-12
Dalaja Wagle,Team Event,4664.68,2025-06-10
Daksha Mitter,Internet,1073.30,2025-03-23
Siddharth Dugal,Internet,1607.49,2025-09-15
Omisha Murty,Team Event,3581.37,2025-02-27
Nathaniel Kala,Meals,2830.32,2024-12-01
Dakshesh Sandhu,Taxi,1755.71,2025-04-30
Abhimanyu Kala,Accommodation,4604.97,2025-04-24
Ethan Sekhon,Accommodation,1783.38,2025-03-17
Nidhi Dubey,Software,2536.43,2025-01-16
Ladli Keer,Meals,1533.21,2024-11-30
Benjamin Zachariah,Taxi,2259.86,2025-10-10
Dominic Verma,Training,2984.62,2025-11-02
Kai Goel,Internet,1867.31,2025-03-16
Ranbir Panchal,Hardware,4923.96,2025-10-01
Tanveer Tripathi,Software,4241.15,2025-03-18
Chakradev Thakkar,Taxi,1364.80,2025-10-30
Indali Bhandari,Hardware,1468.34,2025-06-17
Aarna Bahri,Hardware,4200.26,2025-06-11
Akshay Kohli,Hardware,2427.95,2025-02-11
Eesha Dasgupta,Internet,2817.86,2025-01-16
Shivansh Saran,Internet,1278.28,2025-07-13
Dev Bhagat,Accommodation,645.53,2025-01-28
Balvan Bahl,Hardware,2282.28,2025-07-31
Nandini Golla,Team Event,1420.79,2025-06-29
Rehaan Buch,Taxi,4641.37,2025-11-06
Azad Raghavan,Meals,4110.76,2025-06-15
Dominic Verma,Taxi,4679.81,2025-09-09
Nicholas Mukhopadhyay,Accommodation,3496.73,2025-08-26
Indrajit Kapoor,Hardware,4713.13,2025-01-27
Chakradev Thakkar,Travel,2097.92,2024-12-12
Indrajit Kapoor,Accommodation,1435.19,2024-12-13
Anika Bansal,Travel,4195.27,2025-11-03
Mugdha Mane,Hardware,3685.83,2024-12-20
Dayamai Bakshi,Accommodation,4958.19,2025-07-19
Rajata Thakkar,Training,2914.24,2025-06-15
Eesha Dasgupta,Internet,4521.47,2025-03-18
Nitara Rama,Office Supplies,576.30,2025-07-31
Jhalak Bali,Hardware,3135.50,2025-11-05
Varsha Nori,Hardware,1837.69,2025-02-21
Caleb Sood,Team Event,1791.12,2025-10-14
Vedika Mann,Office Supplies,2513.80,2025-07-17
Varsha Nori,Training,2382.19,2025-08-31
Pushti Dalal,Software,580.95,2025-11-11
Advik Dugar,Software,4856.52,2025-02-28
Ladli Dalal,Taxi,2822.94,2025-09-19
Harita Upadhyay,Hardware,920.66,2025-07-23
Abdul Pillai,Accommodation,4491.43,2025-11-15
Dayamai Bakshi,Travel,1791.36,2025-04-26
Anmol Desai,Taxi,1198.21,2025-10-15
Watika Deo,Software,1159.50,2025-07-20
Zansi Banik,Accommodation,3451.05,2025-03-23
Kiaan Lala,Office Supplies,2916.70,2024-12-07
Onkar Arya,Software,4792.62,2025-04-17
Tanveer Tripathi,Hardware,1534.69,2025-06-13
Divya Deshmukh,Software,2252.38,2025-10-08
Saksham Talwar,Meals,3263.34,2025-02-02
Harinakshi Dhaliwal,Team Event,2656.96,2025-03-25
Divya Deshmukh,Travel,931.04,2025-08-31
Ansh Chaudry,Accommodation,2583.58,2025-09-25
Balvan Bahl,Meals,3233.19,2025-01-31
Aarna Bahri,Taxi,4286.65,2025-06-04
Chakradev Thakkar,Software,1406.22,2025-03-13
Max Gole,Travel,500.99,2025-02-28
Harinakshi Dhaliwal,Accommodation,4952.51,2025-03-03
Indali Bhandari,Hardware,823.08,2025-04-19
Indrajit Kapoor,Office Supplies,1281.37,2025-09-22
Yadavi Chander,Training,3410.24,2025-09-29
Isaac Choudhry,Travel,4883.07,2025-05-05
Ekaja Kamdar,Software,4361.77,2025-09-28
Vedika Mann,Office Supplies,2615.75,2025-08-01
Yochana Bora,Accommodation,1600.51,2025-10-19
Dakshesh Sandhu,Meals,4490.04,2024-12-14
Bishakha Rout,Hardware,4617.37,2025-10-22
Rehaan Buch,Software,2038.50,2025-11-23
Aarna Bahri,Internet,1489.14,2025-07-21
Ansh Chaudry,Accommodation,4497.69,2025-03-28
Max Gole,Travel,3849.65,2025-05-10
Aayush Sandal,Meals,3357.27,2025-04-12
Diya Wali,Internet,3871.39,2025-10-13
Krishna Dara,Training,3061.04,2025-06-07
Isaac Choudhry,Internet,2530.16,2025-02-06
Anmol Desai,Meals,1059.68,2025-02-03
Ethan Sekhon,Team Event,1264.18,2025-06-19
Rajeshri Joshi,Taxi,3406.71,2025-04-06
Wyatt Handa,Meals,2081.00,2025-03-27
Yauvani Sengupta,Team Event,4102.29,2025-06-19
Benjamin Zachariah,Internet,1658.93,2025-10-31
Krishna Dara,Office Supplies,1949.27,2025-07-08
Ekaja Kamdar,Accommodation,4257.34,2024-12-15
Indrajit Kapoor,Meals,1301.44,2025-06-19
Azad Raghavan,Team Event,3373.44,2024-12-15
Widisha Lanka,Software,1742.44,2025-02-20
Kevin Joshi,Meals,2539.65,2025-07-18
Diya Wali,Meals,2707.77,2025-01-24
Rajata Thakkar,Software,1848.24,2025-03-05
Eesha Dasgupta,Taxi,4694.49,2025-05-21
Harinakshi Dhaliwal,Hardware,4554.68,2025-08-18
Bishakha Rout,Internet,1276.56,2025-05-09
Vasatika Ahuja,Training,4036.22,2025-09-09
Balvan Bahl,Hardware,2042.49,2025-08-31
Ekaraj Buch,Taxi,4419.59,2025-01-01
Kevin Joshi,Internet,1600.62,2025-10-28
Ethan Sekhon,Travel,3066.80,2025-02-06
Charan Devan,Team Event,1927.85,2025-03-24
Ekaraj Buch,Taxi,3302.37,2025-10-31
Pushti Dalal,Software,3590.20,2025-06-10
Manya Soman,Training,1574.71,2025-03-16
Alexander Bhattacharyya,Hardware,4775.32,2025-07-09
Rajeshri Joshi,Taxi,3524.82,2025-04-02
Charan Devan,Hardware,1172.09,2025-08-03
Isaac Choudhry,Team Event,2275.89,2025-02-08
Nandini Golla,Team Event,1277.15,2025-06-27
Devansh Gara,Hardware,813.43,2025-08-27
Alexander Bhattacharyya,Hardware,2515.51,2025-04-21
Diya Wali,Hardware,1268.94,2025-06-07
Watika Deo,Hardware,2556.50,2025-07-01
Robert Mammen,Office Supplies,985.68,2025-04-08
Harita Upadhyay,Office Supplies,1979.22,2025-05-16
Vedika Mann,Team Event,2010.33,2025-11-16
Indali Bhandari,Office Supplies,3536.74,2025-09-01
Hiral Munshi,Taxi,3419.22,2025-04-10
Eesha Dasgupta,Accommodation,3092.59,2025-02-13
Indali Bhandari,Accommodation,1098.46,2025-11-05
Azad Raghavan,Internet,1541.94,2025-11-02
Radhika Baral,Meals,3112.51,2025-09-16
Idika Rastogi,Software,2000.44,2025-03-16
Caleb Sood,Office Supplies,2781.70,2025-07-24
Ansh Chaudry,Accommodation,3495.56,2025-01-20
Benjamin Zachariah,Internet,3187.08,2025-01-12
Anika Bansal,Training,2145.91,2025-06-19
Wyatt Handa,Taxi,2189.61,2025-01-21
Vasatika Ahuja,Hardware,3394.76,2025-08-10
Rehaan Buch,Training,1618.36,2024-12-31
Zansi Banik,Accommodation,2189.01,2025-11-08
Dominic Verma,Office Supplies,1342.10,2025-11-16
Varsha Nori,Hardware,1716.55,2025-03-16
Ranbir Panchal,Team Event,2553.01,2025-01-25
Dominic Verma,Team Event,507.05,2025-08-25
Alexander Bhattacharyya,Travel,1320.53,2025-01-08
Azad Kurian,Internet,3903.43,2025-11-15
Charan Devan,Office Supplies,1197.37,2025-06-30
Ekaja Kamdar,Hardware,4726.06,2025-03-04
Wridesh Magar,Hardware,1069.63,2025-03-10
Onkar Arya,Training,1943.86,2025-05-20
Ekaja Kamdar,Software,4181.29,2025-08-29
Dalaja Wagle,Taxi,1214.88,2025-04-16
Ansh Chaudry,Software,3224.96,2025-03-09
Devansh Gara,Meals,4575.34,2025-05-06
Nidhi Dubey,Internet,2547.48,2025-07-23
Watika Kaur,Meals,4767.73,2025-03-06
Faras Dara,Taxi,2722.93,2025-07-04
Ekaraj Buch,Office Supplies,2598.92,2025-09-02
Alexander Bhattacharyya,Accommodation,739.55,2025-01-12
Vasatika Ahuja,Office Supplies,3118.94,2025-02-23
Ranbir Panchal,Hardware,4790.15,2025-05-30
Ronith Edwin,Team Event,3319.67,2025-02-11
Daksha Mitter,Taxi,3093.21,2025-08-20
Widisha Lanka,Hardware,678.89,2025-11-17
Ranbir Panchal,Software,1447.96,2025-10-06
Dakshesh Sandhu,Accommodation,2123.07,2024-12-01
Aayush Sandal,Software,4629.84,2025-04-08
Dev Bhagat,Training,1069.09,2025-01-24
Madhavi Johal,Taxi,4865.99,2025-09-16
Radhika Baral,Travel,606.17,2025-07-26
Anika Bansal,Travel,1223.99,2025-11-03
Dominic Verma,Meals,4758.32,2025-04-16
Anmol Desai,Internet,3693.73,2025-04-07
Ronith Edwin,Training,1173.10,2025-09-29
Max Gole,Travel,2772.02,2025-08-26
Dev Bhagat,Team Event,3265.91,2025-11-04
Vedika Mann,Travel,3263.47,2025-04-27
Vedant Dash,Software,4657.58,2025-04-12
Jacob Thakkar,Meals,4224.05,2025-04-06
Jacob Thakkar,Training,3696.42,2025-09-16
Harinakshi Dhaliwal,Office Supplies,3035.87,2025-04-05
Tanveer Tripathi,Accommodation,3459.14,2025-07-07
Wridesh Magar,Software,4308.46,2024-12-15
Eesha Dasgupta,Office Supplies,4076.93,2025-08-08
Idika Rastogi,Meals,2937.55,2025-03-02
Wridesh Magar,Hardware,3416.74,2025-10-14
Zansi Banik,Hardware,4187.17,2025-07-31
Wridesh Magar,Travel,557.88,2025-04-17
Advik Dugar,Meals,4301.60,2025-04-08
Diya Wali,Software,2564.61,2025-09-17
Saksham Talwar,Team Event,3623.34,2025-08-18
Pushti Dalal,Training,1480.78,2025-04-29
Yadavi Chander,Accommodation,4850.34,2025-01-12
Abdul Pillai,Office Supplies,4794.28,2025-04-11
Charan Devan,Software,3731.40,2025-04-01
Rudra Sodhi,Hardware,4908.23,2025-10-25
Madhavi Johal,Hardware,1901.44,2025-02-16
Ronith Edwin,Software,556.60,2025-02-07
Bishakha Rout,Taxi,4433.02,2025-06-22
Azad Raghavan,Hardware,1863.45,2025-10-20
Ansh Chaudry,Taxi,4054.84,2025-08-21
Sarthak Rajagopal,Meals,4156.43,2025-10-09
Idika Rastogi,Training,891.89,2024-12-25
Omisha Murty,Internet,2145.66,2025-08-02
Yauvani Sengupta,Software,2350.82,2025-05-06
Max Gole,Software,3358.83,2025-04-11
Vihaan Sabharwal,Hardware,1645.85,2025-11-02
Radhika Baral,Internet,2056.86,2024-12-01
Peter Magar,Internet,4031.80,2025-07-26
Omisha Murty,Training,4092.89,2025-03-01
Nitara Rama,Training,956.58,2025-01-15
Vedant Dash,Training,3655.51,2025-05-03
Ekaraj Buch,Taxi,1850.61,2025-02-24
Robert Mammen,Internet,3067.13,2025-09-24
Varsha Nori,Team Event,2570.34,2025-06-03
Balvan Bahl,Internet,3452.50,2025-02-16
Kiaan Lala,Office Supplies,3243.89,2025-03-17
Siddharth Dugal,Accommodation,1415.64,2025-10-26
Max Gole,Internet,2631.57,2025-06-09
Hemani Arora,Hardware,1386.27,2025-05-18
Peter Magar,Software,4291.89,2025-10-07
Nirja Sekhon,Hardware,708.17,2025-07-16
Idika Ganesan,Hardware,1424.77,2025-02-08
Devansh Gara,Travel,4529.61,2025-11-17
Peter Magar,Team Event,2917.54,2025-05-27
Vedika Mann,Hardware,2337.47,2025-02-02
Ethan Sekhon,Team Event,1002.67,2025-07-31
Daksha Mitter,Accommodation,1754.72,2024-11-29
Sarthak Rajagopal,Meals,4138.10,2025-08-26
Omisha Murty,Accommodation,2714.69,2025-02-27
Nicholas Mukhopadhyay,Software,3620.38,2025-05-08
Varsha Nori,Taxi,4480.15,2025-01-14
Indrajit Kapoor,Taxi,1380.84,2025-10-23
Divya Deshmukh,Office Supplies,1111.70,2025-02-10
Ekaraj Buch,Office Supplies,3915.99,2025-09-17
Joshua Purohit,Accommodation,3706.39,2025-07-15
Ansh Chaudry,Hardware,3492.86,2025-09-26
Eesha Dasgupta,Accommodation,2429.05,2025-01-31
Bishakha Rout,Office Supplies,3379.74,2025-03-01
Anmol Desai,Office Supplies,2056.62,2025-06-19
Isaac Choudhry,Taxi,3761.81,2025-08-14
Aayush Sandal,Training,4304.03,2025-06-02
Daksha Mitter,Taxi,3053.94,2025-04-25
Idika Ganesan,Software,4335.96,2025-03-18
Dev Bhagat,Hardware,719.75,2025-06-02
Ladli Keer,Travel,1616.12,2025-03-24
Harinakshi Dhaliwal,Accommodation,4704.85,2025-07-01
Jacob Thakkar,Team Event,987.85,2025-03-27
Aayush Sandal,Training,2421.99,2025-07-17
Varsha Nori,Meals,2581.91,2025-10-10
Faras Dara,Accommodation,2331.05,2025-03-23
Bishakha Rout,Team Event,1544.63,2025-10-03
Manya Soman,Taxi,4789.36,2025-02-23
Saksham Talwar,Team Event,2226.17,2025-07-10
Balvan Bahl,Internet,1567.75,2025-10-25
Manya Soman,Software,3714.11,2025-03-06
Krishna Dara,Accommodation,4117.07,2025-08-01
Caleb Sood,Taxi,2885.66,2025-01-11
Rajeshri Joshi,Software,1744.75,2025-07-03
Caleb Sood,Travel,3492.02,2025-10-30
Yatin Uppal,Hardware,4018.65,2025-09-14
Benjamin Zachariah,Software,4281.90,2025-01-12
Devansh Gara,Accommodation,4346.98,2025-04-11
Krishna Dara,Team Event,1666.64,2025-01-07
Omisha Murty,Training,4438.11,2024-12-04
Hiral Munshi,Travel,2017.39,2025-04-30
Ansh Chaudry,Internet,3872.85,2025-10-22
Dayamai Bakshi,Team Event,3898.56,2025-05-05
Aarna Bahri,Taxi,1940.11,2024-12-14
Abhimanyu Kala,Team Event,4619.99,2025-01-07
Abdul Pillai,Meals,730.18,2025-09-22
Samar Sharaf,Hardware,2953.08,2025-09-27
Yatin Uppal,Internet,2698.13,2025-09-25
Peter Magar,Software,2871.25,2025-10-10
Harinakshi Dhaliwal,Accommodation,2389.90,2025-06-01
Dakshesh Sandhu,Team Event,2324.43,2024-12-19
Nandini Golla,Office Supplies,4832.36,2025-02-24
Dominic Verma,Meals,2901.87,2025-11-25
Indrajit Kapoor,Office Supplies,3134.74,2025-08-16
Chakradev Thakkar,Team Event,4396.80,2025-01-03
Anmol Desai,Team Event,2646.78,2025-07-19
Sarthak Rajagopal,Internet,652.06,2025-06-22
Omisha Murty,Hardware,4319.87,2025-07-15
Harita Upadhyay,Meals,2897.03,2025-07-22
Vedika Mann,Team Event,739.27,2025-08-03
Yashoda Manne,Hardware,832.05,2025-04-25
Rudra Sodhi,Team Event,3333.12,2025-04-06
Pushti Dalal,Office Supplies,1671.72,2025-01-12
Pushti Dalal,Software,3031.63,2025-04-21
Rehaan Buch,Training,2538.50,2024-12-05
Dayamai Bakshi,Hardware,4263.44,2025-07-29
Chakradev Thakkar,Software,1680.01,2024-12-16
Yadavi Chander,Office Supplies,3708.46,2025-10-16
Benjamin Saini,Accommodation,3786.99,2025-04-20
Manya Soman,Accommodation,3755.21,2025-02-07
Krishna Dara,Hardware,2344.68,2025-03-05
Zansi Banik,Meals,2994.06,2024-12-20
Hemani Arora,Meals,2275.01,2024-11-27
Chakradev Thakkar,Internet,2405.26,2024-12-10
Advik Dugar,Internet,2140.22,2025-01-04
Hiral Munshi,Hardware,1302.38,2025-07-17
Sarthak Rajagopal,Internet,3533.41,2025-06-25
Wridesh Magar,Internet,2757.86,2025-06-05
Aayush Sandal,Internet,1202.35,2025-07-03
Dayamai Bakshi,Travel,656.70,2025-05-28
Akshay Kohli,Team Event,664.59,2025-08-18
Azad Raghavan,Hardware,4070.09,2025-02-25
Caleb Sood,Accommodation,644.02,2025-03-10
Ronith Edwin,Software,529.01,2025-02-19
Rehaan Buch,Accommodation,2508.33,2025-02-04
Charan Devan,Software,1002.82,2025-04-29
Radhika Baral,Meals,4564.39,2025-11-01
Abdul Pillai,Taxi,3204.24,2025-04-26
Zaitra Aurora,Training,2599.77,2025-05-07
Onkar Arya,Training,1444.02,2025-01-24
Vihaan Sabharwal,Meals,2377.31,2025-09-22
Daksha Mitter,Office Supplies,2232.59,2025-09-05
Mugdha Mane,Internet,1314.83,2025-04-12
Dominic Verma,Meals,1353.98,2024-12-31
Alexander Bhattacharyya,Team Event,3877.15,2025-03-15
Eesha Dasgupta,Internet,3238.81,2025-10-15
Vihaan Sabharwal,Hardware,1575.23,2025-08-04
Nicholas Mukhopadhyay,Training,3189.80,2025-08-21
Onkar Arya,Hardware,4930.82,2025-06-02
Logan Khurana,Office Supplies,3600.56,2024-11-26
Peter Magar,Accommodation,769.08,2025-11-07
Onkar Arya,Taxi,2369.46,2025-01-16
Manya Soman,Team Event,3112.37,2025-03-18
Faras Dara,Software,2760.12,2025-02-13
Joshua Purohit,Internet,2933.84,2025-03-22
Manya Soman,Office Supplies,3805.34,2025-02-09
Charan Devan,Software,2694.24,2025-10-13
Benjamin Saini,Accommodation,4182.48,2025-06-24
Chakradev Thakkar,Training,1889.92,2024-12-14
Samar Sharaf,Internet,1848.11,2025-03-27
Abhimanyu Kala,Software,4430.43,2025-01-23
Idika Ganesan,Hardware,3227.53,2025-06-02
Dalaja Wagle,Accommodation,3040.87,2025-05-06
Benjamin Saini,Accommodation,3161.68,2024-11-29
Watika Kaur,Office Supplies,4369.51,2025-10-05
Nitara Rama,Travel,4097.69,2025-04-13
Varsha Nori,Internet,2409.01,2025-01-13
Kiaan Lala,Team Event,4643.59,2025-10-16
Dalaja Wagle,Hardware,2502.18,2024-12-23
Benjamin Zachariah,Software,2265.11,2025-04-03
Yashoda Manne,Accommodation,4939.43,2025-05-21
Balvan Bahl,Internet,1927.05,2025-03-02
Nathaniel Kala,Office Supplies,1650.15,2025-01-17
Isaac Choudhry,Training,4525.95,2025-08-28
Rajeshri Joshi,Accommodation,4699.40,2025-02-01
Abhimanyu Kala,Hardware,3539.97,2025-09-27
Jacob Thakkar,Software,4348.14,2025-11-11
Alexander Bhattacharyya,Internet,2687.97,2025-06-28
Kevin Joshi,Office Supplies,4959.80,2025-05-11
Zansi Banik,Meals,1750.96,2025-01-25
Joshua Purohit,Travel,3047.62,2025-07-12
Indali Bhandari,Internet,4649.59,2025-04-14
Ethan Sekhon,Hardware,2540.38,2025-01-31
Vihaan Sabharwal,Internet,835.12,2025-02-14
Watika Deo,Taxi,3066.82,2025-11-13
Dayamai Bakshi,Training,1989.16,2025-03-14
Kevin Joshi,Taxi,4598.88,2025-08-04
Hemani Arora,Training,3631.52,2025-06-17
Manya Soman,Software,1289.99,2025-10-10
Yatin Uppal,Hardware,2956.34,2025-04-09
Balvan Bahl,Accommodation,2705.14,2025-11-24
Ekaraj Buch,Accommodation,1747.55,2025-07-22
Sarthak Rajagopal,Accommodation,3238.95,2025-08-23
Krishna Dara,Travel,2564.07,2025-08-10
Vivaan Kannan,Office Supplies,1253.42,2025-02-16
Pushti Dalal,Office Supplies,1243.18,2025-01-20
Peter Magar,Team Event,4360.47,2025-07-30
Joshua Purohit,Taxi,1218.74,2025-02-01
Samar Sharaf,Hardware,2238.01,2025-02-23
Omisha Murty,Hardware,852.26,2025-06-18
Ronith Edwin,Internet,2162.52,2025-09-27
Balvan Bahl,Hardware,3552.89,2025-06-24
Tanish Oza,Office Supplies,4332.49,2025-11-17
Ansh Chaudry,Office Supplies,3239.79,2025-09-14
Nidhi Dubey,Team Event,2492.95,2025-06-29
Harinakshi Dhaliwal,Meals,2531.44,2025-01-09
Anika Bansal,Team Event,4962.37,2025-09-27
Anika Bansal,Office Supplies,3888.57,2025-03-11
Azad Raghavan,Internet,509.65,2025-06-18
Advik Dugar,Training,3120.67,2025-02-19
Logan Khurana,Software,1942.07,2025-04-08
Eesha Dasgupta,Training,960.42,2025-09-19
Kevin Joshi,Hardware,4890.11,2025-06-07
Anika Bansal,Meals,1193.89,2025-10-04
Vedant Dash,Software,1918.59,2024-12-11
Ranbir Panchal,Meals,3005.89,2025-06-30
Eesha Dasgupta,Accommodation,2088.46,2025-11-06
Abdul Pillai,Hardware,4882.66,2025-08-17
Harita Upadhyay,Travel,4515.86,2025-08-13
Sarthak Rajagopal,Training,2645.00,2025-04-26
Vivaan Kannan,Internet,1076.42,2025-10-04
Vedika Mann,Training,3548.01,2025-08-17
Sarthak Rajagopal,Office Supplies,4333.99,2025-05-05
Anika Bansal,Office Supplies,1382.11,2025-09-21
Mugdha Mane,Travel,3871.87,2025-09-01
Wridesh Magar,Accommodation,874.17,2025-05-19
Vasatika Ahuja,Meals,4226.44,2025-04-23
Jacob Thakkar,Meals,2875.54,2025-02-13
Anika Bansal,Travel,2421.02,2025-08-10
Rudra Sodhi,Hardware,3492.14,2025-05-31
Varsha Nori,Travel,1473.79,2025-10-29
Tanveer Tripathi,Taxi,710.03,2025-07-06
Zansi Banik,Internet,1603.40,2025-03-29
Anika Bansal,Hardware,2893.56,2025-04-22
Ranbir Panchal,Office Supplies,1542.36,2025-09-15
Ladli Keer,Meals,1551.87,2025-02-17
Ronith Edwin,Office Supplies,4526.13,2025-03-07
Chakradev Thakkar,Hardware,1435.77,2025-09-20
Nandini Golla,Accommodation,947.90,2025-11-02
Wridesh Magar,Training,2946.03,2025-06-19
Anika Bansal,Hardware,1067.21,2025-03-13
Yatin Uppal,Hardware,2077.57,2025-07-25
Dalaja Wagle,Internet,2984.81,2024-12-09
Abhimanyu Kala,Accommodation,1110.73,2025-05-15
Benjamin Saini,Team Event,2310.77,2025-03-18
Yochana Bora,Software,1917.12,2025-04-16
Ekaraj Buch,Meals,1205.92,2025-08-11
Idika Ganesan,Meals,2510.21,2025-02-17
Aarna Bahri,Taxi,3601.15,2025-11-17
Rudra Sodhi,Team Event,3690.39,2025-04-12
Akshay Kohli,Office Supplies,4730.95,2025-11-11
Nandini Golla,Travel,4947.42,2025-08-24
Sarthak Rajagopal,Hardware,1213.32,2025-11-20
Daksha Mitter,Accommodation,2465.22,2025-07-15
Vasatika Ahuja,Software,1879.76,2025-08-05
Ladli Dalal,Taxi,3582.42,2025-04-03
Akshay Kohli,Accommodation,3399.63,2024-12-17
Yashoda Manne,Internet,2635.81,2025-02-11
Harinakshi Dhaliwal,Office Supplies,2910.00,2025-10-10
Watika Deo,Hardware,589.85,2025-09-11
Saksham Talwar,Internet,3562.15,2024-11-26
Diya Wali,Travel,4696.67,2025-03-07
Vedant Dash,Internet,3178.03,2025-07-03
Rajata Thakkar,Software,768.90,2025-11-25
Saksham Talwar,Software,2450.97,2025-09-06
Zansi Banik,Taxi,1552.50,2024-12-29
Eesha Dasgupta,Team Event,976.43,2024-12-07
Saksham Talwar,Team Event,2592.53,2025-09-07
Kiaan Lala,Meals,3947.50,2025-06-06
Idika Rastogi,Accommodation,1383.02,2025-07-07
Nitara Rama,Team Event,2554.48,2025-03-06
Hiral Munshi,Accommodation,4352.87,2025-03-26
Kai Goel,Training,2819.23,2025-03-26
Widisha Lanka,Meals,617.94,2025-06-01
Dalaja Wagle,Accommodation,880.90,2025-03-29
Ethan Sekhon,Software,2083.55,2025-11-24
Ethan Sekhon,Meals,4181.38,2025-10-21
Anmol Desai,Meals,2629.75,2025-05-18
Varsha Nori,Travel,4457.06,2025-07-05
Wyatt Handa,Internet,710.48,2025-08-22
Pushti Dalal,Team Event,4666.15,2025-06-16
Peter Magar,Office Supplies,1325.46,2025-01-05
Dalaja Wagle,Office Supplies,3609.00,2025-03-23
Yatin Uppal,Meals,1257.03,2025-07-07
Jacob Thakkar,Meals,874.44,2025-04-23
Nirja Sekhon,Taxi,4852.62,2025-07-28
Aarna Bahri,Office Supplies,3226.27,2025-03-20
Idika Ganesan,Travel,2985.68,2025-03-21
Samar Sharaf,Training,3650.01,2025-10-20
Charan Devan,Internet,838.52,2025-04-10
Krishna Dara,Accommodation,1776.10,2025-07-07
Yadavi Chander,Hardware,2756.19,2025-08-13
Nitara Rama,Hardware,2286.41,2025-05-13
Jacob Thakkar,Taxi,2357.48,2025-11-14
Benjamin Zachariah,Hardware,4436.21,2025-01-16
Aayush Sandal,Accommodation,1534.30,2025-08-08
Abhimanyu Kala,Accommodation,1999.58,2025-05-23
Wridesh Magar,Travel,3089.21,2025-02-16
Ladli Keer,Office Supplies,3848.17,2024-12-25
Wyatt Handa,Meals,4392.03,2025-11-06
Hiral Munshi,Internet,2862.77,2025-08-30
Madhavi Johal,Team Event,1093.17,2025-03-26
Abhimanyu Kala,Internet,2707.26,2025-03-25
Yadavi Chander,Office Supplies,4840.54,2025-04-16
Indali Bhandari,Meals,933.29,2025-06-10
Isaac Choudhry,Accommodation,4679.47,2025-01-14
Kevin Joshi,Office Supplies,3782.87,2025-06-13
Azad Kurian,Travel,4040.61,2025-11-19
Rehaan Buch,Accommodation,2951.39,2025-07-15
Devansh Gara,Meals,1506.99,2025-01-15
Onkar Arya,Meals,3685.55,2025-06-07
Dalaja Wagle,Taxi,1997.73,2025-06-04
Vivaan Kannan,Taxi,548.10,2025-04-14
Ekaraj Buch,Taxi,3633.42,2025-05-02
Rehaan Buch,Travel,2527.09,2025-05-05
Ronith Edwin,Training,2439.82,2025-10-14
Ethan Sekhon,Training,2633.76,2025-05-19
Dakshesh Sandhu,Accommodation,1609.81,2025-05-02
Varsha Nori,Taxi,3239.89,2025-11-02
Anmol Desai,Meals,1811.28,2025-07-20
Sarthak Rajagopal,Meals,1565.41,2025-08-15
Joshua Purohit,Team Event,4537.79,2025-06-14
Dalaja Wagle,Team Event,3431.42,2025-03-16
Alexander Bhattacharyya,Accommodation,4279.58,2025-05-23
Balvan Bahl,Travel,2592.24,2025-05-08
Faras Dara,Training,3543.16,2025-05-08
Ronith Edwin,Meals,2739.26,2025-11-18
Sarthak Rajagopal,Internet,1021.18,2025-09-26
Rajeshri Joshi,Meals,2920.01,2025-11-24
Sarthak Rajagopal,Office Supplies,2822.73,2025-11-08
Ekalinga Dasgupta,Team Event,1844.74,2025-11-06
Dalaja Wagle,Meals,4583.99,2025-04-20
Vedant Dash,Accommodation,1824.51,2025-07-11
Nidhi Dubey,Hardware,876.41,2025-05-09
Samar Sharaf,Accommodation,3355.64,2025-04-13
Azad Raghavan,Team Event,2093.99,2025-07-16
Wridesh Magar,Taxi,1347.61,2025-08-11
Rajeshri Joshi,Office Supplies,1688.30,2025-11-23
Ethan Sekhon,Accommodation,3273.65,2025-06-24
Jacob Thakkar,Office Supplies,556.49,2025-07-23
Dalaja Wagle,Meals,1440.76,2025-10-15
Ladli Dalal,Office Supplies,3541.68,2025-11-09
Daksha Mitter,Office Supplies,3501.28,2025-08-27
Indrajit Kapoor,Training,2678.25,2025-02-17
Rajata Thakkar,Software,4512.86,2025-09-21
Siddharth Dugal,Training,4428.79,2025-06-22
Vasatika Ahuja,Internet,3473.82,2025-05-04
Nicholas Mukhopadhyay,Accommodation,3810.01,2025-09-02
Logan Khurana,Taxi,2880.38,2025-11-19
Nidhi Dubey,Team Event,628.82,2025-05-21
Robert Mammen,Meals,2174.72,2025-09-24
Logan Khurana,Accommodation,3050.63,2025-03-04
Chakradev Thakkar,Travel,4165.37,2025-08-24
Ekalinga Dasgupta,Software,2112.77,2025-11-12
Shivansh Saran,Hardware,4985.17,2025-10-04
Shivansh Saran,Accommodation,2661.35,2025-04-29
Hemani Arora,Software,3017.34,2025-05-19
Dalaja Wagle,Team Event,2099.00,2024-12-11
Akshay Kohli,Taxi,3352.68,2025-07-13
Madhavi Johal,Accommodation,1211.03,2025-03-20
Charan Devan,Accommodation,1868.81,2025-06-12
Divya Deshmukh,Team Event,1093.35,2025-08-07
Vasatika Ahuja,Accommodation,4899.05,2025-07-22
Onkar Arya,Accommodation,1862.00,2025-10-10
Alexander Bhattacharyya,Office Supplies,759.02,2025-05-14
Vihaan Sabharwal,Travel,2447.64,2024-11-25
Saksham Talwar,Internet,1228.78,2025-05-14
Samar Sharaf,Training,1066.14,2025-10-21
Saksham Talwar,Travel,1108.69,2025-01-07
Pushti Dalal,Travel,4695.41,2025-02-18
Ladli Dalal,Software,1429.43,2025-01-09
Zaitra Aurora,Hardware,749.68,2025-08-27
Benjamin Saini,Internet,4979.66,2024-12-03
Advik Dugar,Accommodation,1384.68,2025-11-13
Abdul Pillai,Internet,986.82,2025-05-14
Watika Kaur,Taxi,591.80,2025-07-24
Tanish Oza,Training,1070.28,2025-10-13
Idika Rastogi,Accommodation,2847.84,2025-08-15
Isaac Choudhry,Meals,3062.18,2025-10-11
Balvan Bahl,Taxi,726.55,2025-02-28
Kiaan Lala,Internet,1642.63,2025-02-11
Nidhi Dubey,Travel,3509.55,2025-09-06
Siddharth Dugal,Meals,3429.74,2025-05-01
Wridesh Magar,Hardware,528.03,2024-12-28
Akshay Kohli,Hardware,2475.81,2025-07-02
Hemani Arora,Training,1987.37,2025-02-21
Nandini Golla,Internet,2568.70,2025-06-12
Alexander Bhattacharyya,Hardware,3566.86,2025-04-15
Indali Bhandari,Software,3085.72,2025-10-31
Siddharth Dugal,Internet,4786.19,2025-10-10
Anmol Desai,Team Event,4263.74,2025-08-09
Siddharth Dugal,Travel,4170.97,2025-10-11
Daksha Mitter,Taxi,1459.05,2025-10-30
Omisha Murty,Software,1926.50,2025-10-19
Joshua Purohit,Team Event,4113.84,2025-04-10
Vasatika Ahuja,Software,3996.64,2025-04-04
Abhimanyu Kala,Travel,1282.70,2024-12-15
Manya Soman,Meals,1248.59,2025-08-13
Joshua Purohit,Training,1093.23,2024-12-25
Akshay Kohli,Software,1859.47,2025-06-09
Akshay Kohli,Training,3798.61,2025-10-22
Charan Devan,Meals,2209.82,2025-11-21
Chakradev Thakkar,Office Supplies,1757.89,2025-08-06
Akshay Kohli,Internet,4568.22,2025-07-17
Charan Devan,Travel,4877.86,2025-10-18
Wridesh Magar,Software,1337.88,2024-11-29
Bishakha Rout,Office Supplies,3431.88,2025-01-11
Kevin Joshi,Software,4028.63,2025-08-26
Idika Ganesan,Training,718.21,2025-08-24
Idika Rastogi,Meals,2203.68,2024-12-07
Idika Rastogi,Software,3863.64,2025-04-21
Alexander Bhattacharyya,Team Event,1842.55,2025-01-04
Watika Deo,Software,1933.66,2025-01-07
Vedant Dash,Taxi,1604.84,2025-06-28
Akshay Kohli,Hardware,4803.80,2025-09-28
Akshay Kohli,Accommodation,3644.32,2025-09-19
Benjamin Zachariah,Accommodation,2602.22,2025-10-01
Bishakha Rout,Travel,2799.34,2025-06-05
Ladli Dalal,Travel,1249.45,2025-09-22
Varsha Nori,Accommodation,4666.37,2025-10-22
Devansh Gara,Training,3107.86,2025-03-29
Robert Mammen,Meals,4006.71,2025-06-09
Max Gole,Accommodation,1139.07,2025-09-01
Saksham Talwar,Hardware,2786.10,2025-11-06
Balvan Bahl,Meals,2257.95,2025-02-23
Robert Mammen,Hardware,2304.93,2025-09-20
Sarthak Rajagopal,Training,2705.00,2025-09-23
Isaac Choudhry,Team Event,3066.68,2025-04-05
Shivansh Saran,Office Supplies,857.16,2024-12-29
Tanveer Tripathi,Office Supplies,891.69,2025-09-01
Faras Dara,Hardware,626.53,2025-10-17
Max Gole,Training,4100.42,2025-04-17
Dominic Verma,Office Supplies,3516.30,2024-12-11
Ekaja Kamdar,Accommodation,2196.99,2025-01-01
Aarna Bahri,Software,4112.14,2024-11-27
Manya Soman,Office Supplies,2660.34,2025-01-05
Hiral Munshi,Travel,4560.15,2025-01-01
Watika Deo,Meals,2772.62,2025-02-24
Varsha Nori,Office Supplies,1528.02,2024-12-02
Divya Deshmukh,Office Supplies,1333.89,2025-10-01
Kiaan Lala,Office Supplies,4922.78,2025-05-28
Benjamin Saini,Software,2893.62,2025-11-22
Ekaja Kamdar,Training,1086.11,2025-10-31
Faras Dara,Training,763.61,2025-04-12
Yadavi Chander,Software,4795.45,2025-09-24
Vivaan Kannan,Team Event,1747.27,2025-02-17
Watika Kaur,Team Event,695.28,2025-05-10
Madhavi Johal,Hardware,4675.22,2025-03-05
Daksha Mitter,Internet,3911.71,2025-02-04
Robert Mammen,Meals,4253.61,2025-03-30
Advik Dugar,Software,1295.32,2025-03-15
Azad Kurian,Hardware,900.99,2025-06-02
Jacob Thakkar,Office Supplies,4184.72,2025-01-09
Jacob Thakkar,Training,4078.86,2025-04-23
Nicholas Mukhopadhyay,Taxi,1244.24,2025-07-30
Krishna Dara,Training,2745.90,2025-07-09
Anmol Desai,Accommodation,1924.31,2025-04-13
Mugdha Mane,Hardware,1408.90,2025-07-24
Jhalak Bali,Software,2696.56,2025-05-12
Max Gole,Hardware,2111.50,2025-07-13
Harita Upadhyay,Training,3745.30,2025-04-12
Kiaan Lala,Hardware,3123.52,2024-12-03
Caleb Sood,Internet,2100.40,2025-02-24
Yatin Uppal,Office Supplies,3201.04,2024-12-27
Charan Devan,Training,1279.43,2025-04-17
Wyatt Handa,Training,1448.36,2025-04-20
Faras Dara,Office Supplies,760.48,2025-02-13
Samar Sharaf,Accommodation,3156.52,2025-07-31
Yadavi Chander,Travel,1979.87,2025-10-25
Nathaniel Kala,Meals,1247.72,2025-10-23
Indali Bhandari,Office Supplies,4950.82,2025-04-19
Harinakshi Dhaliwal,Office Supplies,4556.15,2025-02-10
Nicholas Mukhopadhyay,Training,545.65,2025-09-18
Zansi Banik,Office Supplies,911.53,2025-09-07
Jhalak Bali,Training,2693.59,2025-09-05
Peter Magar,Training,4352.57,2025-02-23
Zaitra Aurora,Accommodation,3382.27,2025-06-27
Siddharth Dugal,Internet,1768.95,2025-02-25
Dakshesh Sandhu,Internet,3330.76,2024-12-09
Advik Dugar,Software,560.49,2025-04-14
Nitara Rama,Travel,1499.09,2025-05-08
Mugdha Mane,Team Event,1318.24,2025-02-26
Manya Soman,Taxi,4525.14,2025-05-13
Yatin Uppal,Travel,3075.12,2025-09-28
Manya Soman,Hardware,1499.21,2025-02-08
Pushti Dalal,Training,3649.19,2025-05-27
Nandini Golla,Office Supplies,2193.83,2025-03-10
Anmol Desai,Meals,1223.08,2025-02-12
Nandini Golla,Travel,3099.88,2025-08-10
Vasatika Ahuja,Internet,2595.67,2025-07-20
Rajeshri Joshi,Team Event,4782.67,2024-12-31
Manya Soman,Software,1614.08,2025-09-27
Shivansh Saran,Travel,1654.46,2025-02-07
Shivansh Saran,Taxi,708.21,2025-03-12
Tanveer Tripathi,Taxi,3705.81,2025-09-23
Azad Raghavan,Training,4052.68,2025-08-23
Samar Sharaf,Accommodation,4495.64,2025-11-13
Yauvani Sengupta,Hardware,891.81,2025-09-12
Yochana Bora,Team Event,1430.26,2025-11-17
Aayush Sandal,Internet,4791.70,2025-10-27
Yochana Bora,Travel,4118.42,2025-02-13
Dakshesh Sandhu,Accommodation,3907.42,2025-07-23
Indrajit Kapoor,Travel,2013.75,2025-02-09
Max Gole,Accommodation,2825.87,2025-04-25
Tanish Oza,Accommodation,3197.65,2025-03-03
Ansh Chaudry,Hardware,3518.86,2025-06-04
Dalaja Wagle,Training,1055.89,2025-01-19
Azad Raghavan,Travel,4124.08,2025-09-14
Wyatt Handa,Software,4941.71,2025-06-24
Widisha Lanka,Hardware,1180.90,2025-04-13
Harinakshi Dhaliwal,Office Supplies,3504.73,2025-09-30
Logan Khurana,Hardware,742.18,2025-10-01
Ansh Chaudry,Meals,3857.76,2025-11-23
Yauvani Sengupta,Travel,2819.50,2025-08-15
Ansh Chaudry,Meals,2675.91,2025-03-31
Sarthak Rajagopal,Taxi,1764.83,2025-05-19
Sarthak Rajagopal,Team Event,2188.44,2025-02-03
Devansh Gara,Training,2971.02,2024-12-07
Balvan Bahl,Travel,2495.64,2025-03-17
Varsha Nori,Training,2428.76,2025-01-05
Rehaan Buch,Taxi,1135.88,2025-07-30
Nicholas Mukhopadhyay,Travel,3783.03,2025-01-20
Yadavi Chander,Meals,3937.74,2025-08-14
Vedika Mann,Travel,1599.57,2025-04-12
Yochana Bora,Meals,2200.67,2024-12-12
Jacob Thakkar,Office Supplies,4845.45,2025-01-05
Vedant Dash,Accommodation,3997.65,2025-08-03
Caleb Sood,Hardware,1646.51,2025-04-04
Azad Kurian,Training,3073.07,2024-12-20
Ladli Dalal,Team Event,2271.96,2025-02-21
Watika Kaur,Hardware,930.41,2025-02-25
Daksha Mitter,Travel,3273.59,2025-06-11
Abdul Pillai,Training,4353.22,2025-02-17
Tanveer Tripathi,Meals,752.36,2025-04-23
Vedant Dash,Hardware,681.24,2025-11-21
Yauvani Sengupta,Hardware,4556.39,2025-08-26
Wridesh Magar,Internet,974.04,2025-08-03
Akshay Kohli,Hardware,1789.88,2025-06-17
Ladli Keer,Meals,3119.94,2025-09-04
Nathaniel Kala,Internet,4241.49,2025-08-15
Bishakha Rout,Team Event,2524.68,2025-07-31
Shivansh Saran,Accommodation,4176.59,2025-11-10
Aarna Bahri,Training,2711.91,2025-11-08
Faras Dara,Software,3936.44,2025-08-05
Divya Deshmukh,Team Event,3155.28,2025-05-22
Daksha Mitter,Office Supplies,791.28,2025-04-06
Daksha Mitter,Travel,3928.43,2025-02-04
Ronith Edwin,Team Event,4979.33,2025-01-23
Pushti Dalal,Meals,3039.16,2025-11-20
Isaac Choudhry,Accommodation,3096.13,2025-01-14
Daksha Mitter,Hardware,3942.95,2025-11-21
Nicholas Mukhopadhyay,Internet,4775.91,2025-07-15
Saksham Talwar,Hardware,3335.94,2025-02-20
Nandini Golla,Travel,876.67,2025-04-24
Vasatika Ahuja,Hardware,1681.66,2025-09-14
Vivaan Kannan,Training,4666.34,2024-12-03
Nirja Sekhon,Team Event,3609.20,2025-05-08
Dayamai Bakshi,Software,4797.45,2024-11-25
Alexander Bhattacharyya,Accommodation,2320.06,2025-05-29
Sarthak Rajagopal,Office Supplies,4251.09,2025-09-15
Divya Deshmukh,Accommodation,4421.80,2025-08-26
Dakshesh Sandhu,Taxi,2201.84,2024-11-29
Yatin Uppal,Team Event,518.74,2025-09-10
Harinakshi Dhaliwal,Travel,806.99,2025-08-03
Azad Raghavan,Software,958.94,2025-08-12
Rehaan Buch,Office Supplies,1931.10,2025-01-16
Varsha Nori,Meals,4202.42,2025-08-24
Diya Wali,Office Supplies,4491.13,2025-04-23
Balvan Bahl,Taxi,4738.07,2025-03-25
Daksha Mitter,Travel,4492.33,2025-09-25
Dev Bhagat,Travel,4556.38,2024-12-11
Dev Bhagat,Internet,1342.75,2025-10-25
Robert Mammen,Meals,4368.91,2024-12-30
Caleb Sood,Travel,1880.79,2025-01-23
Balvan Bahl,Meals,3492.85,2025-10-28
Wyatt Handa,Team Event,1213.45,2025-05-13
Indrajit Kapoor,Team Event,3305.90,2025-05-24
Sarthak Rajagopal,Team Event,2204.81,2025-02-13
Charan Devan,Internet,3790.71,2025-06-23
Aayush Sandal,Accommodation,1125.78,2025-04-21
Shivansh Saran,Software,2315.57,2025-03-04
Nirja Sekhon,Training,2957.30,2025-05-14
Hiral Munshi,Meals,2270.57,2025-06-18
Dalaja Wagle,Office Supplies,4143.78,2025-02-21
Nathaniel Kala,Accommodation,3531.06,2025-03-04
Ranbir Panchal,Meals,3957.68,2025-01-20
Abdul Pillai,Internet,3820.80,2025-08-20
Radhika Baral,Accommodation,3844.34,2025-09-25
Ekaraj Buch,Meals,4647.42,2025-10-23
Ekaja Kamdar,Taxi,2535.98,2025-10-22
Azad Raghavan,Software,547.56,2024-12-22
Samar Sharaf,Travel,1990.88,2025-01-31
Harita Upadhyay,Taxi,521.53,2025-10-02
Siddharth Dugal,Office Supplies,2085.38,2025-08-15
Siddharth Dugal,Training,3936.46,2025-10-12
Nitara Rama,Hardware,2854.66,2025-04-08
Indrajit Kapoor,Training,4251.42,2025-07-05
Benjamin Zachariah,Meals,3143.78,2025-11-16
Divya Deshmukh,Travel,1379.07,2025-09-19
Devansh Gara,Team Event,3033.67,2025-05-19
Dalaja Wagle,Office Supplies,4629.10,2024-12-17
Samar Sharaf,Internet,4559.59,2025-06-18
Yochana Bora,Taxi,2774.13,2025-02-05
Benjamin Saini,Taxi,3552.79,2025-03-29
Yashoda Manne,Internet,4695.58,2025-06-16
Vedika Mann,Office Supplies,3568.39,2025-03-15
Nandini Golla,Software,2057.50,2025-09-12
Ranbir Panchal,Taxi,1204.67,2025-03-11
Radhika Baral,Software,793.67,2025-07-13
Vedika Mann,Training,2280.96,2025-06-15
Rudra Sodhi,Team Event,1188.94,2025-02-22
Charan Devan,Travel,3870.61,2025-09-18
Diya Wali,Hardware,4354.02,2025-08-18
Harinakshi Dhaliwal,Hardware,1222.50,2025-08-20
Abdul Pillai,Training,4857.60,2025-11-07
Rehaan Buch,Taxi,1409.85,2025-05-26
Nicholas Mukhopadhyay,Software,4229.61,2025-10-04
Isaac Choudhry,Training,2859.60,2025-09-09
Yadavi Chander,Travel,2375.22,2025-11-09
Idika Ganesan,Meals,4145.82,2025-07-14
Dalaja Wagle,Office Supplies,3704.62,2025-08-11
Nirja Sekhon,Office Supplies,2014.48,2025-06-02
Ethan Sekhon,Hardware,933.06,2025-05-11
Jacob Thakkar,Taxi,1611.88,2025-03-18
Rudra Sodhi,Internet,719.12,2025-04-21
Rehaan Buch,Team Event,812.71,2025-06-07
Wyatt Handa,Taxi,4000.40,2025-08-03
Peter Magar,Accommodation,1535.70,2025-08-01
Harita Upadhyay,Office Supplies,3873.59,2025-10-18
Indrajit Kapoor,Internet,2236.42,2025-05-04
Kevin Joshi,Software,4330.40,2025-02-02
Ladli Dalal,Hardware,1043.51,2025-03-14
Tanish Oza,Team Event,3795.23,2025-06-13
Chakradev Thakkar,Internet,3365.32,2025-02-15
Hiral Munshi,Meals,3819.38,2025-10-07
Idika Rastogi,Training,3645.70,2025-11-16
Hiral Munshi,Taxi,2339.39,2025-11-24
Idika Ganesan,Internet,1174.14,2025-03-15
Manya Soman,Hardware,2035.32,2025-08-23
Charan Devan,Software,4074.83,2025-08-16
Wyatt Handa,Team Event,1054.17,2025-08-09
Anika Bansal,Travel,1834.23,2025-09-30
Ladli Dalal,Meals,637.02,2025-01-30
Wyatt Handa,Software,2379.55,2025-01-12
Siddharth Dugal,Accommodation,4451.71,2025-09-29
Idika Rastogi,Taxi,3185.80,2025-04-26
Anmol Desai,Internet,4301.44,2024-11-29
Nathaniel Kala,Travel,2911.07,2025-03-03
Hemani Arora,Software,1962.05,2025-09-18
Rehaan Buch,Hardware,991.50,2025-02-13
Aayush Sandal,Office Supplies,1051.40,2025-08-30
Rajata Thakkar,Taxi,2158.07,2025-03-21
Dalaja Wagle,Taxi,2789.83,2025-03-12
Vihaan Sabharwal,Team Event,825.65,2025-06-12
Nitara Rama,Meals,3440.67,2024-12-21
Bishakha Rout,Accommodation,2325.62,2025-02-05
Harita Upadhyay,Hardware,1206.51,2025-03-13
Sarthak Rajagopal,Meals,1373.61,2025-11-19
Nathaniel Kala,Office Supplies,3477.11,2025-09-22
Max Gole,Accommodation,4528.36,2025-11-01
Samar Sharaf,Training,939.16,2024-12-16
Dalaja Wagle,Office Supplies,2021.46,2025-08-05
Zansi Banik,Meals,1944.57,2025-10-28
Nathaniel Kala,Office Supplies,2160.07,2024-12-22
Jacob Thakkar,Meals,2241.53,2025-04-17
Yatin Uppal,Training,2894.81,2025-10-16
Dayamai Bakshi,Internet,4490.73,2025-09-16
Isaac Choudhry,Office Supplies,1050.12,2025-08-28
Jhalak Bali,Hardware,4906.20,2025-05-12
Vihaan Sabharwal,Training,4963.85,2025-08-03
Dev Bhagat,Training,4056.66,2025-05-15
Harita Upadhyay,Taxi,856.18,2025-04-26
Aarna Bahri,Office Supplies,1659.33,2025-11-21
Saksham Talwar,Training,2699.45,2025-06-21
Abhimanyu Kala,Software,4311.07,2025-09-22
Watika Kaur,Software,3818.73,2025-01-13
Benjamin Zachariah,Accommodation,823.16,2025-05-31
Caleb Sood,Team Event,1469.18,2025-06-08
Azad Raghavan,Accommodation,770.45,2024-12-11
Siddharth Dugal,Accommodation,3098.87,2025-01-15
Peter Magar,Office Supplies,3926.53,2025-07-27
Dev Bhagat,Internet,967.66,2025-08-28
Isaac Choudhry,Taxi,3935.38,2025-01-01
Logan Khurana,Accommodation,2577.24,2025-09-27
Nathaniel Kala,Meals,1039.56,2025-09-25
Nidhi Dubey,Meals,3336.84,2025-09-06
Devansh Gara,Office Supplies,517.08,2025-03-15
Vedika Mann,Office Supplies,2896.84,2025-06-16
Zaitra Aurora,Team Event,1774.51,2025-04-20
Onkar Arya,Software,3721.51,2025-02-24
Widisha Lanka,Travel,4963.69,2025-01-30
Aarna Bahri,Taxi,1982.54,2025-10-20
Robert Mammen,Software,2155.78,2025-02-16
Yashoda Manne,Meals,1529.73,2025-11-25
Logan Khurana,Software,2434.80,2025-09-12
Kevin Joshi,Internet,4124.29,2025-01-20
Nirja Sekhon,Team Event,3753.65,2025-05-09
Daksha Mitter,Internet,2973.90,2025-01-04
Vedika Mann,Hardware,1568.63,2025-02-15
Wridesh Magar,Hardware,2106.82,2025-07-07
Vedika Mann,Training,2252.06,2025-05-07
Manya Soman,Travel,2011.64,2025-06-10
Aayush Sandal,Hardware,1491.12,2025-09-21
Sarthak Rajagopal,Internet,1311.39,2025-10-21
Indrajit Kapoor,Team Event,1444.82,2025-10-22
Robert Mammen,Office Supplies,4931.33,2025-06-16
Yadavi Chander,Hardware,4240.58,2025-02-05
Ethan Sekhon,Travel,2413.49,2025-10-10
Kevin Joshi,Software,1876.51,2024-12-02
Jacob Thakkar,Internet,1697.28,2025-06-19
Vivaan Kannan,Hardware,4836.96,2024-12-19
Ladli Keer,Office Supplies,2626.32,2025-05-06
Devansh Gara,Taxi,2559.87,2024-12-07
Joshua Purohit,Meals,1452.28,2025-08-12
Alexander Bhattacharyya,Accommodation,2850.11,2025-07-23
Hiral Munshi,Team Event,1935.73,2025-09-15
Nirja Sekhon,Taxi,2745.11,2025-06-26
Hemani Arora,Accommodation,3865.04,2025-06-25
Onkar Arya,Software,2555.16,2025-09-20
Caleb Sood,Accommodation,3928.07,2025-11-21
Widisha Lanka,Team Event,4503.39,2025-07-26
Caleb Sood,Training,805.96,2025-10-02
Sarthak Rajagopal,Internet,4004.85,2025-04-05
Isaac Choudhry,Accommodation,514.88,2025-01-11
Abhimanyu Kala,Meals,3957.84,2025-06-01
Yauvani Sengupta,Software,3320.13,2025-11-24
Rajata Thakkar,Hardware,1218.85,2025-10-07
Ekaja Kamdar,Team Event,1555.33,2025-08-26
Ladli Keer,Hardware,3675.81,2025-07-27
Chakradev Thakkar,Taxi,3653.45,2024-11-30
Bishakha Rout,Training,2543.47,2024-12-31
Ladli Keer,Training,2456.23,2025-08-18
Aayush Sandal,Team Event,4254.26,2025-01-28
Kiaan Lala,Team Event,749.88,2025-11-19
Ansh Chaudry,Internet,3208.85,2025-08-11
Vihaan Sabharwal,Travel,723.78,2025-08-27
Dayamai Bakshi,Software,4433.63,2025-06-10
Bishakha Rout,Hardware,1679.30,2025-05-17
Rehaan Buch,Internet,2304.50,2025-04-22
Sarthak Rajagopal,Travel,2745.48,2025-06-28
Radhika Baral,Taxi,3328.49,2025-01-28
Ladli Dalal,Team Event,3417.31,2025-05-03
Eesha Dasgupta,Meals,1480.22,2025-08-15
Rehaan Buch,Meals,2260.15,2025-10-20
Watika Kaur,Travel,4187.13,2025-01-01
Chakradev Thakkar,Meals,911.92,2025-03-28
Alexander Bhattacharyya,Travel,4644.48,2024-12-10
Ekaja Kamdar,Travel,3392.45,2025-08-10
Harinakshi Dhaliwal,Office Supplies,2153.65,2024-12-14
Bishakha Rout,Team Event,3959.55,2024-12-16
Jacob Thakkar,Internet,1111.57,2025-01-26
Vasatika Ahuja,Training,4398.00,2025-09-14
Dalaja Wagle,Travel,1309.78,2025-02-18
Indali Bhandari,Meals,1308.08,2025-02-09
Azad Raghavan,Training,2009.34,2025-08-11
Pushti Dalal,Meals,3765.61,2025-04-30
Samar Sharaf,Training,1236.52,2025-10-27
Watika Deo,Office Supplies,4274.46,2025-10-14
Chakradev Thakkar,Internet,4078.06,2025-09-21
Ladli Dalal,Internet,2442.98,2025-09-05
Eesha Dasgupta,Hardware,3694.76,2025-02-10
Yashoda Manne,Team Event,3071.74,2025-01-23
Harita Upadhyay,Meals,4668.90,2025-07-05
Yatin Uppal,Taxi,3762.69,2025-06-27
Hemani Arora,Hardware,4723.02,2024-11-28
Dayamai Bakshi,Office Supplies,4543.95,2025-09-08
Divya Deshmukh,Internet,806.60,2025-07-20
Nicholas Mukhopadhyay,Training,1283.58,2025-05-20
Radhika Baral,Internet,1147.06,2024-12-27
Nitara Rama,Software,938.90,2025-03-10
Ekaja Kamdar,Hardware,4942.58,2025-06-10
Rajeshri Joshi,Meals,2272.38,2025-04-08
Anika Bansal,Travel,2973.18,2025-11-17
Ekaraj Buch,Taxi,3814.44,2025-09-13
Nathaniel Kala,Training,3072.82,2025-04-03
Charan Devan,Training,4158.24,2025-06-27
Madhavi Johal,Software,1869.32,2025-09-16
Dalaja Wagle,Software,1806.62,2025-11-09
Ronith Edwin,Training,4378.13,2025-11-11
Kiaan Lala,Hardware,905.61,2025-11-11
Vivaan Kannan,Taxi,4873.57,2025-04-09
Ekaraj Buch,Office Supplies,3320.47,2025-09-19
Nidhi Dubey,Training,3839.03,2025-09-02
Kiaan Lala,Accommodation,1902.48,2024-11-29
Caleb Sood,Travel,2787.27,2025-10-25
Tanveer Tripathi,Travel,2621.65,2025-06-01
Benjamin Zachariah,Team Event,4557.38,2025-04-07
Wyatt Handa,Training,739.13,2025-02-19
Vasatika Ahuja,Training,1887.12,2025-02-18
Peter Magar,Internet,2046.80,2025-09-13
Vihaan Sabharwal,Hardware,1289.75,2025-01-29
Benjamin Zachariah,Team Event,2313.80,2025-06-03
Vedant Dash,Taxi,4522.32,2025-05-30
Ethan Sekhon,Training,3786.26,2024-12-11
Dayamai Bakshi,Software,1396.83,2025-06-02
Ekaraj Buch,Office Supplies,822.52,2025-01-11
Nathaniel Kala,Software,3180.13,2025-11-15
Manya Soman,Team Event,3552.45,2025-11-02
Hemani Arora,Accommodation,2783.09,2025-07-21
Nidhi Dubey,Taxi,3893.29,2025-02-19
Zaitra Aurora,Accommodation,648.10,2025-02-24
Shivansh Saran,Hardware,875.61,2025-06-19
Nandini Golla,Taxi,4641.00,2025-02-17
Rajata Thakkar,Team Event,1205.69,2025-02-01
Max Gole,Software,3212.21,2025-01-08
Omisha Murty,Travel,1393.51,2024-12-31
Onkar Arya,Training,916.78,2025-03-19
Siddharth Dugal,Software,2735.72,2025-01-11
Idika Rastogi,Hardware,728.09,2025-07-29
Benjamin Saini,Accommodation,3064.50,2025-02-02
Jacob Thakkar,Training,3409.64,2025-08-14
Widisha Lanka,Travel,4070.34,2025-06-05
Rehaan Buch,Taxi,3067.91,2025-05-28
Nandini Golla,Travel,2044.27,2025-02-08
Zaitra Aurora,Internet,1275.35,2025-06-21
Daksha Mitter,Travel,2372.37,2025-05-29
Watika Kaur,Taxi,4318.55,2025-08-19
Dev Bhagat,Software,2107.92,2025-06-01
Robert Mammen,Training,1817.30,2025-03-09
Akshay Kohli,Team Event,2455.27,2025-10-02
Yashoda Manne,Travel,2808.24,2025-07-08
Kai Goel,Hardware,2823.64,2024-12-06
Akshay Kohli,Accommodation,2657.86,2025-03-17
Dominic Verma,Meals,3313.51,2025-06-29
Widisha Lanka,Hardware,3801.03,2025-03-03
Mugdha Mane,Taxi,736.56,2025-04-19
Saksham Talwar,Hardware,3487.28,2025-04-30
Samar Sharaf,Travel,4771.96,2025-03-17
Vihaan Sabharwal,Travel,801.91,2025-06-05
Bishakha Rout,Team Event,1221.94,2024-12-22
Yadavi Chander,Meals,3582.88,2024-12-18
Balvan Bahl,Accommodation,2558.18,2025-01-06
Devansh Gara,Internet,930.24,2025-10-16
Jhalak Bali,Training,3999.97,2025-09-21
Yauvani Sengupta,Training,800.38,2025-02-26
Diya Wali,Training,4209.45,2025-03-23
Vivaan Kannan,Travel,2975.92,2025-02-04
Vedika Mann,Accommodation,976.32,2025-07-26
Dev Bhagat,Meals,718.99,2025-09-18
Saksham Talwar,Meals,3361.62,2025-11-04
Nitara Rama,Training,1616.65,2025-04-21
Ekalinga Dasgupta,Meals,2707.89,2025-05-22
Indali Bhandari,Taxi,1778.34,2024-12-09
Omisha Murty,Training,3567.37,2025-11-11
Vasatika Ahuja,Software,941.99,2025-09-11
Nandini Golla,Taxi,1621.51,2024-12-14
Chakradev Thakkar,Travel,4501.58,2025-03-26
Watika Deo,Accommodation,4920.84,2025-02-15
Benjamin Saini,Office Supplies,3013.76,2025-11-09
Nathaniel Kala,Office Supplies,4409.37,2025-11-07
Alexander Bhattacharyya,Software,3535.26,2025-01-20
Hiral Munshi,Travel,3035.03,2025-01-16
Indali Bhandari,Training,3783.83,2025-09-28
Sarthak Rajagopal,Meals,2414.90,2025-01-14
Yashoda Manne,Hardware,2948.59,2025-06-11
Rajeshri Joshi,Taxi,3410.18,2025-02-26
Nitara Rama,Software,1870.21,2025-07-21
Anmol Desai,Taxi,1493.02,2025-11-01
Widisha Lanka,Training,4737.07,2025-06-08
Idika Rastogi,Office Supplies,2502.41,2025-10-05
Caleb Sood,Team Event,3871.47,2025-01-13
Watika Deo,Internet,1780.59,2025-04-10
Ladli Dalal,Team Event,2293.94,2025-07-12
Ansh Chaudry,Software,2117.67,2025-04-28
Indrajit Kapoor,Travel,2622.76,2025-02-15
Widisha Lanka,Accommodation,2787.16,2025-09-28
Aayush Sandal,Hardware,4996.33,2025-07-09
Rehaan Buch,Team Event,2080.25,2025-06-18
Manya Soman,Team Event,2385.83,2025-02-04
Jhalak Bali,Internet,871.56,2025-07-18
Ekaraj Buch,Office Supplies,2736.95,2025-09-24
Nidhi Dubey,Office Supplies,1630.20,2025-10-30
Rehaan Buch,Meals,3268.58,2025-02-05
Yauvani Sengupta,Software,4325.52,2025-10-25
Anmol Desai,Accommodation,4192.44,2025-06-25
Indali Bhandari,Hardware,2220.45,2025-09-23
Ronith Edwin,Travel,3311.55,2025-10-16
Varsha Nori,Team Event,894.17,2025-05-10
Jhalak Bali,Internet,3806.71,2025-08-02
Ladli Dalal,Accommodation,2428.00,2024-12-10
Devansh Gara,Software,1782.44,2025-01-24
Abdul Pillai,Team Event,2053.22,2025-10-16
Nandini Golla,Hardware,3958.50,2025-06-05
Yochana Bora,Office Supplies,1959.03,2025-04-27
Rajeshri Joshi,Hardware,2002.45,2024-11-29
Harinakshi Dhaliwal,Travel,4065.13,2025-08-10
Radhika Baral,Taxi,2888.06,2025-04-23
Bishakha Rout,Office Supplies,2695.02,2025-08-24
Nicholas Mukhopadhyay,Hardware,2603.64,2025-03-27
Yochana Bora,Taxi,1970.40,2025-08-15
Dev Bhagat,Travel,3884.75,2025-05-16
Idika Rastogi,Training,3241.90,2025-05-29
Rudra Sodhi,Internet,2270.74,2025-09-20
Hemani Arora,Accommodation,2546.54,2025-01-05
Kiaan Lala,Software,1128.24,2024-12-23
Mugdha Mane,Internet,1864.58,2025-05-12
Watika Deo,Meals,742.53,2025-07-23
Daksha Mitter,Team Event,2130.85,2025-08-16
Shivansh Saran,Accommodation,2854.15,2025-07-10
Azad Kurian,Team Event,3121.42,2024-12-24
Peter Magar,Training,3027.31,2024-12-06
Jacob Thakkar,Travel,3736.33,2025-06-17
Aayush Sandal,Office Supplies,3168.62,2025-08-02
Isaac Choudhry,Training,2926.14,2025-05-19
Vihaan Sabharwal,Team Event,3190.83,2025-07-24
Tanveer Tripathi,Training,3742.30,2024-11-27
Saksham Talwar,Hardware,4331.43,2024-11-25
Logan Khurana,Software,1086.16,2025-09-10
Harinakshi Dhaliwal,Team Event,3749.14,2025-05-17
Yatin Uppal,Software,637.32,2025-07-24
Zaitra Aurora,Training,2475.18,2025-06-01
Manya Soman,Taxi,1245.73,2025-08-30
Widisha Lanka,Team Event,3919.45,2025-08-15
Peter Magar,Internet,2382.55,2025-02-19
Peter Magar,Meals,919.14,2025-11-20
Anmol Desai,Internet,3476.74,2025-02-23
Dev Bhagat,Training,3505.43,2025-01-07
Kiaan Lala,Taxi,3638.27,2025-02-26
Advik Dugar,Accommodation,548.86,2025-01-10
Kai Goel,Hardware,1143.33,2025-09-18
Abhimanyu Kala,Hardware,2339.67,2024-12-15
Tanish Oza,Taxi,3190.27,2025-02-17
Dakshesh Sandhu,Travel,1248.29,2025-10-14
Nitara Rama,Taxi,4503.09,2025-11-18
Vedant Dash,Internet,4012.47,2025-04-15
Rehaan Buch,Internet,1333.55,2025-10-13
Ladli Dalal,Software,3357.17,2025-07-24
Alexander Bhattacharyya,Travel,532.16,2024-12-22
Widisha Lanka,Team Event,4417.08,2025-07-28
Advik Dugar,Training,4409.15,2025-05-07
Ekaraj Buch,Office Supplies,626.18,2025-10-14
Rajeshri Joshi,Software,3365.08,2025-01-20
Ansh Chaudry,Training,587.69,2024-12-11
Max Gole,Hardware,3447.67,2025-11-23
Ladli Dalal,Accommodation,3860.60,2025-08-25
Divya Deshmukh,Meals,1279.98,2025-10-14
Idika Rastogi,Hardware,641.29,2025-08-26
Saksham Talwar,Software,3825.71,2025-05-15
Bishakha Rout,Accommodation,1875.19,2025-02-13
Benjamin Saini,Software,4627.60,2025-03-21
Indali Bhandari,Internet,1575.25,2024-12-15
Ranbir Panchal,Taxi,2925.74,2025-08-22
Tanveer Tripathi,Meals,1607.56,2025-10-20
Yatin Uppal,Team Event,1409.94,2024-12-26
Varsha Nori,Accommodation,4795.81,2024-12-06
Zansi Banik,Travel,1889.23,2025-09-22
Varsha Nori,Team Event,2211.63,2025-03-22
Robert Mammen,Office Supplies,4094.30,2025-10-11
Rehaan Buch,Training,4532.34,2024-11-27
Azad Kurian,Hardware,3549.17,2025-01-19
Balvan Bahl,Software,1073.10,2025-07-25
Dakshesh Sandhu,Hardware,576.49,2025-09-06
Bishakha Rout,Meals,4077.64,2025-06-02
Aayush Sandal,Software,3670.68,2025-05-12
Benjamin Saini,Travel,3257.71,2025-02-03
Yauvani Sengupta,Meals,2225.15,2025-10-06
Samar Sharaf,Meals,4566.94,2025-10-09
Idika Ganesan,Taxi,1738.15,2025-11-15
Nicholas Mukhopadhyay,Accommodation,4258.87,2025-06-15
Vivaan Kannan,Software,3316.59,2025-11-16
Balvan Bahl,Team Event,2490.72,2025-10-01
Kai Goel,Software,3244.74,2025-05-17
Ladli Keer,Travel,1930.14,2025-02-04
Varsha Nori,Software,1594.72,2025-08-06
Krishna Dara,Internet,3559.98,2024-12-13
Manya Soman,Taxi,3785.63,2025-08-17
Ansh Chaudry,Meals,4896.27,2024-12-02
Samar Sharaf,Hardware,699.07,2025-10-09
Anika Bansal,Software,2977.15,2025-03-09
Yauvani Sengupta,Office Supplies,564.31,2024-12-29
Diya Wali,Office Supplies,3351.50,2025-07-01
Madhavi Johal,Accommodation,2018.54,2025-03-24
Mugdha Mane,Travel,2648.48,2025-06-15
Chakradev Thakkar,Training,3097.03,2025-05-25
Robert Mammen,Training,4168.10,2025-03-21
Harinakshi Dhaliwal,Travel,2360.79,2025-09-25
Idika Ganesan,Taxi,2602.03,2024-12-11
Akshay Kohli,Office Supplies,4112.61,2025-09-25
Saksham Talwar,Meals,4945.96,2025-10-23
Yauvani Sengupta,Training,870.42,2025-03-24
Dominic Verma,Training,4644.41,2025-05-29
Daksha Mitter,Taxi,699.64,2025-06-14
Kevin Joshi,Accommodation,2363.62,2025-11-04
Ethan Sekhon,Internet,4008.59,2025-03-06
Nicholas Mukhopadhyay,Taxi,1639.73,2025-09-09
Rajata Thakkar,Meals,4598.15,2025-04-27
Daksha Mitter,Travel,3123.97,2024-12-14
Ekaja Kamdar,Software,4987.35,2024-12-21
Madhavi Johal,Team Event,4842.88,2025-09-07
Manya Soman,Taxi,1718.84,2025-05-31
Wyatt Handa,Hardware,2858.54,2024-12-14
Isaac Choudhry,Training,4044.12,2025-04-27
Jhalak Bali,Travel,2975.14,2025-09-23
Jhalak Bali,Team Event,4557.31,2025-11-01
Ekaraj Buch,Accommodation,2299.15,2025-03-17
Nicholas Mukhopadhyay,Meals,3589.28,2025-11-17
Jhalak Bali,Software,2232.32,2025-03-20
Joshua Purohit,Office Supplies,3161.16,2025-07-13
Manya Soman,Software,4866.29,2025-11-05
Max Gole,Taxi,1208.46,2025-04-12
Charan Devan,Office Supplies,4450.21,2025-07-20
Caleb Sood,Team Event,3694.10,2025-07-09
Rehaan Buch,Team Event,4169.22,2025-08-25
Rehaan Buch,Internet,4485.42,2025-08-11
Ekalinga Dasgupta,Training,4490.99,2025-08-13
Vasatika Ahuja,Hardware,1763.07,2025-08-12
Wyatt Handa,Team Event,1986.03,2024-12-01
Nidhi Dubey,Internet,3643.34,2025-03-06
Siddharth Dugal,Accommodation,2867.83,2025-06-13
Ronith Edwin,Hardware,4174.07,2024-11-27
Saksham Talwar,Taxi,1040.57,2025-03-01
Ekalinga Dasgupta,Accommodation,1021.42,2025-10-03
Hiral Munshi,Hardware,1103.61,2025-06-25
Robert Mammen,Hardware,3558.41,2025-06-26
Anika Bansal,Software,819.32,2025-10-03
Aayush Sandal,Software,2878.24,2025-02-09
Shivansh Saran,Accommodation,3452.82,2025-11-13
Wyatt Handa,Software,1744.25,2025-07-16
Dayamai Bakshi,Hardware,3838.53,2025-08-23
Chakradev Thakkar,Training,2645.53,2025-08-20
Dev Bhagat,Hardware,646.49,2024-12-24
Kai Goel,Office Supplies,1033.66,2025-10-10
Rudra Sodhi,Taxi,959.09,2025-02-04
Caleb Sood,Hardware,4619.07,2025-08-13
Abdul Pillai,Meals,3604.86,2025-10-12
Widisha Lanka,Office Supplies,3248.68,2025-06-16
Vihaan Sabharwal,Hardware,2272.45,2025-07-17
Ekaraj Buch,Software,745.64,2025-03-24
Varsha Nori,Taxi,2162.88,2025-04-26
Eesha Dasgupta,Taxi,4076.57,2025-07-22
Vihaan Sabharwal,Taxi,2096.76,2025-01-25
Manya Soman,Meals,3054.76,2025-04-19
Ethan Sekhon,Office Supplies,3517.53,2025-11-13
Indrajit Kapoor,Internet,3342.35,2025-06-02
Ekaja Kamdar,Software,4361.69,2025-09-16
Jacob Thakkar,Taxi,4093.24,2024-12-01
Robert Mammen,Taxi,2763.77,2025-03-28
Dayamai Bakshi,Team Event,2772.15,2025-05-04
Balvan Bahl,Travel,829.30,2025-07-03
Azad Kurian,Training,3589.23,2025-03-29
Nidhi Dubey,Software,1282.38,2025-09-02
Yauvani Sengupta,Taxi,2714.38,2025-10-05
Radhika Baral,Accommodation,3066.78,2025-10-07
Yatin Uppal,Internet,1694.61,2025-06-08
Abhimanyu Kala,Team Event,4792.58,2025-07-30
Rajata Thakkar,Team Event,1175.07,2024-12-03
Vihaan Sabharwal,Software,4283.75,2024-12-12
Madhavi Johal,Training,3349.96,2025-09-24
Idika Ganesan,Travel,1255.91,2025-08-26
Nitara Rama,Taxi,1282.98,2025-11-14
Tanish Oza,Software,3036.73,2025-04-23
Mugdha Mane,Team Event,2496.27,2025-03-14
Aarna Bahri,Meals,3552.32,2025-03-27
Bishakha Rout,Hardware,2741.33,2025-01-25
Kiaan Lala,Team Event,2007.95,2025-11-04
Jhalak Bali,Meals,4765.99,2025-11-18
Rehaan Buch,Internet,3666.55,2025-07-19
Pushti Dalal,Meals,4552.56,2025-07-17
Charan Devan,Office Supplies,3048.17,2025-05-19
Benjamin Zachariah,Office Supplies,961.80,2025-02-06
Idika Rastogi,Team Event,1949.35,2025-11-11
Radhika Baral,Travel,2660.48,2025-01-07
Nitara Rama,Accommodation,2166.82,2025-01-15
Yauvani Sengupta,Hardware,4902.82,2025-09-19
Rajeshri Joshi,Office Supplies,4949.48,2025-08-06
Ladli Keer,Accommodation,675.79,2025-01-14
Aayush Sandal,Office Supplies,1593.27,2025-02-07
Madhavi Johal,Hardware,3210.15,2025-02-25
Vasatika Ahuja,Internet,4569.64,2025-06-19
Vivaan Kannan,Training,2990.68,2025-09-17
Joshua Purohit,Team Event,3195.24,2025-02-05
Nandini Golla,Accommodation,922.05,2025-02-22
Wridesh Magar,Team Event,1990.65,2025-03-10
Vivaan Kannan,Office Supplies,1511.53,2025-01-08
Saksham Talwar,Meals,4896.32,2025-10-18
Nidhi Dubey,Accommodation,697.64,2025-02-07
Advik Dugar,Training,519.84,2025-01-12
Omisha Murty,Team Event,1889.72,2025-07-30
Abhimanyu Kala,Office Supplies,1148.82,2024-12-17
Omisha Murty,Training,4666.06,2025-05-14
Yatin Uppal,Hardware,1654.52,2025-03-21
Aayush Sandal,Taxi,1219.63,2025-01-06
Hemani Arora,Team Event,612.30,2025-05-29
Zaitra Aurora,Training,3900.96,2025-04-27
Charan Devan,Taxi,2599.73,2025-07-28
Divya Deshmukh,Training,4036.62,2025-07-10
Ladli Dalal,Accommodation,2293.26,2025-09-07
Ladli Keer,Internet,4262.41,2025-10-01
Krishna Dara,Accommodation,3388.42,2025-10-20
Max Gole,Meals,4352.82,2025-11-07
Daksha Mitter,Team Event,3483.73,2025-08-11
Vasatika Ahuja,Software,2665.99,2024-12-20
Caleb Sood,Internet,1793.26,2024-12-28
Faras Dara,Office Supplies,1411.42,2025-06-16
Vihaan Sabharwal,Software,4625.51,2025-01-22
Caleb Sood,Team Event,4917.52,2024-12-05
Aarna Bahri,Training,1678.68,2025-07-20
Peter Magar,Software,2101.53,2025-05-02
Benjamin Saini,Internet,1861.01,2025-03-09
Krishna Dara,Software,4467.06,2024-11-26
Wyatt Handa,Accommodation,2543.34,2025-09-05
Kevin Joshi,Hardware,3061.67,2025-08-25
Ansh Chaudry,Taxi,4113.69,2025-03-03
Jacob Thakkar,Hardware,799.34,2025-10-15
Devansh Gara,Taxi,3808.17,2025-10-24
Rajeshri Joshi,Taxi,3299.55,2025-03-27
Eesha Dasgupta,Accommodation,4585.86,2025-01-01
Nirja Sekhon,Travel,2973.93,2025-09-19
Bishakha Rout,Team Event,1874.70,2025-09-16
Yadavi Chander,Accommodation,4532.88,2025-07-09
Benjamin Saini,Training,4251.04,2025-06-12
Nicholas Mukhopadhyay,Internet,2604.29,2025-08-13
Rudra Sodhi,Meals,638.28,2025-04-16
Nidhi Dubey,Software,4293.25,2025-07-12
Rehaan Buch,Travel,4635.62,2025-05-06
Mugdha Mane,Team Event,4892.74,2025-09-06
Dakshesh Sandhu,Accommodation,1670.59,2024-12-25
Vedant Dash,Travel,2184.55,2025-08-04
Indrajit Kapoor,Training,3566.82,2025-01-18
Saksham Talwar,Software,3908.38,2025-08-18
Dev Bhagat,Training,726.06,2024-12-21
Kai Goel,Travel,945.95,2025-06-30
Eesha Dasgupta,Training,4268.38,2025-08-09
Isaac Choudhry,Training,593.56,2025-05-15
Indrajit Kapoor,Taxi,2081.02,2025-05-06
Indrajit Kapoor,Hardware,507.13,2025-07-15
Radhika Baral,Taxi,2462.15,2025-11-04
Vedika Mann,Training,3920.29,2025-09-28
Azad Kurian,Internet,1925.28,2025-09-22
Radhika Baral,Travel,1880.20,2025-03-14
Kiaan Lala,Hardware,3405.11,2024-12-02
Nicholas Mukhopadhyay,Travel,975.31,2024-12-12
Vivaan Kannan,Meals,3225.36,2025-10-28
Kiaan Lala,Training,2082.51,2025-09-29
Sarthak Rajagopal,Software,3812.86,2025-08-11
Dayamai Bakshi,Office Supplies,1526.48,2025-04-15
Yashoda Manne,Meals,3145.21,2025-10-11
Dev Bhagat,Software,1776.88,2025-05-07
Yatin Uppal,Taxi,4245.90,2025-01-30
Isaac Choudhry,Training,623.47,2025-02-10
Anika Bansal,Meals,1568.15,2025-03-19
Nidhi Dubey,Accommodation,2176.49,2025-07-21
Daksha Mitter,Internet,3987.07,2025-09-19
Pushti Dalal,Software,2498.15,2025-05-18
Ladli Dalal,Team Event,4626.06,2025-10-07
Wyatt Handa,Meals,938.81,2025-08-12
Onkar Arya,Software,1616.05,2024-12-17
Balvan Bahl,Hardware,917.88,2025-09-24
Ekaraj Buch,Travel,4142.04,2025-03-01
Rudra Sodhi,Hardware,2546.00,2025-06-06
Samar Sharaf,Team Event,3191.70,2025-09-14
Vedika Mann,Hardware,891.21,2025-02-04
Isaac Choudhry,Travel,1712.73,2025-10-05
Charan Devan,Office Supplies,2869.97,2025-10-08
Alexander Bhattacharyya,Accommodation,3805.80,2025-07-22
Rajata Thakkar,Office Supplies,2595.48,2025-07-26
Ansh Chaudry,Travel,2717.48,2025-01-02
Nathaniel Kala,Travel,703.52,2025-03-17
Watika Deo,Accommodation,4078.91,2025-02-08
Hiral Munshi,Office Supplies,1866.45,2025-09-23
Hiral Munshi,Team Event,1756.38,2025-01-31
Dominic Verma,Travel,829.97,2025-08-19
Nathaniel Kala,Travel,2806.27,2025-01-27
Abdul Pillai,Hardware,4671.87,2025-10-12
Tanveer Tripathi,Office Supplies,1951.04,2024-12-19
Daksha Mitter,Hardware,4317.69,2025-08-14
Aayush Sandal,Accommodation,3491.63,2025-07-29
Nirja Sekhon,Team Event,3726.59,2025-06-01
Akshay Kohli,Accommodation,822.02,2025-08-03
Ladli Keer,Office Supplies,714.51,2024-12-26
Anika Bansal,Team Event,793.69,2024-12-14
Devansh Gara,Internet,2812.41,2025-07-04
Rajata Thakkar,Software,4252.69,2025-06-15
Isaac Choudhry,Team Event,2758.54,2025-02-28
Advik Dugar,Accommodation,4379.48,2025-08-26
Kevin Joshi,Hardware,1126.22,2024-12-09
Siddharth Dugal,Internet,1267.68,2025-03-21
Jhalak Bali,Taxi,604.23,2025-04-24
Azad Kurian,Office Supplies,3919.10,2025-03-01
Varsha Nori,Accommodation,2132.08,2025-02-21
Nitara Rama,Training,1370.39,2025-08-07
Jacob Thakkar,Taxi,2339.61,2025-06-16
Ekalinga Dasgupta,Internet,3130.42,2025-08-09
Radhika Baral,Accommodation,2213.47,2025-04-19
Jhalak Bali,Internet,1904.50,2025-08-07
Harinakshi Dhaliwal,Meals,2414.30,2025-04-27
Onkar Arya,Hardware,1389.31,2025-02-07
Divya Deshmukh,Training,2835.98,2025-08-10
Hiral Munshi,Taxi,4827.48,2025-02-27
Madhavi Johal,Office Supplies,2270.24,2025-04-17
Krishna Dara,Accommodation,1794.35,2025-10-20
Widisha Lanka,Travel,1778.09,2025-11-20
Caleb Sood,Meals,2478.58,2025-02-10
Ekaja Kamdar,Meals,2538.41,2025-03-11
Samar Sharaf,Internet,3945.75,2025-04-14
Caleb Sood,Hardware,1954.91,2025-02-19
Vivaan Kannan,Office Supplies,1590.70,2025-10-30
Azad Kurian,Taxi,4884.42,2025-05-18
Balvan Bahl,Training,3201.07,2025-05-25
Alexander Bhattacharyya,Meals,4792.17,2025-02-25
Saksham Talwar,Hardware,1000.87,2025-02-18
Ekalinga Dasgupta,Training,1754.31,2025-01-17
Indali Bhandari,Office Supplies,4365.51,2025-04-09
Varsha Nori,Taxi,1173.21,2025-09-06
Anika Bansal,Travel,758.90,2025-09-15
Madhavi Johal,Office Supplies,2130.79,2025-05-21
Dalaja Wagle,Internet,2645.33,2025-10-13
Faras Dara,Meals,4635.93,2024-12-04
Joshua Purohit,Meals,738.80,2025-04-26
Idika Ganesan,Team Event,4492.75,2025-03-15
Nandini Golla,Taxi,1566.59,2025-08-22
Azad Raghavan,Training,3256.21,2025-01-06
Nandini Golla,Software,1471.72,2025-07-01
Wridesh Magar,Internet,2325.64,2025-06-28
Diya Wali,Hardware,1025.95,2025-11-25
Harinakshi Dhaliwal,Meals,4594.75,2025-02-05
Omisha Murty,Travel,1326.93,2025-09-20
Pushti Dalal,Meals,1823.84,2025-09-12
Nathaniel Kala,Accommodation,4391.46,2025-03-13
Rajata Thakkar,Meals,2823.97,2025-09-24
Harinakshi Dhaliwal,Meals,2864.05,2025-09-20
Azad Kurian,Accommodation,1565.95,2025-02-26
Ladli Dalal,Hardware,3920.97,2025-09-27
Wyatt Handa,Meals,2747.16,2025-10-14
Saksham Talwar,Taxi,3122.42,2025-10-15
Azad Raghavan,Software,3587.54,2025-10-01
Rudra Sodhi,Office Supplies,4630.29,2025-07-20
Watika Kaur,Hardware,4903.22,2025-10-27
Krishna Dara,Accommodation,1606.06,2025-08-25
Siddharth Dugal,Taxi,3070.82,2025-04-14
Watika Deo,Office Supplies,1154.61,2025-01-02
Kevin Joshi,Team Event,2962.58,2025-05-25
Alexander Bhattacharyya,Meals,4342.55,2025-10-29
Yauvani Sengupta,Hardware,1349.80,2025-06-19
Rajata Thakkar,Training,1949.49,2024-12-17
Nicholas Mukhopadhyay,Hardware,3326.74,2025-08-16
Dayamai Bakshi,Meals,3164.56,2025-05-21
Hemani Arora,Accommodation,1220.23,2025-10-16
Azad Kurian,Accommodation,1643.48,2025-10-04
Pushti Dalal,Team Event,941.91,2025-02-26
Saksham Talwar,Travel,1449.74,2025-07-21
Isaac Choudhry,Training,2063.05,2025-09-21
Nirja Sekhon,Office Supplies,1208.42,2025-09-13
Ladli Keer,Training,1350.72,2025-04-26
Dominic Verma,Accommodation,2494.51,2025-10-08
Radhika Baral,Office Supplies,1753.62,2025-07-09
Zaitra Aurora,Team Event,1543.14,2025-08-08
Faras Dara,Training,3089.42,2025-10-29
Mugdha Mane,Meals,4851.75,2025-08-28
Yashoda Manne,Team Event,2053.24,2025-08-17
Robert Mammen,Software,3138.10,2025-09-12
Pushti Dalal,Office Supplies,2216.77,2025-02-17
Shivansh Saran,Internet,3415.04,2025-01-29
Zaitra Aurora,Software,3433.41,2024-12-24
Idika Ganesan,Software,1036.79,2025-03-17
Watika Deo,Accommodation,4682.28,2025-04-19
Chakradev Thakkar,Office Supplies,759.75,2025-06-28
Anika Bansal,Team Event,539.06,2025-02-07
Hiral Munshi,Taxi,3428.91,2025-10-14
Indrajit Kapoor,Accommodation,2011.57,2025-04-27
Krishna Dara,Software,3876.20,2025-05-21
Vivaan Kannan,Accommodation,926.05,2025-03-26
Idika Rastogi,Meals,3943.32,2025-03-17
Ethan Sekhon,Team Event,2694.46,2024-12-19
Ekaja Kamdar,Office Supplies,4065.86,2025-09-27
Dakshesh Sandhu,Office Supplies,3222.08,2025-03-14
Benjamin Zachariah,Internet,4282.81,2025-07-31
Harita Upadhyay,Meals,4486.89,2025-10-29
Ladli Keer,Office Supplies,2695.60,2025-11-13
Saksham Talwar,Training,625.47,2025-01-18
Shivansh Saran,Hardware,4874.25,2025-08-15
Tanveer Tripathi,Software,4749.34,2025-03-25
Omisha Murty,Hardware,3407.37,2024-12-07
Pushti Dalal,Team Event,2449.06,2025-01-27
Faras Dara,Internet,4224.54,2024-12-28
Sarthak Rajagopal,Accommodation,1846.07,2025-07-28
Azad Kurian,Software,3918.52,2025-01-03
Faras Dara,Taxi,1381.29,2025-08-16
Ladli Keer,Hardware,2153.57,2025-03-10
Dalaja Wagle,Hardware,3100.99,2025-11-10
Kai Goel,Hardware,2494.53,2025-01-25
Rajata Thakkar,Training,807.64,2024-12-02
Hiral Munshi,Meals,3764.97,2025-11-04
Eesha Dasgupta,Internet,4334.88,2025-04-06
Bishakha Rout,Team Event,2699.32,2025-01-08
Pushti Dalal,Office Supplies,3176.27,2025-04-11
Yauvani Sengupta,Internet,2787.53,2025-07-29
Ladli Dalal,Hardware,843.38,2025-02-03
Ronith Edwin,Software,4092.10,2025-10-13
Ladli Dalal,Meals,2734.32,2025-11-14
Abhimanyu Kala,Hardware,1440.43,2025-08-03
Diya Wali,Accommodation,3200.45,2024-11-28
Omisha Murty,Hardware,2562.36,2025-03-01
Harita Upadhyay,Internet,3011.39,2024-12-15
Daksha Mitter,Software,3883.91,2025-04-01
Ladli Keer,Meals,3663.83,2025-04-11
Divya Deshmukh,Team Event,1266.02,2025-02-06
Abdul Pillai,Taxi,2140.40,2025-03-21
Indrajit Kapoor,Accommodation,923.27,2025-11-11
Isaac Choudhry,Team Event,965.48,2025-09-10
Ekalinga Dasgupta,Taxi,3181.76,2025-09-06
Anika Bansal,Accommodation,1465.50,2024-12-31
Balvan Bahl,Accommodation,1658.00,2025-10-03
Aayush Sandal,Office Supplies,2938.87,2025-07-25
Vivaan Kannan,Hardware,4509.15,2025-05-25
Yashoda Manne,Training,4139.20,2025-07-30
Anmol Desai,Office Supplies,949.94,2025-08-17
Kevin Joshi,Office Supplies,3281.36,2025-08-03
Anmol Desai,Training,1458.54,2025-05-23
Benjamin Saini,Taxi,3565.51,2025-05-17
Ekaraj Buch,Taxi,3502.21,2025-08-01
Joshua Purohit,Taxi,4567.33,2024-12-22
Jacob Thakkar,Internet,2947.76,2025-07-30
Tanish Oza,Training,2334.86,2025-01-28
Advik Dugar,Office Supplies,4749.40,2025-09-24
Abdul Pillai,Internet,4227.09,2025-06-03
Siddharth Dugal,Hardware,1065.22,2025-04-26
Tanish Oza,Training,2719.13,2025-10-01
Balvan Bahl,Internet,3166.45,2025-01-30
Nidhi Dubey,Taxi,535.13,2025-05-28
Idika Ganesan,Meals,1331.96,2025-05-25
Daksha Mitter,Taxi,2521.88,2025-02-14
Divya Deshmukh,Accommodation,2717.12,2024-12-07
Joshua Purohit,Internet,3053.89,2025-08-01
Rajata Thakkar,Meals,3602.62,2025-07-21
Ekaja Kamdar,Training,808.36,2025-02-03
Advik Dugar,Travel,1970.37,2025-01-17
Abhimanyu Kala,Taxi,2885.67,2025-06-21
Ethan Sekhon,Hardware,2256.56,2024-12-24
Yochana Bora,Training,1144.00,2025-05-18
Yadavi Chander,Meals,4518.14,2025-10-20
Idika Rastogi,Team Event,1832.63,2025-10-08
Tanveer Tripathi,Accommodation,2578.13,2025-02-14
Madhavi Johal,Software,3063.62,2025-01-21
Ladli Dalal,Meals,3391.32,2025-07-07
Tanish Oza,Software,835.18,2025-11-13
Max Gole,Hardware,2006.26,2025-09-15
Akshay Kohli,Training,3110.32,2025-04-03
Bishakha Rout,Team Event,4759.83,2025-06-24
Jhalak Bali,Hardware,1542.03,2024-11-27
Balvan Bahl,Internet,4539.55,2025-05-03
Kai Goel,Office Supplies,2766.93,2025-03-30
Watika Kaur,Accommodation,3012.52,2025-10-25
Mugdha Mane,Accommodation,4066.08,2025-04-14
Benjamin Saini,Travel,1760.09,2025-05-09
Mugdha Mane,Training,4626.12,2025-06-26
Anika Bansal,Taxi,4107.22,2025-05-06
Harita Upadhyay,Hardware,1443.46,2025-07-09
Ronith Edwin,Software,3347.36,2025-01-18
Robert Mammen,Internet,2177.67,2025-04-02
Robert Mammen,Meals,2252.21,2025-01-12
Diya Wali,Internet,2614.51,2025-07-12
Sarthak Rajagopal,Hardware,2330.28,2025-07-04
Anmol Desai,Team Event,727.64,2024-12-03
Azad Raghavan,Meals,1847.95,2025-10-01
Harinakshi Dhaliwal,Hardware,818.60,2025-03-22
Anmol Desai,Internet,4158.97,2025-04-24
Max Gole,Taxi,3757.14,2025-06-24
Watika Kaur,Travel,3383.23,2025-03-31
Nathaniel Kala,Travel,4739.27,2025-03-14
Abdul Pillai,Training,841.12,2025-10-24
Yochana Bora,Software,4207.86,2025-09-24
Shivansh Saran,Team Event,2869.31,2025-02-12
Aayush Sandal,Accommodation,1766.18,2025-04-15
Dakshesh Sandhu,Software,2459.95,2025-07-13
Rajata Thakkar,Team Event,995.29,2025-08-14
Yashoda Manne,Hardware,4240.90,2025-09-19
Onkar Arya,Taxi,3600.59,2025-07-09
Dayamai Bakshi,Software,2238.36,2025-08-18
Idika Ganesan,Meals,1379.83,2025-05-26
Hiral Munshi,Accommodation,3268.27,2025-11-11
Hiral Munshi,Training,1527.09,2025-03-21
Nidhi Dubey,Meals,591.66,2025-09-02
Jacob Thakkar,Travel,4830.06,2025-01-24
Alexander Bhattacharyya,Taxi,2826.31,2024-12-21
Varsha Nori,Office Supplies,3740.14,2025-05-20
Ethan Sekhon,Office Supplies,788.23,2025-03-16
Alexander Bhattacharyya,Taxi,2806.64,2025-01-26
Hiral Munshi,Taxi,3870.78,2025-11-05
Vedant Dash,Accommodation,3402.14,2025-08-20
Rehaan Buch,Meals,4383.53,2025-11-02
Nitara Rama,Travel,4474.13,2025-08-14
Yatin Uppal,Meals,1859.78,2024-12-11
Ekaja Kamdar,Internet,2736.03,2025-10-30
Joshua Purohit,Office Supplies,2317.23,2025-03-07
Abdul Pillai,Meals,3722.68,2025-06-10
Charan Devan,Meals,2563.42,2025-03-28
Ethan Sekhon,Office Supplies,1240.77,2025-03-20
Dakshesh Sandhu,Office Supplies,3944.45,2025-07-04
Azad Kurian,Accommodation,2213.51,2025-02-15
Omisha Murty,Training,1784.01,2025-01-01
Ekaraj Buch,Training,619.97,2025-11-22
Krishna Dara,Travel,1045.94,2025-01-08
Ranbir Panchal,Office Supplies,588.98,2025-04-22
Nidhi Dubey,Internet,2700.70,2025-06-02
Alexander Bhattacharyya,Taxi,4912.18,2024-11-29
Ladli Dalal,Hardware,4755.82,2025-10-16
Zaitra Aurora,Office Supplies,4187.35,2025-01-26
Watika Kaur,Software,879.43,2025-08-18
Kevin Joshi,Travel,2093.14,2025-06-30
Madhavi Johal,Accommodation,2700.07,2025-05-28
Divya Deshmukh,Accommodation,4162.87,2025-04-07
Azad Raghavan,Training,2706.61,2025-10-19
Aayush Sandal,Accommodation,4062.60,2025-08-15
Ranbir Panchal,Internet,951.59,2024-11-30
Devansh Gara,Meals,3094.51,2025-05-02
Azad Kurian,Training,4042.61,2025-07-03
Ronith Edwin,Travel,4023.68,2025-01-13
Ranbir Panchal,Office Supplies,2357.31,2024-12-23
Yauvani Sengupta,Software,2431.74,2025-07-18
Ladli Dalal,Internet,4973.05,2025-01-12
Nirja Sekhon,Hardware,1940.68,2025-08-22
Wridesh Magar,Meals,4025.05,2024-12-12
Tanveer Tripathi,Training,2174.01,2025-07-03
Yadavi Chander,Accommodation,4561.36,2025-06-08
Aayush Sandal,Travel,4403.56,2025-08-27
Ladli Keer,Team Event,2173.41,2025-01-11
Devansh Gara,Office Supplies,2859.07,2025-02-02
Zaitra Aurora,Team Event,2318.33,2025-07-03
Dakshesh Sandhu,Team Event,2182.03,2024-12-30
Aarna Bahri,Software,2061.15,2025-03-24
Kai Goel,Internet,2801.82,2025-10-28
Hiral Munshi,Taxi,727.78,2025-06-10
Nicholas Mukhopadhyay,Software,2427.19,2025-05-27
Indali Bhandari,Taxi,3441.40,2025-09-05
Yashoda Manne,Software,993.12,2025-01-25
Vivaan Kannan,Travel,605.04,2025-07-21
Pushti Dalal,Team Event,1360.92,2025-04-20
Ladli Keer,Accommodation,4455.98,2025-11-17
Rehaan Buch,Taxi,4531.32,2025-05-19
Robert Mammen,Team Event,1489.56,2025-01-10
Ethan Sekhon,Taxi,1760.01,2025-10-01
Indali Bhandari,Accommodation,1278.69,2025-02-21
Omisha Murty,Internet,2701.15,2025-02-12
Dalaja Wagle,Accommodation,4841.78,2025-09-02
Tanveer Tripathi,Software,4804.62,2025-07-06
Jhalak Bali,Team Event,4751.65,2024-12-17
Nidhi Dubey,Office Supplies,889.17,2025-07-27
Harinakshi Dhaliwal,Software,1674.43,2025-06-23
Kiaan Lala,Team Event,803.21,2025-10-07
Watika Kaur,Accommodation,4615.07,2025-03-23
Aayush Sandal,Meals,3191.09,2025-03-30
Rehaan Buch,Meals,1936.27,2025-08-31
Zansi Banik,Travel,3832.20,2025-01-13
Rajeshri Joshi,Meals,2200.66,2025-10-24
Azad Kurian,Software,3550.96,2025-03-28
Ronith Edwin,Internet,2872.66,2025-09-09
Anmol Desai,Taxi,2629.03,2025-02-12
Yauvani Sengupta,Team Event,2385.93,2024-12-26
Diya Wali,Meals,4335.25,2025-09-30
Watika Kaur,Accommodation,3647.81,2025-09-10
Nitara Rama,Office Supplies,3784.72,2025-07-12
Devansh Gara,Meals,2884.20,2025-11-18
Vedant Dash,Software,2431.92,2024-12-20
Samar Sharaf,Training,636.93,2025-05-12
Dev Bhagat,Office Supplies,4385.19,2025-09-23
Omisha Murty,Taxi,4234.64,2025-09-21
Yauvani Sengupta,Travel,2384.26,2025-10-05
Alexander Bhattacharyya,Office Supplies,4034.00,2025-11-22
Madhavi Johal,Taxi,2243.27,2025-01-17
Krishna Dara,Training,3002.03,2025-10-08
Nitara Rama,Software,4617.79,2024-12-02
Diya Wali,Accommodation,2632.11,2025-01-19
Akshay Kohli,Office Supplies,4033.69,2025-04-16
Dakshesh Sandhu,Office Supplies,1604.48,2025-10-28
Mugdha Mane,Hardware,829.35,2025-06-09
Tanveer Tripathi,Team Event,3435.28,2025-03-14
Saksham Talwar,Travel,3957.10,2025-11-19
Shivansh Saran,Software,2399.96,2025-01-27
Anika Bansal,Team Event,2409.71,2025-02-15
Yatin Uppal,Accommodation,3521.40,2025-04-18
Divya Deshmukh,Taxi,1038.03,2025-11-22
Yatin Uppal,Software,4015.97,2025-02-08
Widisha Lanka,Software,3297.06,2025-06-06
Harita Upadhyay,Office Supplies,891.72,2025-09-29
Aarna Bahri,Accommodation,680.82,2025-08-19
Rudra Sodhi,Travel,3451.64,2025-11-10
Max Gole,Taxi,3628.24,2025-02-06
Logan Khurana,Training,1442.37,2025-07-05
Harinakshi Dhaliwal,Travel,1776.05,2025-11-16
Hemani Arora,Office Supplies,2497.23,2025-08-18
Krishna Dara,Meals,764.27,2025-07-22
Kai Goel,Team Event,4806.62,2025-04-10
Yashoda Manne,Office Supplies,2729.88,2025-03-18
Nitara Rama,Taxi,614.41,2025-01-08
Benjamin Saini,Travel,1137.44,2025-03-02
Isaac Choudhry,Accommodation,3949.34,2025-05-15
Samar Sharaf,Accommodation,2993.07,2025-08-05
Onkar Arya,Internet,1162.26,2024-12-15
Benjamin Zachariah,Meals,2690.75,2024-12-17
Zaitra Aurora,Travel,3953.71,2025-03-12
Logan Khurana,Hardware,3600.44,2025-03-23
Dev Bhagat,Accommodation,3836.69,2025-09-12
Rehaan Buch,Meals,2036.67,2025-09-14
Yadavi Chander,Team Event,4332.23,2025-06-24
Madhavi Johal,Hardware,2520.20,2025-10-08
Dayamai Bakshi,Team Event,3493.08,2025-10-07
Watika Kaur,Taxi,2344.69,2025-10-27
Aayush Sandal,Travel,1176.92,2025-02-15
Nitara Rama,Team Event,2773.02,2025-10-02
Harinakshi Dhaliwal,Travel,2577.57,2024-12-28
Azad Raghavan,Hardware,1993.93,2025-08-10
Chakradev Thakkar,Meals,3609.78,2025-05-14
Idika Ganesan,Accommodation,4207.11,2025-03-22
Radhika Baral,Hardware,4165.94,2024-12-04
Abdul Pillai,Training,1357.20,2024-11-25
Mugdha Mane,Meals,2284.23,2025-06-11
Nitara Rama,Accommodation,2619.91,2024-12-05
Shivansh Saran,Internet,3272.76,2025-06-04
Rehaan Buch,Internet,3187.56,2025-09-20
Ekaraj Buch,Internet,2610.72,2025-01-25
Anika Bansal,Travel,1365.72,2025-01-13
Eesha Dasgupta,Software,3267.01,2025-11-05
Nidhi Dubey,Taxi,1824.45,2025-11-10
Yochana Bora,Internet,4361.68,2025-04-15
Dakshesh Sandhu,Training,4764.23,2025-10-18
Faras Dara,Training,1077.03,2025-08-09
Dominic Verma,Accommodation,1457.04,2025-07-31
Anmol Desai,Meals,3359.64,2025-01-13
Yauvani Sengupta,Office Supplies,2480.49,2025-01-27
Madhavi Johal,Taxi,631.25,2025-06-28
Kai Goel,Hardware,2617.36,2025-04-07
Tanveer Tripathi,Internet,1714.11,2025-10-06
Joshua Purohit,Travel,2087.78,2025-09-06
Hiral Munshi,Software,4169.09,2025-10-01
Rudra Sodhi,Travel,3836.52,2025-06-10
Benjamin Zachariah,Accommodation,2398.14,2025-11-03
Yashoda Manne,Software,2706.57,2025-06-14
Dakshesh Sandhu,Office Supplies,3597.18,2025-07-30
Eesha Dasgupta,Software,3929.26,2024-12-02
Dominic Verma,Internet,4239.56,2025-03-23
Alexander Bhattacharyya,Travel,1807.84,2025-06-20
Faras Dara,Accommodation,588.97,2025-06-28
Wyatt Handa,Team Event,2185.36,2025-04-22
Indali Bhandari,Team Event,3410.92,2025-05-11
Devansh Gara,Internet,4354.22,2025-08-27
Nandini Golla,Meals,3025.22,2025-05-08
Rehaan Buch,Office Supplies,743.02,2025-10-24
Dayamai Bakshi,Software,692.20,2025-08-25
Nicholas Mukhopadhyay,Hardware,4910.34,2025-04-09
Varsha Nori,Travel,4972.92,2025-01-07
Ekaja Kamdar,Training,2685.39,2025-04-11
Peter Magar,Accommodation,741.82,2025-05-19
Ekaja Kamdar,Accommodation,4107.16,2025-11-09
Ranbir Panchal,Software,3462.57,2024-12-31
Dev Bhagat,Hardware,1178.35,2025-03-17
Dakshesh Sandhu,Taxi,3189.10,2024-12-21
Dev Bhagat,Hardware,3863.90,2025-03-05
Ronith Edwin,Accommodation,762.22,2025-04-20
Jacob Thakkar,Accommodation,934.69,2024-12-15
Yochana Bora,Accommodation,3631.84,2025-04-07
Wyatt Handa,Travel,1960.26,2025-04-27
Tanish Oza,Team Event,1718.91,2024-12-27
Watika Deo,Office Supplies,1469.63,2025-11-03
Krishna Dara,Hardware,3129.09,2025-06-14
Tanish Oza,Hardware,4040.82,2025-07-08
Ansh Chaudry,Office Supplies,2476.05,2025-06-14
Ekalinga Dasgupta,Software,2518.86,2025-05-13
Indali Bhandari,Office Supplies,3328.60,2025-07-03
Abhimanyu Kala,Internet,4574.31,2025-06-17
Anmol Desai,Training,3258.66,2025-06-24
Samar Sharaf,Taxi,2259.99,2025-11-17
Samar Sharaf,Team Event,3180.89,2025-02-10
Watika Deo,Hardware,3345.64,2024-12-30
Ronith Edwin,Office Supplies,1561.18,2025-07-28
Sarthak Rajagopal,Taxi,4770.66,2025-01-04
Kiaan Lala,Travel,1438.76,2025-05-11
Idika Rastogi,Meals,4718.30,2025-02-11
Abhimanyu Kala,Software,4519.61,2025-08-12
Ranbir Panchal,Office Supplies,4857.73,2025-05-23
Jacob Thakkar,Hardware,2909.54,2025-10-29
Dakshesh Sandhu,Internet,2893.39,2025-10-01
Harinakshi Dhaliwal,Team Event,3469.75,2025-04-28
Ranbir Panchal,Hardware,521.43,2025-06-25
Nidhi Dubey,Software,4181.27,2025-07-28
Yatin Uppal,Internet,3311.52,2025-05-06
Robert Mammen,Team Event,1102.16,2024-12-02
Nathaniel Kala,Training,2830.20,2025-01-02
Indali Bhandari,Team Event,755.11,2024-12-15
Nicholas Mukhopadhyay,Office Supplies,3091.42,2025-03-30
Indali Bhandari,Travel,2712.96,2025-08-06
Hiral Munshi,Accommodation,3679.83,2025-03-11
Balvan Bahl,Meals,2105.91,2025-11-07
Nirja Sekhon,Meals,782.18,2025-05-03
Ladli Keer,Training,2191.76,2025-09-01
Advik Dugar,Software,4252.99,2025-11-18
Nandini Golla,Hardware,2683.16,2025-11-09
Ladli Keer,Accommodation,3901.98,2025-11-08
Bishakha Rout,Taxi,4388.61,2025-07-28
Yochana Bora,Software,2611.06,2025-01-16
Vihaan Sabharwal,Travel,4272.68,2025-07-09
Advik Dugar,Taxi,3438.75,2025-05-17
Kevin Joshi,Team Event,2124.38,2025-08-30
Widisha Lanka,Hardware,727.63,2025-04-11
Isaac Choudhry,Hardware,3282.92,2025-01-20
Nandini Golla,Team Event,2828.54,2025-02-04
Ladli Dalal,Hardware,4894.19,2024-12-14
Sarthak Rajagopal,Office Supplies,4998.91,2025-01-14
Vivaan Kannan,Internet,1476.90,2025-07-18
Hiral Munshi,Accommodation,4613.54,2025-04-16
Varsha Nori,Training,4511.41,2025-11-04
Dalaja Wagle,Taxi,1665.16,2025-04-19
Rajeshri Joshi,Accommodation,1661.23,2025-08-14
Robert Mammen,Travel,4115.99,2025-01-09
Nidhi Dubey,Team Event,663.89,2025-04-12
Kai Goel,Taxi,4766.39,2025-03-19
Wridesh Magar,Travel,1046.44,2025-06-17
Omisha Murty,Accommodation,3552.75,2025-03-07
Kai Goel,Accommodation,3243.72,2025-10-21
Hiral Munshi,Taxi,3486.61,2025-06-30
Aarna Bahri,Training,2833.17,2025-02-13
Ekaraj Buch,Office Supplies,1948.68,2024-12-25
Tanish Oza,Office Supplies,4653.86,2025-04-20
Mugdha Mane,Meals,1591.45,2025-07-21
Jacob Thakkar,Accommodation,4879.51,2025-09-09
Saksham Talwar,Office Supplies,2579.88,2024-12-03
Nirja Sekhon,Accommodation,2850.88,2025-03-22
Max Gole,Training,3475.21,2025-04-17
Dev Bhagat,Travel,3208.06,2025-06-02
Devansh Gara,Taxi,4385.89,2025-07-02
Ladli Keer,Team Event,4771.64,2025-05-04
Kevin Joshi,Training,3328.27,2024-12-24
Ladli Keer,Team Event,2776.78,2025-04-23
Jhalak Bali,Taxi,3796.62,2025-01-04
Jacob Thakkar,Team Event,702.10,2025-08-18
Ansh Chaudry,Software,836.73,2025-07-09
Mugdha Mane,Meals,4004.44,2025-02-02
Dominic Verma,Taxi,4076.77,2025-05-02
Ekaraj Buch,Meals,2950.89,2025-10-30
Vihaan Sabharwal,Meals,730.83,2025-04-26
Aarna Bahri,Office Supplies,4739.45,2025-03-16
Rajeshri Joshi,Accommodation,3909.31,2025-11-01
Harita Upadhyay,Office Supplies,3471.52,2025-07-03
Hiral Munshi,Travel,4317.91,2024-12-15
Faras Dara,Training,1565.30,2025-09-19
Ekalinga Dasgupta,Taxi,2300.68,2025-11-05
Aayush Sandal,Taxi,1382.29,2025-09-24
Nandini Golla,Travel,1477.39,2025-02-15
Hemani Arora,Accommodation,3131.35,2025-03-18
Vedant Dash,Meals,4708.61,2025-05-23
Widisha Lanka,Software,4062.72,2025-11-17
Yochana Bora,Taxi,1728.28,2025-03-24
Benjamin Saini,Internet,4806.24,2025-04-29
Yadavi Chander,Hardware,511.40,2025-05-31
Kevin Joshi,Training,1742.01,2025-10-13
Logan Khurana,Training,3045.35,2025-09-28
Aarna Bahri,Hardware,2914.77,2024-12-11
Vihaan Sabharwal,Hardware,1018.11,2025-06-24
Samar Sharaf,Office Supplies,4669.31,2025-11-08
Bishakha Rout,Travel,4911.69,2025-10-17
Ekaraj Buch,Meals,3790.86,2025-10-24
Ethan Sekhon,Software,1945.80,2025-07-28
Jacob Thakkar,Taxi,3229.22,2025-07-05
Yashoda Manne,Software,4614.08,2025-07-20
Rajeshri Joshi,Internet,2128.75,2024-12-26
Yashoda Manne,Travel,3080.78,2025-10-13
Tanish Oza,Accommodation,2725.63,2025-05-22
Pushti Dalal,Accommodation,520.35,2025-07-22
Vasatika Ahuja,Office Supplies,1337.64,2024-12-11
Rehaan Buch,Internet,3613.42,2025-03-08
Yatin Uppal,Team Event,4103.90,2025-09-27
Azad Raghavan,Software,991.57,2025-08-24
Hiral Munshi,Taxi,3278.49,2025-02-07
Robert Mammen,Travel,3000.16,2024-12-04
Tanish Oza,Travel,4537.16,2025-07-16
Madhavi Johal,Accommodation,3015.10,2024-11-28
Aarna Bahri,Meals,3466.76,2024-12-12
Tanish Oza,Hardware,2231.32,2025-09-01
Dev Bhagat,Team Event,3824.74,2024-12-03
Dayamai Bakshi,Hardware,2231.47,2025-01-05
Advik Dugar,Internet,2167.22,2025-08-08
Aarna Bahri,Software,679.84,2025-07-12
Saksham Talwar,Internet,4797.42,2025-07-16
Nandini Golla,Travel,3653.91,2025-04-14
Nandini Golla,Team Event,1629.47,2025-04-21
Hemani Arora,Training,3628.81,2024-12-01
Anika Bansal,Office Supplies,1484.04,2024-12-21
Omisha Murty,Software,929.57,2024-12-02
Yatin Uppal,Office Supplies,2506.22,2025-07-16
Chakradev Thakkar,Software,4273.65,2025-10-28
Yashoda Manne,Software,1470.73,2025-02-15
Wridesh Magar,Accommodation,1175.76,2025-03-13
Bishakha Rout,Travel,895.67,2024-11-29
Yauvani Sengupta,Internet,1942.65,2025-01-04
Ladli Dalal,Travel,4551.04,2025-10-07
Diya Wali,Training,2453.51,2025-08-26
Tanveer Tripathi,Hardware,3930.33,2025-04-12
Widisha Lanka,Office Supplies,1831.14,2025-03-22
Ronith Edwin,Travel,4985.13,2025-05-18
Yauvani Sengupta,Internet,3211.88,2025-01-02
Nidhi Dubey,Team Event,3221.78,2025-04-18
Divya Deshmukh,Internet,4469.37,2024-12-13
Indrajit Kapoor,Internet,4266.69,2025-04-29
Watika Kaur,Hardware,4293.23,2024-12-01
Aarna Bahri,Travel,2555.60,2025-01-24
Yadavi Chander,Hardware,1662.12,2025-07-21
Rehaan Buch,Internet,4668.35,2025-11-24
Logan Khurana,Internet,3702.75,2025-03-20
Vedant Dash,Meals,1269.39,2025-10-19
Harita Upadhyay,Travel,4043.38,2025-07-01
Ekalinga Dasgupta,Training,1111.83,2025-04-17
Siddharth Dugal,Hardware,694.72,2025-04-01
Watika Deo,Training,4927.64,2025-07-25
Ekalinga Dasgupta,Internet,630.43,2025-02-15
Zaitra Aurora,Office Supplies,1515.79,2025-01-25
Tanish Oza,Team Event,2395.94,2025-09-02
Sarthak Rajagopal,Taxi,1871.05,2025-05-07
Indrajit Kapoor,Meals,2275.17,2025-08-25
Wridesh Magar,Software,3432.36,2024-12-19
Nirja Sekhon,Hardware,2312.47,2024-12-23
Nitara Rama,Meals,2221.22,2025-02-08
Anmol Desai,Team Event,1917.83,2025-09-01
Faras Dara,Office Supplies,2133.52,2025-03-04
Akshay Kohli,Taxi,876.07,2025-07-31
Varsha Nori,Software,2611.82,2025-11-16
Vedika Mann,Travel,2252.94,2025-03-04
Alexander Bhattacharyya,Team Event,990.98,2025-09-16
Wyatt Handa,Team Event,1142.04,2025-03-02
Samar Sharaf,Training,2771.45,2025-03-03
Krishna Dara,Hardware,1552.26,2025-09-02
Azad Kurian,Training,2811.09,2025-02-12
Kai Goel,Software,3412.02,2025-08-20
Tanish Oza,Meals,797.52,2025-03-13
Azad Kurian,Team Event,2796.31,2025-06-22
Rajata Thakkar,Meals,4012.69,2025-07-16
Vasatika Ahuja,Hardware,4766.03,2025-04-06
Nandini Golla,Meals,2875.69,2025-06-14
Samar Sharaf,Software,2654.85,2025-03-12
Dev Bhagat,Accommodation,2445.69,2024-12-08
Kiaan Lala,Software,2333.49,2025-04-08
Krishna Dara,Internet,2297.99,2025-01-23
Yatin Uppal,Team Event,3061.36,2025-11-06
Kai Goel,Office Supplies,1230.07,2025-02-22
Ansh Chaudry,Software,4355.11,2025-11-25
Bishakha Rout,Taxi,1591.70,2025-04-07
Hemani Arora,Team Event,2666.73,2025-04-17
Indali Bhandari,Accommodation,2214.96,2025-07-26
Robert Mammen,Team Event,4622.80,2025-11-11
Diya Wali,Team Event,4632.88,2025-04-06
Zansi Banik,Meals,3365.08,2024-12-25
Akshay Kohli,Office Supplies,4397.51,2025-09-20
Aarna Bahri,Accommodation,1340.10,2025-06-07
Akshay Kohli,Hardware,2933.16,2025-06-10
Ladli Dalal,Travel,2115.28,2025-02-10
Kiaan Lala,Software,4420.63,2025-05-25
Widisha Lanka,Software,1351.74,2025-03-01
Benjamin Saini,Team Event,4088.67,2025-11-22
Nitara Rama,Travel,2649.34,2025-04-20
Nirja Sekhon,Training,4992.04,2025-01-21
Vihaan Sabharwal,Internet,2467.94,2025-10-20
Aayush Sandal,Office Supplies,4662.06,2025-08-29
Varsha Nori,Hardware,4726.52,2025-08-26
Vasatika Ahuja,Team Event,695.15,2025-06-30
Rajata Thakkar,Training,3576.73,2025-07-29
Ranbir Panchal,Training,4347.33,2024-11-25
Aarna Bahri,Software,597.78,2025-10-27
Eesha Dasgupta,Office Supplies,3203.78,2025-05-07
Aayush Sandal,Meals,4608.96,2025-01-22
Manya Soman,Taxi,1270.49,2025-10-11
Madhavi Johal,Meals,2353.87,2025-03-19
Mugdha Mane,Office Supplies,2360.32,2025-07-06
Divya Deshmukh,Internet,2172.75,2025-01-02
Eesha Dasgupta,Software,1073.82,2025-07-19
Azad Raghavan,Team Event,2151.67,2025-07-20
Abdul Pillai,Office Supplies,4633.41,2025-04-02
Ladli Dalal,Meals,3173.11,2025-11-25
Zansi Banik,Training,4038.75,2025-03-01
Jhalak Bali,Internet,3603.80,2025-02-24
Tanish Oza,Training,3717.76,2025-08-30
Madhavi Johal,Travel,3774.44,2025-02-10
Rudra Sodhi,Internet,572.57,2024-12-28
Benjamin Zachariah,Office Supplies,937.37,2025-03-27
Pushti Dalal,Training,1340.82,2025-09-05
Logan Khurana,Internet,845.22,2025-06-12
Nicholas Mukhopadhyay,Office Supplies,3449.57,2025-04-09
Ethan Sekhon,Team Event,3129.93,2025-01-19
Nirja Sekhon,Hardware,4695.73,2025-10-28
Krishna Dara,Travel,4054.76,2025-04-03
Nicholas Mukhopadhyay,Team Event,4153.99,2025-06-20
Yadavi Chander,Training,4667.93,2025-04-12
Joshua Purohit,Taxi,1903.55,2025-08-11
Aarna Bahri,Office Supplies,3970.72,2025-03-17
Benjamin Zachariah,Travel,2219.82,2025-02-06
Nicholas Mukhopadhyay,Meals,4571.19,2025-01-19
Shivansh Saran,Hardware,2659.52,2025-01-22
Samar Sharaf,Hardware,3893.92,2025-09-16
Dominic Verma,Travel,508.99,2025-02-08
Wridesh Magar,Travel,4098.66,2025-06-20
Nitara Rama,Training,1236.26,2025-06-09
Benjamin Zachariah,Hardware,2640.31,2025-05-07
Ladli Keer,Office Supplies,4579.00,2025-07-09
Vedika Mann,Accommodation,1720.07,2024-12-29
Mugdha Mane,Software,2633.52,2025-06-11
Abdul Pillai,Training,2637.18,2025-10-16
Shivansh Saran,Travel,3709.96,2025-04-12
Caleb Sood,Hardware,2420.38,2025-02-18
Zaitra Aurora,Training,1090.72,2025-08-27
Yashoda Manne,Team Event,2280.02,2025-09-07
Dayamai Bakshi,Software,1083.27,2025-11-14
Dev Bhagat,Hardware,3329.57,2025-08-10
Daksha Mitter,Meals,990.08,2025-10-05
Siddharth Dugal,Team Event,2769.93,2025-08-03
Sarthak Rajagopal,Software,2853.03,2025-04-05
Ekaja Kamdar,Software,3413.90,2025-05-24
Ekalinga Dasgupta,Office Supplies,1517.27,2025-06-23
Ranbir Panchal,Internet,3690.07,2025-04-24
Azad Raghavan,Travel,4509.29,2025-06-10
Varsha Nori,Software,3109.92,2025-10-31
Rajata Thakkar,Taxi,3443.87,2025-01-07
Akshay Kohli,Taxi,2003.65,2025-06-17
Nicholas Mukhopadhyay,Taxi,3927.97,2025-02-26
Ethan Sekhon,Travel,2749.94,2025-03-24
Indrajit Kapoor,Accommodation,2173.53,2025-01-12
Dakshesh Sandhu,Taxi,1918.26,2025-10-16
Idika Ganesan,Training,3043.48,2025-01-06
Ronith Edwin,Taxi,1538.59,2025-06-04
Jacob Thakkar,Internet,2970.66,2025-09-23
Pushti Dalal,Team Event,541.47,2024-12-16
Benjamin Saini,Meals,3238.52,2024-12-25
Abdul Pillai,Office Supplies,2438.27,2025-07-12
Joshua Purohit,Internet,3231.48,2025-08-04
Caleb Sood,Office Supplies,3698.41,2025-09-08
Sarthak Rajagopal,Software,1165.93,2025-09-10
Yauvani Sengupta,Office Supplies,2423.93,2025-01-04
Alexander Bhattacharyya,Hardware,2876.93,2025-10-11
Vedant Dash,Taxi,1798.32,2025-08-10
Hemani Arora,Meals,2161.54,2025-05-20
Ekaraj Buch,Meals,1556.27,2025-01-13
Benjamin Zachariah,Meals,3290.33,2024-11-25
Saksham Talwar,Internet,4872.75,2025-08-12
Kevin Joshi,Team Event,2223.92,2025-02-02
Siddharth Dugal,Software,993.70,2025-01-21
Harita Upadhyay,Training,1290.16,2025-05-01
Logan Khurana,Training,4339.45,2025-06-14
Rajata Thakkar,Meals,2352.04,2025-03-17
Vedant Dash,Team Event,3623.29,2025-07-10
Daksha Mitter,Meals,2164.48,2025-06-29
Azad Raghavan,Meals,1118.02,2025-08-03
Hiral Munshi,Accommodation,2369.08,2025-04-19
Nirja Sekhon,Software,1605.37,2025-10-28
Yashoda Manne,Software,2520.72,2025-04-14
Indrajit Kapoor,Training,4501.29,2025-11-10
Zansi Banik,Travel,1835.91,2025-07-29
Caleb Sood,Meals,1336.32,2025-01-18
Dalaja Wagle,Hardware,4269.85,2025-04-13
Ekaraj Buch,Accommodation,1820.85,2025-11-14
Krishna Dara,Training,2026.98,2024-12-30
Benjamin Zachariah,Office Supplies,2512.66,2024-12-29
Pushti Dalal,Internet,3914.36,2025-04-27
Radhika Baral,Software,903.53,2025-04-23
Caleb Sood,Training,3237.88,2025-04-01
Harita Upadhyay,Accommodation,1630.97,2025-06-06
Indali Bhandari,Accommodation,1141.08,2025-01-07
Daksha Mitter,Meals,3726.18,2025-10-21
Pushti Dalal,Taxi,4594.45,2025-02-12
Kiaan Lala,Accommodation,1173.11,2025-09-04
Siddharth Dugal,Travel,1651.66,2025-05-04
Varsha Nori,Team Event,3599.90,2024-12-02
Jacob Thakkar,Office Supplies,1285.26,2025-02-14
Dominic Verma,Travel,2338.89,2025-10-02
Pushti Dalal,Accommodation,865.20,2025-06-16
Dakshesh Sandhu,Training,4291.87,2025-06-27
Watika Kaur,Team Event,838.65,2025-06-19
Wyatt Handa,Internet,1680.32,2024-12-06
Aarna Bahri,Software,3409.54,2025-10-02
Logan Khurana,Hardware,4040.15,2025-02-27
Watika Kaur,Accommodation,4615.60,2025-07-12
Aayush Sandal,Accommodation,733.85,2025-03-22
Ekalinga Dasgupta,Software,4360.15,2025-08-11
Ranbir Panchal,Taxi,1677.99,2025-04-21
Bishakha Rout,Meals,4771.05,2025-10-29
Widisha Lanka,Hardware,2278.64,2025-09-13
Ethan Sekhon,Hardware,1763.29,2025-08-02
Dalaja Wagle,Travel,2669.67,2025-05-08
Aayush Sandal,Team Event,3936.16,2025-05-23
Madhavi Johal,Internet,699.09,2025-11-17
Diya Wali,Taxi,4406.66,2025-01-05
Anmol Desai,Accommodation,997.73,2025-08-30
Yauvani Sengupta,Hardware,3520.88,2025-04-04
Nathaniel Kala,Team Event,3217.50,2025-07-26
Yochana Bora,Software,2382.94,2025-05-22
Ethan Sekhon,Internet,4672.41,2025-07-23
Akshay Kohli,Office Supplies,2183.99,2025-05-16
Ekalinga Dasgupta,Software,1077.57,2025-09-16
Azad Kurian,Training,1916.18,2025-04-11
Samar Sharaf,Accommodation,3412.99,2024-12-08
Yauvani Sengupta,Meals,2942.05,2025-08-16
Yauvani Sengupta,Internet,1553.76,2025-05-06
Isaac Choudhry,Internet,4392.72,2025-03-05
Ladli Dalal,Meals,4961.34,2025-09-13
Saksham Talwar,Hardware,1898.62,2025-07-04
Rehaan Buch,Meals,2275.54,2025-07-20
Siddharth Dugal,Training,1537.84,2025-01-18
Zansi Banik,Travel,3409.60,2025-10-06
Diya Wali,Travel,2725.93,2025-03-12
Watika Kaur,Internet,1461.13,2025-07-26
Nathaniel Kala,Software,1202.82,2025-11-02
Faras Dara,Taxi,2508.79,2025-08-18
Anika Bansal,Training,3008.73,2025-08-05
Hemani Arora,Software,3793.94,2025-05-28
Peter Magar,Software,4541.28,2025-08-29
Nandini Golla,Taxi,2806.91,2025-01-30
Max Gole,Accommodation,4001.53,2025-10-31
Charan Devan,Team Event,3310.18,2025-07-20
Indali Bhandari,Travel,3514.57,2025-06-25
Benjamin Zachariah,Meals,1149.80,2025-04-25
Samar Sharaf,Software,1289.42,2025-01-27
Omisha Murty,Software,4513.82,2025-06-04
Ekaja Kamdar,Accommodation,1612.38,2025-06-20
Dev Bhagat,Office Supplies,4886.55,2025-05-01
Yadavi Chander,Travel,4469.84,2024-12-25
Kevin Joshi,Training,1706.66,2025-08-05
Ranbir Panchal,Travel,1521.57,2025-04-28
Nandini Golla,Software,4864.20,2025-11-01
Yauvani Sengupta,Taxi,1486.26,2025-03-18
Indali Bhandari,Hardware,3397.95,2025-11-23
Rehaan Buch,Team Event,1784.39,2025-11-14
Devansh Gara,Hardware,1787.92,2025-02-14
Indrajit Kapoor,Internet,2522.72,2025-07-13
Sarthak Rajagopal,Training,4503.95,2025-05-24
Saksham Talwar,Software,2713.32,2025-04-20
Nandini Golla,Training,2280.48,2025-08-28
Anmol Desai,Taxi,3269.49,2025-07-20
Ladli Keer,Training,2501.02,2025-05-25
Dalaja Wagle,Taxi,1999.66,2025-07-02
Anika Bansal,Hardware,2816.09,2024-11-26
Indrajit Kapoor,Internet,2179.48,2025-05-04
Nirja Sekhon,Hardware,2517.05,2024-12-12
Charan Devan,Software,3439.34,2025-09-14
Ekalinga Dasgupta,Team Event,3056.14,2025-03-09
Aayush Sandal,Accommodation,4274.53,2025-02-13
Vedika Mann,Travel,4470.35,2025-03-09
Yadavi Chander,Accommodation,1443.10,2025-01-20
Tanish Oza,Hardware,3470.09,2025-07-29
Yauvani Sengupta,Training,2247.47,2025-10-28
Isaac Choudhry,Team Event,3573.67,2025-03-06
Yatin Uppal,Office Supplies,711.28,2025-03-26
Ekalinga Dasgupta,Team Event,1655.34,2025-03-13
Eesha Dasgupta,Taxi,1190.35,2025-05-19
Watika Kaur,Travel,951.97,2025-06-09
Balvan Bahl,Training,3313.11,2025-03-12
Widisha Lanka,Taxi,3584.19,2025-07-12
Sarthak Rajagopal,Meals,2337.31,2024-12-16
Tanish Oza,Meals,1218.40,2025-07-20
Max Gole,Internet,2892.02,2025-11-14
Abhimanyu Kala,Software,4315.91,2025-07-09
Zaitra Aurora,Software,2031.31,2025-10-09
Yatin Uppal,Travel,3917.02,2025-05-11
Azad Kurian,Taxi,2483.53,2025-01-20
Balvan Bahl,Hardware,3333.84,2025-04-17
Isaac Choudhry,Office Supplies,2909.75,2025-01-16
Nandini Golla,Internet,2010.91,2025-06-11
Pushti Dalal,Accommodation,4296.12,2025-10-19
Ekaraj Buch,Accommodation,4262.97,2025-01-14
Dakshesh Sandhu,Office Supplies,4965.66,2025-08-24
Zansi Banik,Accommodation,1011.31,2025-09-22
Aayush Sandal,Taxi,2902.96,2025-11-24
Nitara Rama,Software,3218.32,2025-06-17
Anika Bansal,Software,4839.40,2025-02-25
Dev Bhagat,Travel,2707.47,2025-08-10
Ladli Dalal,Training,4057.54,2025-07-01
Daksha Mitter,Taxi,632.93,2025-04-29
Zansi Banik,Meals,1931.83,2025-02-19
Indrajit Kapoor,Office Supplies,1992.97,2025-01-28
Harita Upadhyay,Team Event,4246.90,2025-07-10
Diya Wali,Training,3991.41,2025-05-07
Benjamin Zachariah,Office Supplies,4271.27,2025-01-20
Dalaja Wagle,Travel,4781.16,2024-12-12
Rajeshri Joshi,Accommodation,1459.30,2025-04-06
Faras Dara,Accommodation,1229.76,2025-05-03
Hemani Arora,Accommodation,4820.30,2025-08-09
Diya Wali,Taxi,640.72,2024-12-31
Ladli Keer,Accommodation,2142.70,2025-06-26
Jacob Thakkar,Accommodation,686.58,2025-09-04
Benjamin Zachariah,Meals,4607.36,2025-02-15
Aayush Sandal,Hardware,2360.60,2025-02-17
Radhika Baral,Hardware,1954.47,2025-10-26
Samar Sharaf,Office Supplies,852.60,2025-07-30
Zansi Banik,Training,4341.92,2024-12-22
Abdul Pillai,Office Supplies,4077.23,2025-01-28
Hemani Arora,Hardware,4515.65,2025-05-24
Chakradev Thakkar,Internet,1296.39,2025-01-27
Dev Bhagat,Team Event,4714.12,2025-09-19
Aarna Bahri,Taxi,3317.25,2025-02-22
Peter Magar,Internet,3722.29,2025-01-02
Ladli Keer,Software,4390.82,2025-05-26
Hemani Arora,Meals,2548.24,2025-08-21
Omisha Murty,Accommodation,4725.06,2024-12-21
Akshay Kohli,Team Event,3750.12,2024-12-11
Benjamin Saini,Travel,3602.94,2025-03-03
Benjamin Zachariah,Training,2610.77,2025-06-02
Robert Mammen,Training,4451.65,2025-05-18
Zansi Banik,Training,3948.36,2025-10-10
Madhavi Johal,Office Supplies,4295.07,2025-02-01
Ethan Sekhon,Software,2421.71,2025-10-12
Jacob Thakkar,Meals,768.90,2025-02-02
Nicholas Mukhopadhyay,Office Supplies,2843.46,2025-01-13
Saksham Talwar,Team Event,4097.82,2025-05-14
Rajata Thakkar,Taxi,1450.50,2025-11-02
Alexander Bhattacharyya,Meals,2407.33,2025-04-10
Yochana Bora,Travel,2259.90,2025-08-28
Alexander Bhattacharyya,Meals,4931.65,2025-08-24
Idika Rastogi,Hardware,1083.92,2024-12-17
Samar Sharaf,Internet,672.15,2025-07-25
Isaac Choudhry,Training,553.71,2025-08-24
Jacob Thakkar,Travel,712.14,2025-03-24
Vasatika Ahuja,Internet,4366.60,2024-11-25
Anika Bansal,Taxi,874.74,2025-11-07
Radhika Baral,Office Supplies,1133.26,2025-08-03
Joshua Purohit,Software,4584.08,2025-08-08
Idika Rastogi,Software,1806.67,2024-11-26
Dalaja Wagle,Software,2931.81,2025-10-31
Zaitra Aurora,Travel,3096.31,2025-05-23
Wyatt Handa,Office Supplies,1095.36,2025-09-26
Ekaja Kamdar,Training,4467.32,2025-09-05
Omisha Murty,Accommodation,1063.15,2025-10-07
Robert Mammen,Internet,3058.22,2025-11-19
Ronith Edwin,Meals,2958.79,2025-01-25
Onkar Arya,Hardware,858.00,2025-04-09
Siddharth Dugal,Team Event,1008.03,2025-09-12
Kevin Joshi,Taxi,2316.33,2025-08-22
Harinakshi Dhaliwal,Travel,3684.29,2025-08-14
Devansh Gara,Hardware,2651.08,2025-08-01
Peter Magar,Office Supplies,724.49,2025-01-04
Sarthak Rajagopal,Office Supplies,3242.30,2025-11-16
Abdul Pillai,Meals,1880.15,2025-03-14
Idika Rastogi,Hardware,2397.63,2025-08-26
Indali Bhandari,Meals,3570.84,2025-05-19
Indali Bhandari,Meals,1553.13,2025-03-28
Azad Kurian,Taxi,3437.71,2025-10-13
Charan Devan,Office Supplies,1084.26,2025-05-31
Joshua Purohit,Taxi,1236.25,2025-09-23
Ekaraj Buch,Software,2901.02,2025-11-07
Watika Kaur,Internet,1923.01,2024-12-16
Logan Khurana,Accommodation,1704.16,2025-11-02
Kai Goel,Training,3387.78,2025-02-07
Watika Deo,Hardware,1010.64,2025-05-18
Radhika Baral,Internet,4444.26,2025-04-04
Widisha Lanka,Internet,3375.89,2025-05-07
Kai Goel,Meals,4328.24,2024-12-25
Tanish Oza,Taxi,2183.48,2025-11-06
Varsha Nori,Meals,4720.90,2025-09-06
Yauvani Sengupta,Taxi,3358.26,2025-05-18
Alexander Bhattacharyya,Software,4477.59,2025-03-25
Faras Dara,Accommodation,3635.87,2025-01-08
Rajeshri Joshi,Training,3302.62,2025-07-25
Ethan Sekhon,Taxi,4634.70,2025-04-07
Dominic Verma,Accommodation,1186.82,2025-02-04
Isaac Choudhry,Training,1128.88,2025-04-03
Aayush Sandal,Training,3714.82,2025-06-29
Omisha Murty,Meals,3573.36,2025-09-05
Peter Magar,Software,4124.57,2025-10-15
Tanveer Tripathi,Team Event,1382.28,2024-11-27
Daksha Mitter,Accommodation,4345.58,2025-02-11
Madhavi Johal,Taxi,729.79,2025-06-14
Aarna Bahri,Travel,4315.45,2025-04-16
Anmol Desai,Training,832.20,2025-05-07
Hiral Munshi,Internet,4634.10,2025-07-13
Isaac Choudhry,Internet,4849.96,2025-09-30
Vihaan Sabharwal,Internet,3563.02,2025-08-22
Harinakshi Dhaliwal,Meals,692.12,2025-02-22
Anika Bansal,Training,1698.15,2025-08-16
Mugdha Mane,Meals,3015.52,2025-06-27
Faras Dara,Office Supplies,4718.53,2025-06-03
Kai Goel,Meals,3565.71,2025-10-30
Rehaan Buch,Office Supplies,1551.30,2024-12-20
Vedika Mann,Training,3117.28,2025-07-11
Joshua Purohit,Team Event,3704.47,2025-11-14
Samar Sharaf,Accommodation,864.76,2025-04-19
Akshay Kohli,Accommodation,3499.50,2025-10-09
Nathaniel Kala,Office Supplies,1485.23,2025-11-23
Tanveer Tripathi,Accommodation,4699.05,2025-02-12
Widisha Lanka,Office Supplies,2187.22,2025-06-24
Ekaraj Buch,Software,1514.10,2025-08-26
Ekaja Kamdar,Office Supplies,3602.02,2025-01-28
Krishna Dara,Accommodation,3490.06,2025-02-02
Bishakha Rout,Training,2223.76,2025-11-01
Charan Devan,Hardware,1168.64,2025-10-18
Idika Rastogi,Travel,2500.41,2025-08-27
Akshay Kohli,Accommodation,3655.26,2025-01-30
Diya Wali,Software,3010.73,2025-02-06
Ranbir Panchal,Internet,4702.72,2024-12-03
Chakradev Thakkar,Accommodation,3505.74,2025-03-03
Yadavi Chander,Travel,2079.34,2025-01-16
Benjamin Zachariah,Training,1864.82,2025-03-20
Ranbir Panchal,Meals,2419.95,2024-11-29
Zansi Banik,Team Event,4001.87,2025-11-25
Idika Rastogi,Travel,2395.70,2025-09-11
Vivaan Kannan,Training,2884.26,2025-04-22
Indali Bhandari,Office Supplies,4053.30,2024-12-29
Ladli Dalal,Team Event,3795.81,2025-08-02
Yashoda Manne,Software,825.87,2025-06-13
Vivaan Kannan,Team Event,4460.93,2025-02-03
Yochana Bora,Office Supplies,4329.57,2025-05-22
Nirja Sekhon,Taxi,1935.37,2025-06-24
Caleb Sood,Team Event,4775.28,2025-01-12
Aayush Sandal,Office Supplies,1211.58,2025-05-24
Vasatika Ahuja,Accommodation,4014.81,2025-02-13
Zansi Banik,Hardware,1487.40,2025-03-23
Kiaan Lala,Hardware,2789.03,2025-03-14
Abhimanyu Kala,Team Event,3386.13,2025-09-17
Hemani Arora,Hardware,2669.05,2025-03-26
Ranbir Panchal,Office Supplies,2664.78,2025-05-09
Dev Bhagat,Training,3590.42,2025-05-30
Pushti Dalal,Accommodation,4883.05,2025-11-11
Charan Devan,Training,3388.74,2025-04-01
Rajata Thakkar,Accommodation,4132.26,2025-05-03
Divya Deshmukh,Taxi,3712.73,2024-11-30
Watika Deo,Office Supplies,3398.79,2025-08-26
Idika Ganesan,Taxi,845.89,2025-09-27
Charan Devan,Travel,1352.63,2025-09-07
Wridesh Magar,Meals,3290.63,2025-06-03
Logan Khurana,Hardware,3762.10,2025-10-08
Vihaan Sabharwal,Accommodation,1286.35,2025-02-14
Alexander Bhattacharyya,Taxi,4839.54,2025-11-13
Indrajit Kapoor,Travel,3627.63,2025-02-11
Pushti Dalal,Travel,1133.21,2025-05-07
Isaac Choudhry,Hardware,2894.60,2025-06-29
Ekalinga Dasgupta,Travel,2194.25,2024-12-28
Caleb Sood,Accommodation,1055.70,2025-01-17
Nirja Sekhon,Software,3117.74,2025-11-03
Ranbir Panchal,Team Event,3605.32,2025-05-28
Varsha Nori,Taxi,4615.42,2025-02-10
Aayush Sandal,Office Supplies,1665.58,2025-09-06
Ladli Dalal,Team Event,3419.82,2025-09-11
Harita Upadhyay,Hardware,3132.60,2025-11-23
Robert Mammen,Software,3223.40,2025-02-23
Abdul Pillai,Travel,3298.91,2025-10-04
Faras Dara,Travel,2183.37,2025-03-12
Divya Deshmukh,Internet,876.39,2025-04-09
Ladli Dalal,Internet,3158.92,2025-01-01
Abdul Pillai,Office Supplies,3376.94,2025-02-01
Widisha Lanka,Internet,1431.86,2025-01-16
Omisha Murty,Office Supplies,2836.34,2025-09-20
Ekaraj Buch,Hardware,964.19,2025-05-07
Dominic Verma,Training,1707.44,2025-07-13
Isaac Choudhry,Meals,1335.03,2025-07-10
Aayush Sandal,Accommodation,3492.70,2025-10-25
Wridesh Magar,Travel,4438.01,2025-03-17
Aayush Sandal,Travel,3176.47,2025-08-08
Faras Dara,Accommodation,1679.03,2025-02-06
Aarna Bahri,Meals,3512.33,2025-01-17
Shivansh Saran,Training,739.75,2025-06-05
Alexander Bhattacharyya,Team Event,3500.57,2025-11-09
Madhavi Johal,Training,1030.76,2025-07-15
Dayamai Bakshi,Software,3933.80,2025-04-13
Ekaja Kamdar,Meals,588.48,2025-07-15
Shivansh Saran,Team Event,3318.12,2025-04-25
Yauvani Sengupta,Travel,1604.83,2024-12-12
Ansh Chaudry,Team Event,1012.73,2025-08-31
Nitara Rama,Hardware,967.38,2024-12-19
Sarthak Rajagopal,Accommodation,918.19,2025-09-01
Hemani Arora,Taxi,4703.81,2025-07-17
Yochana Bora,Taxi,841.29,2025-03-12
Caleb Sood,Accommodation,4402.77,2025-03-03
Ekalinga Dasgupta,Travel,3228.53,2025-07-30
Pushti Dalal,Software,2749.70,2025-05-22
Ekaraj Buch,Internet,2589.34,2025-07-13
Onkar Arya,Accommodation,2801.02,2025-04-14
Dev Bhagat,Internet,1110.33,2025-05-17
Balvan Bahl,Taxi,3995.26,2024-12-22
Bishakha Rout,Office Supplies,2791.37,2025-10-22
Advik Dugar,Taxi,2978.85,2025-03-29
Sarthak Rajagopal,Team Event,2308.27,2025-02-02
Radhika Baral,Taxi,1888.88,2025-11-16
Vasatika Ahuja,Taxi,1236.43,2025-08-23
Chakradev Thakkar,Travel,1132.60,2025-09-13
Aayush Sandal,Software,557.15,2024-12-27
Sarthak Rajagopal,Office Supplies,4057.60,2025-02-03
Wyatt Handa,Office Supplies,2107.38,2025-02-15
Nandini Golla,Software,2496.55,2025-01-12
Chakradev Thakkar,Hardware,975.83,2025-03-05
Nirja Sekhon,Hardware,823.06,2025-10-26
Ekaja Kamdar,Taxi,917.05,2025-07-18
Benjamin Zachariah,Accommodation,952.88,2025-02-12
Ekaja Kamdar,Office Supplies,4746.63,2025-04-18
Logan Khurana,Meals,2207.90,2025-06-25
Ronith Edwin,Team Event,3576.38,2025-06-27
Hiral Munshi,Office Supplies,1980.98,2025-04-26
Dev Bhagat,Office Supplies,2157.42,2025-10-09
Ekaraj Buch,Internet,4058.47,2025-03-08
Ekalinga Dasgupta,Taxi,4808.78,2025-07-04
Hiral Munshi,Taxi,4485.90,2025-10-14
Jhalak Bali,Internet,4513.72,2025-08-08
Anika Bansal,Office Supplies,2921.08,2025-04-02
Krishna Dara,Office Supplies,1973.83,2025-02-27
Zaitra Aurora,Meals,1996.24,2025-03-08
Tanish Oza,Training,719.45,2025-05-05
Alexander Bhattacharyya,Hardware,2333.01,2025-03-07
Anika Bansal,Office Supplies,3198.55,2025-06-13
Sarthak Rajagopal,Office Supplies,1134.74,2025-08-21
Onkar Arya,Accommodation,4205.93,2025-07-01
Jhalak Bali,Team Event,1556.29,2025-03-28
Watika Deo,Accommodation,1498.23,2025-05-05
Dayamai Bakshi,Accommodation,1135.22,2025-04-07
Divya Deshmukh,Hardware,1613.07,2025-05-19
Hemani Arora,Taxi,1730.09,2025-02-16
Idika Rastogi,Meals,745.86,2025-05-15
Indali Bhandari,Hardware,1947.44,2025-07-05
Krishna Dara,Accommodation,2385.08,2025-05-25
Samar Sharaf,Meals,4670.71,2025-01-28
Diya Wali,Internet,814.57,2025-11-24
Benjamin Zachariah,Meals,2944.99,2025-03-02
Wyatt Handa,Taxi,3786.81,2024-12-29
Ansh Chaudry,Hardware,2692.72,2025-06-19
Manya Soman,Taxi,2243.00,2025-09-21
Isaac Choudhry,Travel,3285.05,2025-02-15
Wridesh Magar,Training,4078.35,2025-03-04
Dalaja Wagle,Team Event,2909.09,2025-05-17
Ekalinga Dasgupta,Meals,604.30,2025-09-12
Dakshesh Sandhu,Training,4017.82,2025-07-25
Madhavi Johal,Software,790.92,2025-07-30
Chakradev Thakkar,Office Supplies,4601.83,2025-10-13
Anmol Desai,Internet,4409.86,2025-03-30
Indrajit Kapoor,Accommodation,4325.78,2024-11-27
Ekaraj Buch,Accommodation,4076.39,2025-06-02
Abdul Pillai,Training,4653.99,2024-11-25
Ronith Edwin,Meals,3185.10,2025-08-27
Aarna Bahri,Accommodation,3454.30,2025-10-26
Madhavi Johal,Accommodation,870.16,2025-11-02
Nitara Rama,Software,3752.07,2025-05-03
Anika Bansal,Accommodation,2321.57,2025-05-16
Varsha Nori,Training,3824.27,2025-06-01
Charan Devan,Travel,3772.21,2025-03-15
Indrajit Kapoor,Hardware,3040.95,2025-03-08
Idika Ganesan,Meals,1591.93,2025-06-17
Vedant Dash,Hardware,3304.84,2025-06-20
Aarna Bahri,Team Event,947.66,2025-01-18
Tanish Oza,Software,627.12,2025-03-22
Radhika Baral,Team Event,1586.09,2024-12-26
Logan Khurana,Software,3411.12,2025-06-09
Mugdha Mane,Travel,4754.40,2025-11-22
Advik Dugar,Taxi,2584.89,2025-06-11
Sarthak Rajagopal,Accommodation,2092.06,2025-10-31
Peter Magar,Training,4352.11,2025-01-08
Azad Kurian,Training,3589.36,2025-10-17
Idika Rastogi,Software,2898.72,2025-02-07
Isaac Choudhry,Accommodation,1517.78,2025-05-28
Shivansh Saran,Software,1107.03,2025-10-02
Shivansh Saran,Software,2127.81,2024-12-07
Jhalak Bali,Team Event,4499.08,2025-05-30
Peter Magar,Hardware,1145.69,2025-09-22
Akshay Kohli,Team Event,4600.51,2025-03-03
Onkar Arya,Software,1833.92,2025-07-09
Ladli Keer,Accommodation,1932.30,2025-09-26
Yadavi Chander,Team Event,2466.51,2024-12-12
Peter Magar,Meals,3690.72,2025-09-16
Abdul Pillai,Internet,4354.68,2025-04-20
Devansh Gara,Hardware,2713.01,2025-10-08
Shivansh Saran,Internet,1202.46,2025-01-28
Nidhi Dubey,Accommodation,551.07,2025-08-09
Zansi Banik,Taxi,1958.98,2024-12-09
Ladli Dalal,Training,3242.92,2025-01-16
Abhimanyu Kala,Internet,3342.11,2025-01-09
Yadavi Chander,Software,4934.94,2024-12-24
Radhika Baral,Software,3624.64,2025-05-03
Kevin Joshi,Training,553.81,2025-06-13
Rudra Sodhi,Internet,2791.22,2025-05-11
Azad Kurian,Meals,4961.37,2025-05-07
Idika Rastogi,Software,636.76,2025-07-17
Advik Dugar,Training,4605.04,2025-06-17
Tanveer Tripathi,Hardware,4531.83,2025-01-24
Tanveer Tripathi,Internet,1312.22,2025-11-01
Ekaraj Buch,Travel,1038.22,2025-07-11
Ethan Sekhon,Team Event,3261.35,2025-05-02
Yatin Uppal,Internet,3604.26,2025-03-11
Vasatika Ahuja,Meals,3365.66,2025-03-24
Siddharth Dugal,Hardware,4664.80,2025-02-25
Tanveer Tripathi,Internet,2824.02,2025-02-08
Yadavi Chander,Taxi,4841.18,2025-10-30
Dayamai Bakshi,Meals,3069.77,2025-03-17
Ladli Keer,Travel,2439.54,2025-11-04
Diya Wali,Training,4634.78,2025-01-13
Eesha Dasgupta,Office Supplies,571.71,2025-05-21
Vedant Dash,Travel,942.50,2025-10-10
Dalaja Wagle,Internet,4317.26,2025-11-23
Devansh Gara,Travel,3634.56,2025-08-27
Azad Raghavan,Taxi,3089.06,2024-12-17
Logan Khurana,Travel,1446.23,2025-05-28
Zaitra Aurora,Software,3686.68,2025-07-29
Rajeshri Joshi,Taxi,1143.34,2025-03-29
Samar Sharaf,Office Supplies,2591.04,2025-04-18
Yochana Bora,Hardware,1062.07,2025-01-28
Kevin Joshi,Taxi,3031.47,2025-04-05
Aayush Sandal,Training,2517.37,2024-12-20
Madhavi Johal,Software,2285.88,2025-09-11
Madhavi Johal,Taxi,4086.56,2025-09-28
Ladli Keer,Hardware,1389.51,2025-03-07
Kai Goel,Team Event,1021.43,2025-02-12
Sarthak Rajagopal,Meals,4299.98,2025-03-02
Jhalak Bali,Office Supplies,2222.91,2025-03-31
Tanveer Tripathi,Software,541.29,2025-11-11
Onkar Arya,Meals,2891.54,2025-08-11
Dakshesh Sandhu,Hardware,4240.14,2025-02-21
Jacob Thakkar,Accommodation,3638.89,2025-10-13
Joshua Purohit,Hardware,2107.42,2025-06-23
Benjamin Saini,Office Supplies,1644.03,2025-08-26
Dakshesh Sandhu,Office Supplies,3259.04,2025-09-26
Nathaniel Kala,Taxi,1663.90,2024-12-17
Samar Sharaf,Training,1878.58,2025-03-22
Dalaja Wagle,Hardware,1654.49,2025-06-06
Abhimanyu Kala,Taxi,3362.78,2024-12-22
Bishakha Rout,Internet,3837.61,2025-02-19
Radhika Baral,Travel,2789.30,2025-04-02
Onkar Arya,Taxi,3560.26,2025-06-17
Benjamin Saini,Taxi,4542.17,2025-11-15
Yochana Bora,Team Event,3991.14,2025-07-25
Rajata Thakkar,Office Supplies,2280.09,2025-11-13
Benjamin Saini,Internet,914.64,2025-09-23
Charan Devan,Accommodation,4579.23,2025-05-09
Abdul Pillai,Software,2727.44,2025-05-07
Tanveer Tripathi,Software,4630.42,2025-05-14
Vedant Dash,Travel,4031.70,2025-01-18
Madhavi Johal,Training,1401.65,2025-02-24
Akshay Kohli,Internet,4999.77,2025-03-10
Rajata Thakkar,Taxi,1713.91,2024-12-01
Varsha Nori,Accommodation,3718.91,2025-06-29
Tanveer Tripathi,Internet,4165.29,2025-08-16
Wridesh Magar,Hardware,1393.25,2025-05-19
Omisha Murty,Hardware,4894.25,2025-09-03
Chakradev Thakkar,Team Event,684.73,2025-05-02
Abdul Pillai,Travel,3400.29,2025-02-11
Ekaja Kamdar,Taxi,1683.35,2025-04-10
Devansh Gara,Training,4733.13,2025-11-17
Abdul Pillai,Taxi,581.61,2025-03-11
Aayush Sandal,Meals,3272.11,2024-12-24
Caleb Sood,Office Supplies,1874.06,2025-06-21
Diya Wali,Internet,4056.54,2025-11-23
Anika Bansal,Accommodation,1111.38,2025-11-17
Idika Ganesan,Taxi,4313.88,2025-04-28
Chakradev Thakkar,Hardware,2572.69,2025-02-20
Daksha Mitter,Travel,4938.05,2025-10-17
Madhavi Johal,Software,2070.64,2025-01-24
Kevin Joshi,Internet,2993.01,2025-08-26
Shivansh Saran,Team Event,3518.59,2025-05-13
Manya Soman,Training,4237.02,2025-06-25
Tanish Oza,Software,947.91,2025-08-14
Joshua Purohit,Software,4354.64,2025-06-14
Dev Bhagat,Training,1086.93,2025-03-11
Dalaja Wagle,Taxi,3891.86,2025-02-28
Abdul Pillai,Accommodation,959.58,2025-08-16
Robert Mammen,Office Supplies,4735.51,2025-02-04
Jacob Thakkar,Hardware,2758.34,2025-07-06
Max Gole,Travel,3093.59,2025-09-03
Ladli Keer,Hardware,3644.88,2025-11-02
Joshua Purohit,Team Event,2273.62,2025-09-01
Vivaan Kannan,Taxi,552.67,2025-05-31
Watika Kaur,Hardware,1954.83,2025-10-10
Tanveer Tripathi,Team Event,1415.75,2025-02-11
Benjamin Saini,Taxi,1464.12,2025-04-04
Charan Devan,Software,1302.32,2025-06-26
Yadavi Chander,Training,914.22,2025-10-20
Saksham Talwar,Software,4082.39,2025-03-18
Nirja Sekhon,Accommodation,2195.80,2025-09-20
Omisha Murty,Training,933.31,2025-09-12
Yochana Bora,Accommodation,3810.78,2025-03-08
Ekaja Kamdar,Team Event,2285.67,2025-10-17
Nidhi Dubey,Internet,1103.11,2025-10-21
Max Gole,Team Event,4069.30,2025-07-09
Tanish Oza,Meals,2347.92,2025-08-22
Ethan Sekhon,Taxi,2610.92,2025-11-24
Vihaan Sabharwal,Team Event,1912.49,2025-09-22
Rajeshri Joshi,Team Event,4584.64,2024-11-29
Isaac Choudhry,Software,4513.97,2025-08-28
Dayamai Bakshi,Team Event,2626.78,2024-11-26
Dakshesh Sandhu,Accommodation,1114.12,2025-04-23
Dalaja Wagle,Accommodation,632.58,2025-10-09
Divya Deshmukh,Office Supplies,2820.30,2024-12-17
Ladli Dalal,Meals,2381.68,2025-07-31
Devansh Gara,Taxi,2693.13,2025-02-17
Watika Kaur,Software,2320.78,2025-03-21
Anmol Desai,Software,4523.51,2025-11-24
Rajeshri Joshi,Internet,599.24,2025-05-17
Wyatt Handa,Meals,4880.57,2025-05-23
Vasatika Ahuja,Hardware,3231.89,2024-12-30
Kiaan Lala,Meals,2610.01,2025-04-15
Omisha Murty,Accommodation,2648.36,2025-10-06
Dev Bhagat,Taxi,2253.38,2025-04-02
Dalaja Wagle,Office Supplies,3393.24,2025-01-26
Vedant Dash,Travel,561.59,2025-06-27
Tanish Oza,Accommodation,4450.48,2024-12-08
Krishna Dara,Hardware,2968.77,2025-01-15
Rehaan Buch,Meals,892.58,2025-02-08
Abdul Pillai,Internet,1122.08,2025-10-04
Madhavi Johal,Accommodation,4302.56,2025-01-07
Siddharth Dugal,Training,2760.21,2025-10-28
Yatin Uppal,Office Supplies,2145.43,2025-06-19
Devansh Gara,Hardware,4697.23,2025-07-30
Rajata Thakkar,Software,3288.19,2025-11-11
Madhavi Johal,Hardware,1543.17,2025-05-16
Wridesh Magar,Team Event,1841.64,2025-08-18
Watika Deo,Internet,4081.48,2025-02-08
Divya Deshmukh,Internet,958.62,2025-09-05
Nidhi Dubey,Taxi,3217.40,2025-10-03
Dominic Verma,Taxi,1667.61,2025-02-23
Isaac Choudhry,Accommodation,1177.06,2025-08-01
Eesha Dasgupta,Office Supplies,710.12,2025-05-13
Joshua Purohit,Travel,750.23,2025-03-14
Yatin Uppal,Training,4286.45,2025-06-13
Max Gole,Travel,3488.69,2024-11-27
Pushti Dalal,Team Event,1411.53,2025-08-05
Ekaja Kamdar,Office Supplies,4436.34,2025-10-19
Radhika Baral,Internet,1204.39,2024-12-16
Akshay Kohli,Meals,4476.62,2025-07-02
Dakshesh Sandhu,Software,2108.78,2025-08-15
Alexander Bhattacharyya,Office Supplies,754.59,2025-10-20
Omisha Murty,Meals,673.41,2025-06-02
Charan Devan,Travel,3046.48,2025-01-21
Krishna Dara,Software,4952.12,2025-03-04
Shivansh Saran,Team Event,2111.52,2025-11-04
Idika Rastogi,Meals,4944.98,2025-03-10
Charan Devan,Software,4632.68,2025-02-06
Dayamai Bakshi,Training,3289.71,2025-06-20
Alexander Bhattacharyya,Meals,3208.94,2025-06-25
Caleb Sood,Training,3703.11,2025-07-03
Dalaja Wagle,Team Event,3288.99,2025-01-28
Ansh Chaudry,Office Supplies,1966.03,2025-05-04
Manya Soman,Training,1874.32,2025-01-17
Divya Deshmukh,Training,4253.38,2025-09-18
Benjamin Zachariah,Travel,3816.62,2025-07-03
Vedika Mann,Taxi,4916.16,2025-06-29
Benjamin Saini,Team Event,3391.43,2025-02-10
Idika Rastogi,Meals,4898.98,2025-07-16
Jhalak Bali,Taxi,4620.75,2025-03-09
Advik Dugar,Travel,1477.27,2025-06-15
Joshua Purohit,Internet,2162.84,2025-09-01
Ranbir Panchal,Meals,3639.93,2025-07-05
Wridesh Magar,Hardware,4997.25,2025-04-14
Idika Ganesan,Team Event,2331.98,2025-10-05
Advik Dugar,Meals,2236.93,2025-07-15
Faras Dara,Team Event,2380.33,2025-04-08
Wridesh Magar,Training,3032.30,2025-06-25
Ethan Sekhon,Software,4246.62,2025-05-15
Jhalak Bali,Taxi,1209.38,2025-09-27
Kiaan Lala,Team Event,904.22,2025-05-14
Ekaja Kamdar,Training,3218.85,2025-07-31
Jacob Thakkar,Team Event,2821.02,2025-04-06
Zaitra Aurora,Accommodation,1897.46,2025-08-09
Caleb Sood,Meals,3854.14,2025-07-30
Ronith Edwin,Office Supplies,2051.42,2025-10-05
Harita Upadhyay,Office Supplies,1302.98,2025-11-07
Balvan Bahl,Team Event,733.73,2025-01-12
Ronith Edwin,Meals,4811.59,2025-03-18
Abdul Pillai,Accommodation,4930.64,2025-03-08
Tanveer Tripathi,Team Event,1985.45,2025-07-22
Manya Soman,Travel,4012.93,2025-07-04
Alexander Bhattacharyya,Meals,1588.56,2025-05-26
Mugdha Mane,Training,4964.16,2025-10-13
Aarna Bahri,Taxi,4812.05,2025-09-25
Idika Ganesan,Office Supplies,3572.57,2025-11-23
Idika Rastogi,Travel,3242.02,2025-04-25
Kevin Joshi,Hardware,601.31,2025-08-23
Tanish Oza,Meals,3700.18,2025-08-17
Nandini Golla,Team Event,4620.58,2025-01-17
Devansh Gara,Internet,1267.86,2025-05-07
Nitara Rama,Taxi,892.39,2025-03-27
Samar Sharaf,Accommodation,2135.67,2025-10-29
Chakradev Thakkar,Team Event,854.11,2025-09-28
Jhalak Bali,Travel,2835.52,2025-05-31
Onkar Arya,Taxi,1777.80,2025-04-20
Varsha Nori,Accommodation,2804.38,2025-05-26
Watika Deo,Taxi,511.84,2025-11-01
Radhika Baral,Meals,4100.43,2024-12-28
Bishakha Rout,Training,1425.40,2025-07-28
Widisha Lanka,Internet,624.61,2025-09-04
Abdul Pillai,Team Event,3677.30,2024-12-03
Aarna Bahri,Office Supplies,2268.49,2025-05-03
Wyatt Handa,Office Supplies,3697.73,2025-10-27
Caleb Sood,Travel,2383.33,2025-11-07
Krishna Dara,Hardware,2994.03,2025-08-25
Kiaan Lala,Software,4664.38,2025-06-26
Vedant Dash,Office Supplies,4455.73,2025-08-15
Nirja Sekhon,Office Supplies,2134.50,2025-04-29
Alexander Bhattacharyya,Hardware,1310.74,2025-07-25
Ekaraj Buch,Taxi,4508.68,2025-07-28
Hemani Arora,Internet,4522.58,2025-07-05
Tanveer Tripathi,Team Event,4894.18,2025-10-09
Nidhi Dubey,Travel,4573.07,2025-03-25
Bishakha Rout,Taxi,1347.82,2025-05-22
Bishakha Rout,Hardware,2276.61,2025-05-28
Aarna Bahri,Team Event,4336.31,2025-03-21
Wridesh Magar,Hardware,1568.90,2025-01-29
Ekaja Kamdar,Accommodation,1430.97,2024-12-03
Siddharth Dugal,Software,820.74,2025-05-22
Akshay Kohli,Training,2137.57,2025-10-20
Ekalinga Dasgupta,Training,1959.87,2025-06-13
Dalaja Wagle,Office Supplies,3618.88,2025-05-05
Joshua Purohit,Software,2861.66,2025-05-11
Bishakha Rout,Hardware,4218.92,2025-03-16
Widisha Lanka,Meals,2227.76,2025-07-01
Watika Deo,Hardware,644.65,2025-08-14
Dakshesh Sandhu,Taxi,1910.61,2025-10-01
Samar Sharaf,Internet,4083.37,2025-08-10
Krishna Dara,Taxi,4277.35,2025-07-16
Watika Deo,Accommodation,1113.63,2025-01-21
Ekalinga Dasgupta,Software,2795.94,2025-06-22
Caleb Sood,Software,1869.00,2025-11-10
Zansi Banik,Software,1897.77,2025-07-05
Vasatika Ahuja,Team Event,603.82,2025-05-07
Ranbir Panchal,Software,1069.37,2024-12-01
Dakshesh Sandhu,Meals,1518.74,2025-08-04
Radhika Baral,Travel,4079.13,2025-10-03
Ansh Chaudry,Meals,2256.09,2025-10-05
Max Gole,Internet,4169.65,2025-09-17
Krishna Dara,Travel,2090.29,2025-03-18
Rajeshri Joshi,Meals,1477.46,2025-05-22
Dakshesh Sandhu,Software,2357.61,2025-02-07
Dominic Verma,Hardware,721.35,2025-01-09
Indali Bhandari,Taxi,4469.31,2025-07-18
Dalaja Wagle,Taxi,3573.96,2025-02-27
Indrajit Kapoor,Team Event,2395.55,2025-05-11
Balvan Bahl,Taxi,2234.76,2025-01-16
Aayush Sandal,Meals,2868.43,2025-11-03
Krishna Dara,Accommodation,4679.60,2025-03-28
Dakshesh Sandhu,Training,4897.47,2025-11-09
Idika Rastogi,Team Event,3042.78,2025-07-12
Robert Mammen,Taxi,1563.71,2025-09-07
Rajata Thakkar,Office Supplies,4469.01,2025-02-27
Idika Ganesan,Taxi,4945.55,2025-08-25
Vivaan Kannan,Team Event,4705.61,2025-07-30
Faras Dara,Software,1680.95,2025-07-19
Robert Mammen,Software,2143.86,2025-08-09
Ranbir Panchal,Hardware,518.82,2025-04-27
Azad Raghavan,Travel,3893.04,2025-09-28
Indali Bhandari,Internet,4557.30,2025-03-25
Rehaan Buch,Accommodation,3677.14,2025-04-05
Idika Rastogi,Hardware,1703.09,2025-09-30
Logan Khurana,Training,1912.26,2025-01-26
Dominic Verma,Team Event,4138.01,2025-03-13
Yochana Bora,Taxi,3016.56,2025-06-28
Nicholas Mukhopadhyay,Office Supplies,1109.52,2025-05-25
Ranbir Panchal,Travel,3409.15,2025-05-02
Yochana Bora,Office Supplies,3460.82,2025-02-13
Peter Magar,Internet,4821.74,2025-02-12
Anika Bansal,Taxi,4432.27,2025-06-04
Idika Rastogi,Software,4666.06,2025-10-25
Watika Kaur,Hardware,2627.90,2025-10-18
Zaitra Aurora,Training,4531.55,2025-04-25
Nicholas Mukhopadhyay,Meals,4966.01,2025-04-13
Alexander Bhattacharyya,Internet,1034.26,2025-06-03
Saksham Talwar,Office Supplies,3724.41,2025-04-22
Wyatt Handa,Hardware,1670.76,2025-06-24
Ekalinga Dasgupta,Team Event,2758.62,2025-10-05
Divya Deshmukh,Travel,4493.19,2024-12-02
Widisha Lanka,Team Event,2809.80,2025-01-26
Sarthak Rajagopal,Meals,4068.20,2025-04-01
Madhavi Johal,Internet,4846.39,2025-08-24
Nidhi Dubey,Accommodation,3367.32,2025-05-18
Varsha Nori,Software,4517.00,2025-04-03
Ethan Sekhon,Travel,4232.11,2025-10-06
Ronith Edwin,Meals,2448.16,2025-03-31
Wyatt Handa,Hardware,2250.31,2025-05-17
Azad Kurian,Internet,1394.19,2025-05-05
Sarthak Rajagopal,Software,1564.91,2025-09-18
Saksham Talwar,Meals,917.04,2025-09-06
Onkar Arya,Taxi,3114.82,2025-08-25
Krishna Dara,Office Supplies,815.71,2025-09-22
Benjamin Saini,Software,4132.92,2025-05-02
Aayush Sandal,Hardware,913.95,2025-09-12
Idika Rastogi,Accommodation,4688.10,2025-09-22
Indrajit Kapoor,Meals,3473.74,2025-04-03
Vedika Mann,Accommodation,704.01,2024-12-25
Isaac Choudhry,Meals,4736.11,2025-05-03
Dakshesh Sandhu,Accommodation,3818.96,2025-01-21
Radhika Baral,Training,2705.47,2025-07-14
Zaitra Aurora,Software,3782.24,2025-10-06
Hemani Arora,Meals,4300.34,2025-10-05
Rajeshri Joshi,Accommodation,3388.69,2025-04-19
Ekaraj Buch,Accommodation,1942.72,2025-10-12
Max Gole,Hardware,3112.95,2025-04-22
Nitara Rama,Meals,2644.51,2025-07-11
Zansi Banik,Travel,4526.06,2025-07-01
Indali Bhandari,Training,4248.29,2025-10-16
Peter Magar,Team Event,1720.18,2025-11-06
Onkar Arya,Team Event,736.81,2025-04-20
Charan Devan,Meals,1948.82,2025-10-21
Vasatika Ahuja,Training,1677.61,2024-12-23
Nicholas Mukhopadhyay,Taxi,3426.41,2024-12-26
Tanveer Tripathi,Meals,1372.09,2025-09-17
Watika Deo,Office Supplies,1000.18,2025-10-02
Watika Kaur,Internet,835.28,2025-11-11
Akshay Kohli,Travel,4806.96,2025-04-13
Chakradev Thakkar,Meals,2775.60,2025-03-05
Abhimanyu Kala,Taxi,3550.54,2025-01-10
Saksham Talwar,Hardware,832.68,2025-03-10
Peter Magar,Travel,4871.11,2025-05-08
Rudra Sodhi,Taxi,1305.75,2025-03-11
Faras Dara,Office Supplies,4593.92,2024-12-11
Balvan Bahl,Office Supplies,2236.02,2024-12-25
Vihaan Sabharwal,Taxi,1216.68,2025-03-03
Diya Wali,Software,824.75,2025-09-02
Yauvani Sengupta,Accommodation,4674.42,2025-05-21
Madhavi Johal,Travel,4952.78,2025-08-02
Nandini Golla,Taxi,3059.55,2025-06-28
Rajeshri Joshi,Office Supplies,515.65,2025-02-20
Vedika Mann,Office Supplies,713.06,2024-12-16
Indrajit Kapoor,Training,3418.63,2024-12-06
Idika Ganesan,Office Supplies,4477.79,2024-12-01
Max Gole,Team Event,806.38,2025-01-21
Watika Kaur,Travel,4586.42,2025-03-11
Balvan Bahl,Office Supplies,4323.59,2025-01-08
Eesha Dasgupta,Taxi,1108.85,2025-10-25
Peter Magar,Office Supplies,3959.58,2025-03-31
Krishna Dara,Hardware,4169.80,2024-12-13
Ekaraj Buch,Taxi,2344.65,2025-04-09
Samar Sharaf,Office Supplies,1869.95,2025-03-04
Rudra Sodhi,Travel,2671.20,2025-11-12
Tanveer Tripathi,Meals,2657.19,2025-02-15
Devansh Gara,Taxi,3849.20,2025-04-19
Yatin Uppal,Training,1685.66,2025-06-02
Dayamai Bakshi,Team Event,2270.24,2025-10-19
Indrajit Kapoor,Office Supplies,3580.87,2025-02-20
Max Gole,Hardware,2341.02,2025-02-01
Nathaniel Kala,Accommodation,1208.56,2025-08-09
Alexander Bhattacharyya,Internet,2742.90,2025-11-20
Vedant Dash,Meals,3941.77,2025-06-29
Nitara Rama,Hardware,1491.26,2025-10-15
Wyatt Handa,Accommodation,1211.82,2025-08-05
Aayush Sandal,Team Event,1499.50,2025-03-16
Nandini Golla,Taxi,3121.27,2025-01-12
Benjamin Zachariah,Taxi,3995.53,2025-06-22
Vasatika Ahuja,Team Event,568.93,2025-11-04
Benjamin Zachariah,Software,510.70,2024-12-18
Watika Kaur,Accommodation,4535.87,2025-07-13
Mugdha Mane,Travel,3660.54,2025-06-26
Dakshesh Sandhu,Travel,4513.92,2025-04-20
Aarna Bahri,Team Event,3084.66,2024-12-24
Jacob Thakkar,Taxi,3492.43,2025-03-02
Onkar Arya,Training,2717.86,2025-04-17
Yatin Uppal,Accommodation,1097.13,2025-08-16
Rajata Thakkar,Accommodation,2763.75,2025-07-22
Charan Devan,Meals,4529.80,2025-03-07
Sarthak Rajagopal,Office Supplies,3848.76,2024-12-19
Radhika Baral,Office Supplies,4741.81,2025-04-26
Max Gole,Training,4801.64,2025-09-23
Ethan Sekhon,Training,4284.94,2025-02-26
Omisha Murty,Accommodation,4486.00,2025-01-11
Faras Dara,Taxi,3426.96,2025-09-11
Ekalinga Dasgupta,Internet,4300.98,2025-04-02
Anmol Desai,Software,2063.58,2025-08-21
Wridesh Magar,Office Supplies,3079.21,2025-05-03
Devansh Gara,Accommodation,2559.86,2025-05-20
Pushti Dalal,Team Event,4698.35,2025-08-07
Aarna Bahri,Office Supplies,1684.42,2025-07-04
Varsha Nori,Travel,1174.29,2025-04-30
Indali Bhandari,Software,4830.18,2025-08-27
Vasatika Ahuja,Internet,623.56,2025-09-06
Krishna Dara,Software,804.34,2025-07-05
Indrajit Kapoor,Meals,4951.49,2025-01-17
Onkar Arya,Internet,4079.18,2024-12-26
Vedika Mann,Hardware,892.63,2025-04-25
Kiaan Lala,Team Event,3946.45,2025-03-10
Eesha Dasgupta,Team Event,2764.50,2025-03-19
Advik Dugar,Team Event,4817.64,2025-02-04
Dayamai Bakshi,Software,2795.64,2025-08-15
Akshay Kohli,Taxi,4366.15,2025-01-25
Nicholas Mukhopadhyay,Internet,1377.14,2025-03-13
Aarna Bahri,Office Supplies,2683.75,2025-07-16
Manya Soman,Internet,2595.37,2025-10-13
Hemani Arora,Accommodation,570.35,2025-11-09
Hiral Munshi,Travel,3159.79,2025-01-02
Onkar Arya,Training,1714.02,2025-10-31
Azad Raghavan,Internet,594.35,2025-06-23
Devansh Gara,Meals,2746.84,2025-04-19
Vedika Mann,Hardware,4400.46,2025-10-19
Isaac Choudhry,Travel,4228.85,2025-04-04
Rajata Thakkar,Travel,3830.70,2025-11-05
Vedika Mann,Office Supplies,1073.07,2025-10-10
Vedant Dash,Office Supplies,3820.67,2025-01-15
Rudra Sodhi,Training,2350.71,2025-03-27
Yadavi Chander,Office Supplies,2667.96,2025-03-15
Robert Mammen,Meals,2414.66,2025-07-06
Alexander Bhattacharyya,Team Event,2249.63,2025-07-11
Yashoda Manne,Taxi,825.83,2025-08-24
Madhavi Johal,Training,2382.30,2025-03-06
Kevin Joshi,Travel,4002.73,2025-11-03
Wyatt Handa,Taxi,618.91,2025-03-21
Idika Ganesan,Software,2348.92,2025-05-16
Benjamin Saini,Taxi,3952.59,2025-04-15
Ekaja Kamdar,Taxi,1319.73,2025-02-07
Radhika Baral,Accommodation,1849.03,2025-06-01
Ladli Dalal,Hardware,4193.38,2025-10-03
Idika Rastogi,Taxi,1854.35,2024-12-11
Aayush Sandal,Software,4025.69,2024-12-31
Diya Wali,Internet,2154.41,2025-09-18
Rajeshri Joshi,Software,4655.85,2025-02-14
Varsha Nori,Team Event,1013.92,2025-05-28
Widisha Lanka,Software,1206.11,2025-03-30
Varsha Nori,Accommodation,849.55,2024-12-31
Ethan Sekhon,Training,4117.62,2025-08-21
Krishna Dara,Office Supplies,4871.83,2025-04-17
Aarna Bahri,Training,2797.22,2025-02-23
Joshua Purohit,Internet,4082.26,2025-04-07
Nirja Sekhon,Accommodation,1474.61,2025-01-19
Balvan Bahl,Internet,831.94,2025-09-24
Vasatika Ahuja,Team Event,4645.28,2025-05-29
Yauvani Sengupta,Team Event,1600.79,2025-01-14
Benjamin Zachariah,Training,1604.92,2025-05-25
Aayush Sandal,Internet,1159.59,2025-01-30
Varsha Nori,Hardware,2245.45,2025-06-22
Balvan Bahl,Accommodation,3803.28,2025-07-20
Abdul Pillai,Accommodation,1096.01,2025-01-18
Rehaan Buch,Meals,2000.81,2025-08-20
Rudra Sodhi,Accommodation,2323.25,2024-12-31
Ekalinga Dasgupta,Taxi,4430.97,2025-04-22
Omisha Murty,Accommodation,1576.49,2025-03-13
Daksha Mitter,Training,4462.47,2025-09-20
Benjamin Zachariah,Office Supplies,3551.14,2025-05-28
Indali Bhandari,Hardware,3763.07,2025-02-16
Nicholas Mukhopadhyay,Team Event,1261.42,2025-05-06
Kevin Joshi,Training,3840.33,2024-12-30
Indrajit Kapoor,Meals,588.71,2025-06-23
Eesha Dasgupta,Training,4104.21,2025-11-23
Nathaniel Kala,Office Supplies,2735.39,2025-08-22
Jhalak Bali,Accommodation,4803.72,2024-11-25
Kiaan Lala,Taxi,1175.60,2025-06-08
Akshay Kohli,Taxi,3132.97,2025-02-07
Pushti Dalal,Hardware,1533.72,2025-04-10
Watika Deo,Accommodation,1332.10,2025-03-17
Shivansh Saran,Accommodation,4507.42,2025-01-01
Divya Deshmukh,Meals,2778.05,2025-02-15
Benjamin Saini,Internet,2119.13,2025-06-14
Kevin Joshi,Taxi,2740.97,2025-06-13
Alexander Bhattacharyya,Training,4620.18,2025-02-01
Robert Mammen,Office Supplies,2247.00,2025-06-12
Chakradev Thakkar,Accommodation,1062.33,2025-05-08
Chakradev Thakkar,Team Event,2568.92,2025-06-06
Rehaan Buch,Office Supplies,2362.32,2025-02-15
Tanish Oza,Accommodation,770.46,2025-10-29
Dev Bhagat,Software,4756.23,2025-01-24
Akshay Kohli,Taxi,2829.57,2025-05-22
Aayush Sandal,Travel,1326.04,2025-10-12
Harita Upadhyay,Internet,1179.10,2025-03-01
Dayamai Bakshi,Meals,1610.54,2025-08-24
Harita Upadhyay,Accommodation,1096.43,2025-10-08
Vihaan Sabharwal,Office Supplies,4961.20,2025-08-27
Ekalinga Dasgupta,Internet,2992.98,2025-09-20
Shivansh Saran,Training,3687.02,2025-09-27
Azad Raghavan,Hardware,3890.78,2025-01-17
Nicholas Mukhopadhyay,Software,4800.61,2025-11-11
Anmol Desai,Hardware,1424.74,2025-10-29
Azad Raghavan,Office Supplies,3397.84,2024-12-16
Vedant Dash,Training,1884.30,2025-10-01
Charan Devan,Office Supplies,684.46,2024-11-25
Devansh Gara,Training,2740.95,2025-05-02
Balvan Bahl,Meals,1783.70,2025-11-02
Kiaan Lala,Taxi,4246.70,2025-10-18
Yochana Bora,Hardware,4396.43,2025-04-25
Onkar Arya,Internet,1292.13,2025-06-18
Vedika Mann,Hardware,1011.81,2025-06-29
Robert Mammen,Internet,1790.84,2025-02-03
Tanveer Tripathi,Software,646.46,2025-10-07
Ladli Dalal,Hardware,2208.07,2025-10-29
Chakradev Thakkar,Hardware,2660.36,2025-02-21
Varsha Nori,Internet,3670.91,2025-04-03
Rehaan Buch,Software,4149.45,2025-06-01
Alexander Bhattacharyya,Accommodation,3432.73,2025-09-28
Max Gole,Team Event,715.53,2025-03-31
Pushti Dalal,Meals,2297.72,2025-07-12
Jhalak Bali,Team Event,3691.54,2025-10-23
Yashoda Manne,Meals,4167.35,2025-03-16
Kiaan Lala,Internet,1283.40,2025-09-06
Akshay Kohli,Team Event,2620.09,2025-05-15
Caleb Sood,Internet,4067.54,2025-11-01
Dominic Verma,Office Supplies,4891.20,2025-09-20
Rudra Sodhi,Office Supplies,4921.55,2025-07-11
Dalaja Wagle,Training,2054.90,2025-09-10
Yatin Uppal,Hardware,1284.90,2025-11-16
Balvan Bahl,Training,1911.40,2025-09-09
Azad Kurian,Team Event,2629.64,2024-11-30
Dev Bhagat,Team Event,2398.18,2024-12-08
Kiaan Lala,Hardware,1404.26,2025-05-11
Caleb Sood,Software,3234.69,2025-04-17
Chakradev Thakkar,Internet,2192.62,2025-04-07
Benjamin Saini,Team Event,1698.70,2025-01-21
Joshua Purohit,Software,2274.31,2025-01-29
Samar Sharaf,Accommodation,4983.78,2025-02-25
Idika Rastogi,Hardware,3436.50,2025-08-16
Joshua Purohit,Taxi,3976.56,2025-09-15
Vihaan Sabharwal,Hardware,756.29,2025-10-10
Harinakshi Dhaliwal,Travel,4406.52,2024-12-27
Varsha Nori,Team Event,2644.51,2025-05-01
Ronith Edwin,Travel,4157.00,2025-02-10
Akshay Kohli,Internet,3236.36,2025-06-15
Benjamin Saini,Travel,4978.23,2025-10-29
Wridesh Magar,Software,4457.04,2025-02-10
Balvan Bahl,Training,2400.23,2025-08-09
Kiaan Lala,Hardware,3619.25,2024-12-30
Anmol Desai,Taxi,3401.76,2025-06-24
Daksha Mitter,Team Event,3574.05,2025-02-09
Benjamin Zachariah,Travel,4818.26,2025-05-10
Vivaan Kannan,Training,4937.57,2024-12-22
Vasatika Ahuja,Hardware,4161.84,2025-08-06
Daksha Mitter,Internet,534.31,2025-04-09
Akshay Kohli,Office Supplies,1188.35,2025-03-19
Balvan Bahl,Meals,4784.95,2025-11-08
Max Gole,Meals,1678.54,2025-07-05
Ansh Chaudry,Accommodation,2247.32,2024-11-26
Jacob Thakkar,Meals,1356.56,2025-11-19
Dakshesh Sandhu,Accommodation,2754.28,2025-02-20
Balvan Bahl,Meals,4018.27,2024-12-29
Indali Bhandari,Internet,3879.26,2025-05-13
Harinakshi Dhaliwal,Travel,1106.72,2025-07-20
Devansh Gara,Meals,3986.80,2025-04-19
Widisha Lanka,Taxi,2681.45,2025-01-15
Benjamin Zachariah,Hardware,3868.85,2025-09-24
Dalaja Wagle,Software,3484.69,2025-06-20
Harinakshi Dhaliwal,Office Supplies,4301.71,2025-05-28
Saksham Talwar,Accommodation,4066.76,2025-08-11
Saksham Talwar,Office Supplies,3749.21,2025-07-15
Samar Sharaf,Hardware,2273.64,2025-05-10
Idika Rastogi,Meals,2491.70,2025-03-28
Aarna Bahri,Travel,3217.96,2025-04-15
Max Gole,Accommodation,2749.16,2025-06-25
Dakshesh Sandhu,Internet,4045.06,2025-06-09
Dominic Verma,Accommodation,1479.22,2025-10-13
Benjamin Saini,Training,1554.61,2025-04-27
Manya Soman,Team Event,4502.33,2025-01-20
Anmol Desai,Hardware,635.62,2025-04-04
Balvan Bahl,Training,3975.83,2025-03-23
Dayamai Bakshi,Training,4372.97,2025-03-05
Daksha Mitter,Team Event,3717.99,2025-05-18
Kevin Joshi,Taxi,1725.42,2025-01-17
Azad Kurian,Team Event,3486.56,2025-04-25
Faras Dara,Training,1433.36,2025-10-26
Dev Bhagat,Training,3493.12,2025-02-15
Max Gole,Travel,2736.66,2025-01-16
Idika Ganesan,Hardware,3795.08,2025-02-26
Ekaraj Buch,Team Event,3886.23,2025-06-20
Vivaan Kannan,Taxi,919.12,2025-11-07
Ansh Chaudry,Software,948.98,2025-08-11
Balvan Bahl,Office Supplies,563.28,2025-10-09
Harinakshi Dhaliwal,Travel,660.85,2025-03-23
Eesha Dasgupta,Hardware,2673.99,2025-10-02
Tanveer Tripathi,Taxi,1424.66,2025-07-02
Zansi Banik,Software,3675.45,2025-08-16
Omisha Murty,Internet,2600.20,2025-05-03
Divya Deshmukh,Internet,4479.67,2024-11-27
Yochana Bora,Software,2272.28,2025-07-03
Azad Kurian,Team Event,2543.02,2025-06-24
Dalaja Wagle,Taxi,3945.72,2025-04-06
Bishakha Rout,Office Supplies,1385.41,2025-11-13
Logan Khurana,Travel,797.43,2025-02-26
Benjamin Saini,Training,1125.23,2025-03-02
Ronith Edwin,Meals,3954.08,2025-05-30
Idika Ganesan,Meals,2385.45,2025-07-26
Rehaan Buch,Team Event,4501.39,2025-11-16
Isaac Choudhry,Software,1928.26,2024-12-22
Daksha Mitter,Training,4258.81,2025-07-24
Aayush Sandal,Travel,1895.08,2025-07-01
Watika Kaur,Hardware,2657.47,2025-02-02
Watika Kaur,Hardware,1225.18,2025-06-12
Ekaja Kamdar,Travel,1713.58,2025-03-29
Advik Dugar,Taxi,4001.14,2025-07-09
Akshay Kohli,Team Event,2003.15,2025-03-31
Samar Sharaf,Office Supplies,3859.67,2025-06-01
Ranbir Panchal,Office Supplies,1877.24,2025-10-02
Ranbir Panchal,Office Supplies,3646.16,2025-10-24
Yatin Uppal,Hardware,4996.57,2025-11-16
Anmol Desai,Travel,1699.08,2024-11-29
Tanish Oza,Taxi,1925.96,2025-06-02
Benjamin Saini,Training,1693.61,2025-03-25
Rajeshri Joshi,Office Supplies,4205.31,2025-08-07
Tanish Oza,Internet,3749.18,2025-05-19
Zaitra Aurora,Taxi,3140.23,2025-07-13
Idika Rastogi,Taxi,3818.26,2025-11-05
Kevin Joshi,Hardware,666.31,2025-08-18
Abhimanyu Kala,Internet,2689.39,2025-02-10
Aayush Sandal,Accommodation,4011.18,2025-10-08
Madhavi Johal,Training,4601.51,2025-06-10
Wyatt Handa,Hardware,4341.95,2025-03-07
Diya Wali,Accommodation,3209.00,2025-07-10
Manya Soman,Hardware,4644.67,2025-10-30
Nicholas Mukhopadhyay,Meals,3787.37,2024-12-18
Rudra Sodhi,Travel,996.45,2025-11-25
Omisha Murty,Team Event,4857.27,2025-05-02
Balvan Bahl,Taxi,2839.37,2025-08-20
Rudra Sodhi,Taxi,1910.06,2025-10-13
Nidhi Dubey,Software,1154.62,2025-07-30
Hiral Munshi,Internet,1721.05,2024-12-30
Rehaan Buch,Accommodation,630.14,2025-02-18
Abdul Pillai,Accommodation,1765.63,2025-05-05
Pushti Dalal,Hardware,3467.56,2024-12-31
Siddharth Dugal,Team Event,4092.80,2025-09-29
Diya Wali,Software,1140.81,2025-08-28
Ladli Keer,Taxi,1050.92,2025-08-26
Logan Khurana,Taxi,3415.75,2024-12-18
Yochana Bora,Internet,2354.01,2025-06-19
Radhika Baral,Team Event,662.58,2025-11-11
Ekaja Kamdar,Hardware,1001.94,2025-03-28
Anmol Desai,Team Event,1830.87,2025-11-17
Kevin Joshi,Travel,4326.45,2025-02-10
Vivaan Kannan,Team Event,1150.72,2025-11-20
Kai Goel,Team Event,1980.27,2025-07-10
Ansh Chaudry,Accommodation,1422.52,2025-08-26
Varsha Nori,Team Event,3683.90,2025-05-30
Jhalak Bali,Meals,2212.47,2025-03-03
Radhika Baral,Hardware,4617.64,2025-11-03
Wyatt Handa,Team Event,4656.65,2025-08-01
Varsha Nori,Software,1319.21,2025-02-04
Jacob Thakkar,Accommodation,1202.42,2025-11-20
Zansi Banik,Internet,4764.41,2025-10-30
Bishakha Rout,Taxi,4537.85,2025-06-25
Kai Goel,Team Event,4376.02,2025-11-18
Rudra Sodhi,Travel,4861.30,2025-09-03
Nicholas Mukhopadhyay,Hardware,4137.53,2025-07-22
Harinakshi Dhaliwal,Hardware,3178.86,2025-01-21
Zansi Banik,Team Event,4077.91,2025-05-30
Wyatt Handa,Meals,4811.84,2025-02-16
Alexander Bhattacharyya,Meals,2619.42,2025-06-02
Dakshesh Sandhu,Software,4406.58,2025-06-30
Rajeshri Joshi,Team Event,2320.35,2025-08-05
Anmol Desai,Office Supplies,3764.98,2025-01-10
Alexander Bhattacharyya,Training,3693.11,2025-01-16
Idika Ganesan,Accommodation,672.80,2025-02-17
Vedant Dash,Meals,3682.71,2024-12-28
Yauvani Sengupta,Meals,3989.71,2025-08-15
Omisha Murty,Office Supplies,557.57,2025-06-03
Sarthak Rajagopal,Accommodation,3542.56,2025-03-23
Vihaan Sabharwal,Travel,1632.35,2025-04-13
Tanish Oza,Internet,2584.25,2025-10-23
Ladli Dalal,Team Event,607.64,2024-12-09
Shivansh Saran,Team Event,554.19,2025-05-29
Joshua Purohit,Office Supplies,823.71,2024-12-21
Benjamin Saini,Hardware,4280.10,2025-01-14
Ethan Sekhon,Hardware,1665.10,2025-11-25
Nathaniel Kala,Team Event,524.32,2025-10-26
Robert Mammen,Training,1874.11,2025-02-07
Dayamai Bakshi,Software,3425.26,2025-09-22
Benjamin Saini,Accommodation,4017.18,2025-10-13
Kevin Joshi,Team Event,3963.48,2025-01-29
Yochana Bora,Software,3435.38,2025-05-06
Harita Upadhyay,Internet,2065.70,2025-02-21
Azad Raghavan,Taxi,2480.81,2025-09-25
Widisha Lanka,Taxi,2790.10,2025-03-09
Bishakha Rout,Taxi,842.87,2025-01-18
Vedika Mann,Internet,2940.80,2025-08-12
Vivaan Kannan,Internet,4791.52,2025-01-31
Kiaan Lala,Accommodation,4353.43,2025-04-30
Tanveer Tripathi,Internet,1959.19,2025-07-21
Varsha Nori,Travel,2109.49,2025-05-23
Kevin Joshi,Travel,3685.83,2025-07-28
Indali Bhandari,Software,2803.83,2025-03-06
Ekaraj Buch,Meals,746.92,2025-01-26
Varsha Nori,Software,3209.87,2025-06-14
Wridesh Magar,Training,2092.87,2025-06-07
Ladli Dalal,Office Supplies,1016.35,2025-08-24
Idika Ganesan,Software,3612.72,2025-03-20
Idika Rastogi,Accommodation,3861.46,2025-09-19
Nicholas Mukhopadhyay,Accommodation,513.67,2025-02-14
Dev Bhagat,Travel,3674.33,2024-11-30
Onkar Arya,Hardware,4615.55,2025-11-07
Azad Kurian,Hardware,2955.34,2025-08-27
Advik Dugar,Accommodation,1875.31,2024-11-27
Peter Magar,Accommodation,2233.20,2025-09-07
Tanish Oza,Travel,4546.84,2025-04-09
Devansh Gara,Hardware,4499.05,2025-11-11
Anika Bansal,Software,3661.40,2025-08-09
Balvan Bahl,Accommodation,4014.85,2025-11-22
Joshua Purohit,Meals,2328.38,2025-10-30
Krishna Dara,Meals,1089.77,2025-05-18
Jhalak Bali,Team Event,4263.02,2025-08-03
Vasatika Ahuja,Training,3284.09,2025-10-19
Varsha Nori,Travel,571.29,2025-03-05
Ronith Edwin,Taxi,1548.09,2025-02-16
Divya Deshmukh,Hardware,4766.84,2025-05-22
Peter Magar,Software,932.34,2025-10-30
Logan Khurana,Accommodation,2015.31,2025-02-28
Kai Goel,Hardware,4362.54,2025-04-14
Varsha Nori,Travel,3314.66,2025-10-18
Ladli Keer,Meals,3861.86,2025-06-01
Yadavi Chander,Software,4954.87,2025-08-09
Alexander Bhattacharyya,Software,2239.79,2025-10-14
Saksham Talwar,Software,4915.69,2025-11-01
Yatin Uppal,Team Event,3657.45,2025-09-10
Ekaja Kamdar,Accommodation,1756.38,2025-03-29
Aarna Bahri,Team Event,663.76,2024-12-11
Balvan Bahl,Travel,2301.76,2024-12-17
Dominic Verma,Team Event,4134.79,2025-01-12
Advik Dugar,Team Event,4258.81,2025-07-22
Benjamin Zachariah,Software,1565.54,2025-11-23
Abhimanyu Kala,Team Event,690.99,2025-04-04
Krishna Dara,Meals,1364.00,2025-03-03
Rajata Thakkar,Hardware,1660.38,2025-09-25
Indali Bhandari,Software,4087.70,2025-05-03
Ethan Sekhon,Software,3626.19,2025-09-15
Akshay Kohli,Training,1925.18,2025-03-19
Caleb Sood,Travel,3824.72,2024-12-05
Yauvani Sengupta,Meals,821.80,2025-08-27
Nandini Golla,Taxi,1018.17,2024-12-19
Shivansh Saran,Software,3019.67,2025-07-18
Harinakshi Dhaliwal,Taxi,2172.98,2025-06-22
Yauvani Sengupta,Team Event,639.07,2025-11-19
Diya Wali,Office Supplies,965.45,2025-08-30
Dayamai Bakshi,Office Supplies,1780.47,2025-03-29
Dominic Verma,Meals,3296.14,2025-07-21
Varsha Nori,Accommodation,2122.29,2025-03-24
Benjamin Saini,Team Event,538.69,2024-12-19
Nidhi Dubey,Internet,2252.86,2025-09-18
Saksham Talwar,Taxi,3072.15,2025-04-20
Ladli Dalal,Accommodation,2555.33,2024-12-13
Robert Mammen,Meals,2205.21,2025-08-24
Vedant Dash,Office Supplies,4497.32,2025-10-07
Zansi Banik,Hardware,1700.14,2025-07-02
Vedika Mann,Meals,2534.94,2025-09-16
Nirja Sekhon,Travel,3797.14,2025-08-31
Rudra Sodhi,Taxi,1320.48,2025-05-21
Zaitra Aurora,Office Supplies,3455.66,2025-06-25
Kai Goel,Taxi,4931.28,2025-02-23
Rudra Sodhi,Internet,2768.35,2025-05-15
Joshua Purohit,Accommodation,4379.74,2025-09-16
Ekaja Kamdar,Software,1365.69,2025-11-07
Nathaniel Kala,Accommodation,3367.61,2025-04-20
Nandini Golla,Office Supplies,3414.02,2025-04-13
Wyatt Handa,Software,3174.09,2025-06-04
Hemani Arora,Office Supplies,1626.27,2025-02-08
Nitara Rama,Team Event,4368.58,2025-01-11
Devansh Gara,Training,3540.92,2025-07-20
Rehaan Buch,Team Event,4826.40,2025-05-17
Abdul Pillai,Travel,2689.98,2025-11-25
Azad Kurian,Taxi,2848.19,2025-04-04
Manya Soman,Accommodation,835.64,2025-06-17
Omisha Murty,Team Event,2916.90,2025-06-01
Hemani Arora,Hardware,3879.98,2025-02-16
Vivaan Kannan,Taxi,2889.86,2025-07-16
Saksham Talwar,Taxi,1786.29,2025-09-19
Onkar Arya,Internet,3516.78,2025-04-16
Vihaan Sabharwal,Accommodation,1936.36,2025-09-28
Charan Devan,Hardware,1564.78,2025-08-08
Anika Bansal,Travel,4767.12,2025-03-02
Abdul Pillai,Team Event,4503.35,2025-09-14
Kevin Joshi,Travel,3849.91,2025-03-07
Kevin Joshi,Office Supplies,4990.94,2024-12-21
Zansi Banik,Software,2230.08,2024-12-30
Krishna Dara,Hardware,2300.51,2025-09-02
Wridesh Magar,Taxi,793.84,2025-01-02
Samar Sharaf,Accommodation,4368.52,2025-02-28
Harita Upadhyay,Accommodation,3958.09,2025-02-21
Wyatt Handa,Meals,699.98,2025-09-16
Alexander Bhattacharyya,Taxi,1622.91,2025-08-28
Faras Dara,Software,1526.21,2025-11-23
Vasatika Ahuja,Software,4337.24,2025-07-17
Tanish Oza,Office Supplies,4333.48,2025-02-13
Ronith Edwin,Meals,3616.51,2025-09-02
Benjamin Zachariah,Team Event,1859.10,2025-07-05
Kai Goel,Training,4105.85,2025-07-29
Kevin Joshi,Taxi,687.42,2025-11-22
Rehaan Buch,Office Supplies,2550.15,2025-09-12
Kiaan Lala,Meals,730.31,2025-10-01
Indrajit Kapoor,Software,929.84,2025-09-01
Dominic Verma,Hardware,4224.31,2025-05-03
Harinakshi Dhaliwal,Meals,1116.17,2025-07-12
Yochana Bora,Meals,2354.79,2025-09-06
Balvan Bahl,Accommodation,792.13,2025-06-13
Isaac Choudhry,Travel,4957.08,2025-09-23
Ethan Sekhon,Internet,1943.04,2025-11-06
Isaac Choudhry,Team Event,3301.17,2025-01-24
Caleb Sood,Software,1346.28,2024-11-27
Anika Bansal,Software,3377.72,2025-10-27
Harinakshi Dhaliwal,Internet,1701.86,2024-12-07
Daksha Mitter,Training,1820.37,2025-05-02
Daksha Mitter,Hardware,1456.54,2025-01-06
Tanveer Tripathi,Internet,1125.07,2025-09-28
Eesha Dasgupta,Training,1045.72,2025-08-30
Dakshesh Sandhu,Taxi,4491.57,2025-01-06
Vihaan Sabharwal,Travel,4972.62,2025-04-06
Devansh Gara,Training,2816.95,2025-04-12
Rudra Sodhi,Accommodation,2670.40,2025-07-10
Rajeshri Joshi,Travel,690.09,2025-10-19
Balvan Bahl,Office Supplies,4612.43,2025-02-15
Nidhi Dubey,Hardware,4622.65,2025-07-16
Diya Wali,Travel,1013.11,2025-02-14
Wyatt Handa,Training,608.89,2025-07-26
Ansh Chaudry,Travel,3315.31,2025-06-01
Devansh Gara,Travel,3635.15,2025-09-14
Madhavi Johal,Meals,4522.20,2025-02-24
Ekaja Kamdar,Training,4539.64,2025-01-03
Onkar Arya,Internet,1158.06,2025-10-15
Tanish Oza,Meals,1123.95,2025-10-12
Balvan Bahl,Internet,1905.66,2025-09-17
Sarthak Rajagopal,Taxi,1363.86,2025-05-23
Nicholas Mukhopadhyay,Internet,3282.45,2025-07-11
Omisha Murty,Accommodation,3419.76,2024-12-18
Divya Deshmukh,Travel,2424.72,2025-09-02
Advik Dugar,Office Supplies,1443.12,2025-08-26
Indali Bhandari,Taxi,3660.73,2025-04-11
Saksham Talwar,Accommodation,1508.88,2024-12-14
Logan Khurana,Travel,526.48,2025-09-26
Azad Raghavan,Hardware,977.78,2025-01-06
Ansh Chaudry,Office Supplies,711.74,2024-12-15
Ladli Dalal,Travel,2710.77,2025-08-18
Abdul Pillai,Hardware,3087.46,2025-09-13
Benjamin Zachariah,Travel,1078.15,2025-04-29
Rehaan Buch,Software,4398.10,2025-08-25
Nicholas Mukhopadhyay,Travel,2523.46,2025-04-20
Tanish Oza,Taxi,3386.41,2025-06-15
Siddharth Dugal,Team Event,3872.43,2025-07-18
Abhimanyu Kala,Accommodation,937.89,2024-12-06
Indali Bhandari,Hardware,2780.06,2025-08-19
Anika Bansal,Hardware,3223.32,2025-03-05
Nandini Golla,Hardware,3866.93,2025-07-15
Ladli Keer,Accommodation,1407.86,2025-09-19
Madhavi Johal,Accommodation,1808.21,2024-12-05
Charan Devan,Hardware,1226.69,2025-08-22
Ekaraj Buch,Training,3159.56,2025-01-18
Anmol Desai,Accommodation,2008.14,2025-01-20
Nidhi Dubey,Team Event,3007.32,2025-10-12
Faras Dara,Meals,1662.72,2025-08-12
Dalaja Wagle,Internet,919.92,2025-04-22
Yochana Bora,Internet,3944.51,2025-02-07
Onkar Arya,Travel,4183.73,2025-06-25
Charan Devan,Office Supplies,1441.69,2024-12-29
Ladli Keer,Office Supplies,607.43,2025-10-10
Kevin Joshi,Training,2146.30,2025-04-18
Nidhi Dubey,Accommodation,1456.62,2025-09-20
Divya Deshmukh,Taxi,3738.44,2025-07-09
Vedant Dash,Accommodation,992.95,2025-02-07
Watika Deo,Training,665.09,2025-08-14
Radhika Baral,Meals,4888.56,2025-05-21
Bishakha Rout,Taxi,4935.13,2025-05-13
Wyatt Handa,Taxi,3008.19,2025-07-31
Azad Kurian,Internet,1763.07,2025-04-25
Peter Magar,Meals,3980.19,2025-06-28
Abdul Pillai,Internet,3686.72,2025-10-10
Divya Deshmukh,Taxi,4192.99,2025-10-08
Aayush Sandal,Meals,3676.82,2025-08-27
Anmol Desai,Office Supplies,2007.42,2024-12-15
Rajeshri Joshi,Office Supplies,1491.78,2025-11-24
Divya Deshmukh,Team Event,1937.75,2024-12-21
Peter Magar,Internet,1674.79,2025-09-26
Dayamai Bakshi,Taxi,2828.94,2025-03-25
Rajata Thakkar,Hardware,3893.35,2024-12-03
Ekalinga Dasgupta,Accommodation,4941.58,2025-02-01
Ladli Dalal,Travel,1577.82,2025-04-16
Zansi Banik,Meals,1828.94,2025-07-20
Robert Mammen,Internet,1300.24,2025-01-12
Hemani Arora,Accommodation,3606.09,2025-03-01
Zaitra Aurora,Meals,2124.30,2025-03-25
Isaac Choudhry,Team Event,3614.54,2025-11-08
Hemani Arora,Meals,1531.40,2025-07-12
Manya Soman,Accommodation,1369.95,2025-05-11
Indrajit Kapoor,Internet,4247.03,2025-08-05
Divya Deshmukh,Training,913.91,2025-09-07
Max Gole,Taxi,3689.28,2025-02-21
Tanish Oza,Travel,4973.50,2025-08-06
Diya Wali,Office Supplies,1283.86,2025-04-14
Rajeshri Joshi,Travel,2479.40,2025-08-07
Yadavi Chander,Taxi,4902.44,2025-10-10
Kai Goel,Travel,3713.68,2025-06-10
Dakshesh Sandhu,Office Supplies,818.41,2025-08-12
Widisha Lanka,Meals,3120.40,2025-04-16
Vihaan Sabharwal,Internet,3004.84,2025-03-07
Tanveer Tripathi,Hardware,3633.94,2025-09-09
Akshay Kohli,Internet,3159.06,2025-02-26
Varsha Nori,Office Supplies,4210.03,2025-01-08
Zaitra Aurora,Meals,4899.16,2025-11-17
Joshua Purohit,Hardware,1928.26,2025-04-28
Diya Wali,Internet,3341.06,2025-07-24
Rehaan Buch,Office Supplies,1310.86,2025-08-15
Sarthak Rajagopal,Office Supplies,4929.82,2025-08-30
Rudra Sodhi,Meals,2738.43,2025-05-28
Ronith Edwin,Accommodation,886.85,2024-11-27
Yochana Bora,Internet,730.39,2025-07-13
Yatin Uppal,Office Supplies,4238.02,2025-09-25
Indrajit Kapoor,Office Supplies,4256.03,2025-07-25
Dayamai Bakshi,Accommodation,2386.81,2024-12-16
Ansh Chaudry,Taxi,670.93,2025-06-26
Sarthak Rajagopal,Meals,1220.72,2025-03-26
Akshay Kohli,Meals,4308.29,2024-12-13
Zaitra Aurora,Software,2872.26,2025-03-24
Charan Devan,Training,1204.25,2025-07-30
Idika Ganesan,Office Supplies,3113.34,2025-04-28
Nidhi Dubey,Training,2861.39,2024-12-16
Yatin Uppal,Accommodation,1340.39,2024-12-16
Abhimanyu Kala,Team Event,4932.92,2025-08-02
Jacob Thakkar,Office Supplies,1696.41,2025-06-05
Vasatika Ahuja,Team Event,1491.29,2025-01-06
Chakradev Thakkar,Office Supplies,1540.51,2025-05-20
Idika Ganesan,Team Event,4172.76,2025-05-10
Vedant Dash,Travel,2675.10,2025-04-06
Nandini Golla,Travel,2792.89,2025-08-18
Harita Upadhyay,Travel,3636.24,2025-02-28
Ekaraj Buch,Internet,737.47,2025-09-06
Alexander Bhattacharyya,Office Supplies,4499.16,2025-06-02
Kai Goel,Office Supplies,4595.24,2025-09-22
Diya Wali,Software,649.87,2025-07-12
Nidhi Dubey,Internet,4062.37,2025-05-13
Shivansh Saran,Taxi,1445.78,2025-05-04
Jacob Thakkar,Accommodation,3296.89,2025-06-12
Yashoda Manne,Team Event,3377.91,2025-09-28
Joshua Purohit,Meals,645.88,2025-08-17
Ekaraj Buch,Office Supplies,575.29,2025-09-11
Dakshesh Sandhu,Office Supplies,1372.05,2025-05-25
Advik Dugar,Travel,4888.84,2025-04-14
Hemani Arora,Hardware,3199.64,2025-06-26
Kevin Joshi,Meals,4810.53,2025-03-11
Joshua Purohit,Accommodation,1970.29,2025-10-26
Samar Sharaf,Accommodation,850.91,2025-04-23
Ranbir Panchal,Training,4236.38,2025-03-07
Ekaraj Buch,Training,510.70,2025-07-26
Dominic Verma,Training,4161.99,2025-08-12
Vedant Dash,Training,3061.57,2025-11-11
Ranbir Panchal,Software,2245.19,2025-06-15
Krishna Dara,Office Supplies,1228.15,2025-11-09
Mugdha Mane,Team Event,4942.44,2025-06-11
Mugdha Mane,Accommodation,2684.15,2025-09-06
Abhimanyu Kala,Internet,3045.31,2025-02-02
Aarna Bahri,Training,2974.10,2024-12-30
Varsha Nori,Taxi,3225.41,2025-03-09
Tanish Oza,Office Supplies,1465.42,2025-06-13
Nicholas Mukhopadhyay,Office Supplies,1746.50,2025-10-19
Logan Khurana,Office Supplies,1974.31,2025-02-14
Nitara Rama,Taxi,2729.63,2025-01-19
Rudra Sodhi,Hardware,4256.04,2025-04-19
Benjamin Zachariah,Internet,3243.20,2025-07-02
Onkar Arya,Taxi,965.28,2025-03-17
Yauvani Sengupta,Meals,550.46,2025-11-14
Benjamin Zachariah,Hardware,2312.28,2025-03-15
Max Gole,Meals,1414.08,2025-06-21
Rudra Sodhi,Internet,2065.25,2025-02-25
Dalaja Wagle,Accommodation,1109.20,2025-01-19
Manya Soman,Training,2026.79,2024-11-25
Jacob Thakkar,Team Event,4119.94,2025-09-20
Alexander Bhattacharyya,Meals,3020.74,2025-02-06
Balvan Bahl,Team Event,3502.22,2025-10-12
Siddharth Dugal,Office Supplies,3860.43,2025-05-30
Dakshesh Sandhu,Accommodation,1554.72,2025-03-07
Charan Devan,Office Supplies,2054.50,2025-07-22
Peter Magar,Hardware,1449.62,2025-06-21
Saksham Talwar,Travel,4279.83,2025-09-27
Harita Upadhyay,Office Supplies,792.74,2025-11-24
Pushti Dalal,Hardware,1761.49,2025-02-20
Azad Raghavan,Internet,746.91,2025-01-11
Widisha Lanka,Accommodation,2692.46,2025-09-08
Ansh Chaudry,Software,2029.34,2025-01-12
Madhavi Johal,Accommodation,4542.62,2025-03-03
Manya Soman,Travel,3499.95,2025-11-19
Kai Goel,Training,1991.56,2024-12-17
Yauvani Sengupta,Accommodation,3039.18,2025-08-28
Watika Kaur,Accommodation,4236.85,2025-10-06
Robert Mammen,Internet,3763.49,2025-02-05
Widisha Lanka,Meals,1875.16,2025-03-28
Ladli Keer,Team Event,2455.45,2024-12-30
Indali Bhandari,Training,4872.10,2025-11-23
Dakshesh Sandhu,Meals,2571.33,2025-08-18
Benjamin Saini,Team Event,697.37,2025-02-17
Robert Mammen,Accommodation,3041.73,2025-03-03
Siddharth Dugal,Accommodation,3041.42,2025-04-13
Omisha Murty,Training,4835.81,2025-09-13
Azad Kurian,Meals,2415.47,2025-11-25
Jacob Thakkar,Team Event,2820.77,2025-04-22
Nathaniel Kala,Software,3171.78,2025-08-27
Ekaraj Buch,Hardware,3895.42,2025-04-20
Nidhi Dubey,Software,4158.31,2025-02-23
Ekaraj Buch,Team Event,4386.00,2025-07-08
Nandini Golla,Office Supplies,1539.55,2025-04-06
Ansh Chaudry,Internet,781.63,2025-03-22
Rudra Sodhi,Internet,2805.75,2025-06-21
Indali Bhandari,Training,1574.86,2025-09-12
Vedant Dash,Training,3407.88,2025-01-21
Mugdha Mane,Travel,535.65,2025-03-17
Advik Dugar,Internet,694.89,2025-04-13
Wyatt Handa,Training,2790.79,2025-07-23
Ekaja Kamdar,Taxi,1486.53,2024-12-23
Divya Deshmukh,Taxi,4639.35,2025-07-13
Jhalak Bali,Internet,603.02,2025-10-18
Charan Devan,Accommodation,4302.41,2025-09-18
Nathaniel Kala,Team Event,1387.70,2025-06-30
Mugdha Mane,Software,1684.39,2025-06-03
Varsha Nori,Internet,1548.51,2025-06-18
Yashoda Manne,Internet,2976.34,2025-08-15
Max Gole,Hardware,2495.83,2024-12-04
Dominic Verma,Hardware,2240.27,2025-08-29
Ranbir Panchal,Taxi,3215.98,2024-12-31
Rudra Sodhi,Software,3137.67,2025-06-06
Jhalak Bali,Hardware,3137.80,2025-11-17
Max Gole,Software,4934.85,2025-01-07
Azad Raghavan,Training,2436.98,2025-04-21
Varsha Nori,Hardware,976.49,2025-05-24
Ladli Dalal,Taxi,4119.76,2024-12-11
Mugdha Mane,Hardware,2463.40,2024-12-31
Dalaja Wagle,Taxi,697.49,2025-09-20
Kevin Joshi,Hardware,4467.91,2025-03-13
Abhimanyu Kala,Hardware,1312.62,2025-06-26
Dominic Verma,Travel,1388.45,2025-03-21
Indali Bhandari,Accommodation,4065.11,2025-06-28
Yatin Uppal,Software,545.53,2025-05-10
Caleb Sood,Travel,4361.85,2025-07-07
Dayamai Bakshi,Software,611.61,2025-01-12
Daksha Mitter,Meals,1483.12,2025-10-29
Balvan Bahl,Office Supplies,2347.29,2025-04-21
Benjamin Zachariah,Software,1496.60,2025-08-05
Watika Kaur,Travel,4842.68,2025-11-01
Idika Rastogi,Training,3210.76,2025-04-30
Abhimanyu Kala,Meals,4061.10,2025-09-29
Jacob Thakkar,Meals,4615.85,2025-03-13
Aayush Sandal,Taxi,3853.22,2025-04-11
Benjamin Saini,Training,3790.03,2025-06-14
Nathaniel Kala,Training,2910.22,2025-01-01
Eesha Dasgupta,Software,4475.78,2025-04-17
Idika Rastogi,Software,2212.52,2024-12-30
Dakshesh Sandhu,Travel,4259.81,2025-06-17
Joshua Purohit,Taxi,3006.97,2025-01-06
Hemani Arora,Travel,3822.03,2025-03-11
Charan Devan,Internet,2088.56,2025-01-17
Krishna Dara,Office Supplies,2957.36,2025-08-26
Sarthak Rajagopal,Office Supplies,656.35,2025-05-15
Yatin Uppal,Hardware,2427.42,2025-10-10
Omisha Murty,Team Event,2371.21,2024-11-28
Ethan Sekhon,Internet,4976.31,2024-12-07
Chakradev Thakkar,Hardware,2602.06,2025-10-09
Vedika Mann,Hardware,4193.58,2025-10-21
Dalaja Wagle,Hardware,2242.41,2025-10-11
Benjamin Zachariah,Office Supplies,1927.41,2025-07-10
Mugdha Mane,Team Event,1488.21,2025-07-20
Siddharth Dugal,Internet,1832.47,2025-05-17
Azad Raghavan,Hardware,4412.20,2025-03-05
Dalaja Wagle,Internet,3852.40,2025-05-02
Watika Deo,Travel,4570.94,2025-06-11
Ansh Chaudry,Taxi,4325.62,2024-12-26
Rudra Sodhi,Travel,1114.77,2025-04-09
Kevin Joshi,Internet,954.18,2025-01-18
Siddharth Dugal,Team Event,3431.22,2025-07-30
Eesha Dasgupta,Travel,611.83,2025-08-21
Vedika Mann,Software,2098.04,2025-01-18
Sarthak Rajagopal,Accommodation,2554.21,2025-05-10
Manya Soman,Accommodation,4412.97,2025-10-17
Vedant Dash,Taxi,4871.24,2025-03-14
Alexander Bhattacharyya,Travel,2038.45,2025-07-23
Idika Rastogi,Meals,2106.44,2025-04-26
Kai Goel,Team Event,1480.91,2025-10-17
Siddharth Dugal,Accommodation,922.65,2025-07-11
Hemani Arora,Accommodation,2552.14,2025-07-22
Jhalak Bali,Accommodation,3733.14,2025-06-26
Wridesh Magar,Internet,1424.95,2025-02-11
Benjamin Saini,Hardware,1761.82,2025-11-22
Anika Bansal,Travel,3836.11,2025-03-11
Joshua Purohit,Travel,4795.18,2025-06-06
Jhalak Bali,Office Supplies,722.64,2025-05-12
Vedika Mann,Meals,3200.41,2025-02-20
Nicholas Mukhopadhyay,Software,1530.61,2025-02-06
Manya Soman,Accommodation,4567.46,2025-10-29
Yatin Uppal,Office Supplies,3512.21,2025-07-01
Azad Raghavan,Training,4010.89,2025-09-28
Rehaan Buch,Training,2110.16,2025-07-28
Mugdha Mane,Office Supplies,1075.42,2025-10-03
Azad Kurian,Office Supplies,1779.02,2024-12-06
Widisha Lanka,Hardware,1973.16,2025-04-21
Rajeshri Joshi,Hardware,2043.97,2025-02-13
Devansh Gara,Taxi,4357.74,2024-11-26
Jhalak Bali,Team Event,4983.73,2025-10-05
Rehaan Buch,Meals,3212.31,2025-01-08
Tanish Oza,Taxi,2032.49,2024-12-03
Watika Deo,Taxi,2586.03,2025-09-22
Ladli Keer,Software,2659.26,2025-04-06
Krishna Dara,Team Event,1903.84,2025-08-20
Yatin Uppal,Training,1525.71,2025-03-15
Nicholas Mukhopadhyay,Hardware,4003.35,2025-01-23
Tanish Oza,Hardware,3963.41,2025-01-09
Anmol Desai,Taxi,944.23,2025-06-06
Widisha Lanka,Taxi,2569.16,2025-06-10
Ladli Keer,Software,3666.89,2025-04-04
Yatin Uppal,Accommodation,4915.43,2025-01-11
Dominic Verma,Accommodation,3003.70,2025-06-10
Akshay Kohli,Hardware,3477.97,2025-02-28
Diya Wali,Hardware,3022.79,2025-04-02
Joshua Purohit,Travel,3164.72,2025-08-28
Nathaniel Kala,Travel,2421.10,2025-09-16
Ronith Edwin,Internet,1231.86,2025-05-28
Aayush Sandal,Software,2074.71,2024-12-08
Dev Bhagat,Software,2878.67,2025-05-15
Devansh Gara,Training,3241.39,2025-10-06
Yauvani Sengupta,Hardware,3355.92,2025-09-28
Watika Deo,Team Event,2668.26,2025-08-28
Robert Mammen,Meals,4229.64,2025-01-21
Abdul Pillai,Training,3308.58,2025-07-23
Rajata Thakkar,Taxi,3323.69,2025-01-05
Zaitra Aurora,Taxi,885.80,2025-03-25
Radhika Baral,Software,2659.59,2024-12-17
Dev Bhagat,Accommodation,1583.46,2024-12-01
Varsha Nori,Office Supplies,3567.06,2024-11-25
Harinakshi Dhaliwal,Office Supplies,4345.61,2025-01-25
Divya Deshmukh,Software,4512.90,2025-08-04
Dalaja Wagle,Training,1707.27,2025-08-11
Krishna Dara,Taxi,4286.41,2025-01-13
Hemani Arora,Accommodation,1163.26,2025-10-06
Shivansh Saran,Meals,3684.50,2025-07-18
Manya Soman,Hardware,2548.43,2025-07-12
Dayamai Bakshi,Team Event,4857.15,2025-04-14
Watika Kaur,Office Supplies,4330.88,2025-09-13
Ethan Sekhon,Internet,1260.77,2024-12-17
Omisha Murty,Travel,570.86,2025-04-03
Max Gole,Training,1496.28,2024-11-25
Eesha Dasgupta,Meals,1311.72,2025-02-17
Hemani Arora,Team Event,1443.11,2025-05-22
Abdul Pillai,Meals,4136.29,2025-02-20
Aarna Bahri,Software,3618.72,2025-05-15
Kai Goel,Software,1105.69,2025-08-05
Dominic Verma,Internet,825.91,2025-11-10
Vihaan Sabharwal,Travel,4049.14,2025-04-06
Peter Magar,Internet,4278.25,2025-05-29
Ronith Edwin,Taxi,1359.61,2025-05-04
Saksham Talwar,Office Supplies,4380.95,2025-01-12
Vivaan Kannan,Taxi,2538.76,2025-05-17
Anika Bansal,Training,2612.51,2025-08-14
Nandini Golla,Accommodation,602.06,2025-09-10
Abhimanyu Kala,Taxi,4764.14,2025-03-15
Ekaja Kamdar,Taxi,4328.00,2025-08-06
Sarthak Rajagopal,Meals,1103.38,2025-07-14
Vivaan Kannan,Internet,4704.51,2025-03-21
Vedika Mann,Accommodation,540.22,2025-04-26
Wridesh Magar,Meals,4007.50,2025-07-18
Hiral Munshi,Accommodation,566.86,2025-04-17
Sarthak Rajagopal,Software,1364.13,2025-11-23
Manya Soman,Hardware,615.57,2025-09-16
Harita Upadhyay,Travel,3970.41,2025-10-06
Azad Kurian,Meals,526.46,2024-12-09
Radhika Baral,Team Event,1720.80,2025-09-21
Anika Bansal,Taxi,3390.84,2025-10-03
Vihaan Sabharwal,Meals,3467.52,2024-11-28
Dayamai Bakshi,Meals,2579.04,2025-02-17
Advik Dugar,Team Event,3038.10,2025-07-04
Indali Bhandari,Hardware,1093.97,2025-08-21
Benjamin Saini,Training,2028.56,2025-04-11
Advik Dugar,Accommodation,3255.94,2025-07-18
Dev Bhagat,Internet,2705.45,2025-07-22
Dakshesh Sandhu,Accommodation,3296.09,2025-09-14
Yadavi Chander,Team Event,2510.19,2025-11-06
Azad Kurian,Training,2818.35,2025-10-18
Watika Deo,Training,2835.75,2025-09-18
Siddharth Dugal,Meals,610.25,2025-07-27
Rehaan Buch,Internet,2567.06,2025-02-18
Hiral Munshi,Hardware,3605.15,2024-11-27
Benjamin Zachariah,Accommodation,2436.43,2025-06-26
Rajeshri Joshi,Meals,3513.09,2025-03-17
Shivansh Saran,Training,1776.46,2025-09-01
Indali Bhandari,Software,2399.63,2025-08-27
Nirja Sekhon,Accommodation,790.08,2025-10-25
Rudra Sodhi,Internet,2453.50,2025-06-29
Benjamin Zachariah,Training,2589.24,2025-01-16
Dakshesh Sandhu,Team Event,1929.72,2025-02-27
Akshay Kohli,Internet,4050.37,2025-10-29
Bishakha Rout,Accommodation,1705.78,2025-09-20
Kiaan Lala,Training,2768.84,2025-09-27
Radhika Baral,Meals,1123.19,2025-06-14
Dayamai Bakshi,Accommodation,1701.91,2025-03-24
Watika Kaur,Training,1677.89,2025-08-18
Dayamai Bakshi,Internet,3383.93,2025-05-05
Yashoda Manne,Training,4278.90,2025-07-08
Kiaan Lala,Taxi,1621.53,2025-04-03
Yatin Uppal,Taxi,2994.75,2025-11-03
Rajata Thakkar,Meals,1117.61,2025-10-13
Aayush Sandal,Team Event,2343.61,2025-06-07
Azad Raghavan,Training,2507.38,2025-06-01
Hemani Arora,Accommodation,4183.15,2025-10-15
Vihaan Sabharwal,Internet,4743.17,2025-01-09
Dakshesh Sandhu,Team Event,1846.23,2025-04-08
Dalaja Wagle,Team Event,1745.71,2025-01-31
Yauvani Sengupta,Team Event,2775.13,2025-03-02
Widisha Lanka,Hardware,4104.96,2025-01-13
Vedant Dash,Software,3762.09,2025-04-11
Ladli Dalal,Hardware,1386.93,2025-08-08
Nirja Sekhon,Team Event,1444.52,2025-08-02
Zaitra Aurora,Team Event,1807.93,2025-05-17
Vedika Mann,Software,4927.18,2025-06-19
Nicholas Mukhopadhyay,Internet,1103.18,2025-03-23
Radhika Baral,Training,543.78,2024-12-22
Azad Raghavan,Hardware,3011.77,2025-01-15
Jacob Thakkar,Training,4250.98,2025-04-28
Wyatt Handa,Accommodation,4205.93,2025-05-26
Benjamin Saini,Team Event,2558.07,2025-01-08
Ranbir Panchal,Travel,876.97,2025-03-11
Alexander Bhattacharyya,Meals,3581.49,2025-10-27
Logan Khurana,Internet,2864.93,2025-11-22
Abdul Pillai,Internet,3844.21,2025-10-26
Ekaja Kamdar,Travel,3688.30,2025-06-06
Harita Upadhyay,Software,3718.31,2025-02-06
Eesha Dasgupta,Accommodation,1180.00,2025-02-10
Shivansh Saran,Travel,630.48,2025-09-20
Vihaan Sabharwal,Internet,2282.72,2025-02-24
Max Gole,Taxi,3627.08,2025-02-28
Saksham Talwar,Travel,1249.81,2025-02-25
Watika Kaur,Internet,3765.60,2024-11-30
Diya Wali,Internet,1308.12,2025-01-23
Vedant Dash,Accommodation,1588.81,2025-01-11
Kai Goel,Taxi,2323.08,2025-07-10
Bishakha Rout,Hardware,4034.88,2025-05-19
Abhimanyu Kala,Meals,1350.16,2025-03-06
Dakshesh Sandhu,Internet,1360.39,2025-06-23
Idika Rastogi,Meals,4752.97,2025-03-09
Hemani Arora,Hardware,3125.93,2025-09-03
Benjamin Saini,Meals,1166.27,2025-06-12
Vivaan Kannan,Software,2800.97,2025-07-29
Manya Soman,Office Supplies,4962.73,2025-08-27
Jacob Thakkar,Team Event,4975.86,2025-10-15
Peter Magar,Accommodation,1105.60,2025-07-04
Varsha Nori,Taxi,3058.30,2025-11-21
Wridesh Magar,Internet,2003.03,2025-11-23
Pushti Dalal,Hardware,957.08,2025-03-17
Rudra Sodhi,Meals,4403.06,2025-09-28
Ladli Dalal,Travel,3587.25,2025-05-02
Vivaan Kannan,Meals,2135.92,2024-12-15
Dalaja Wagle,Team Event,2751.46,2024-12-09
Yochana Bora,Meals,1018.35,2024-12-08
Kiaan Lala,Team Event,1692.98,2025-06-22
Mugdha Mane,Training,4410.06,2025-08-30
Max Gole,Travel,3744.41,2025-10-03
Daksha Mitter,Accommodation,2392.02,2025-11-19
Isaac Choudhry,Travel,1803.53,2025-02-02
Robert Mammen,Meals,2407.22,2025-11-02
Shivansh Saran,Accommodation,4029.78,2025-11-01
Onkar Arya,Accommodation,1202.20,2025-06-10
Watika Deo,Training,1708.59,2024-12-11
Dev Bhagat,Meals,874.38,2025-05-03
Watika Kaur,Internet,3200.01,2025-09-05
Max Gole,Software,2107.59,2025-10-12
Tanveer Tripathi,Travel,2684.42,2025-07-25
Ansh Chaudry,Training,4820.34,2025-01-10
Yatin Uppal,Hardware,544.29,2025-01-03
Harinakshi Dhaliwal,Software,1759.47,2025-09-15
Zansi Banik,Travel,3763.27,2025-09-29
Bishakha Rout,Travel,4542.79,2025-08-27
Ekaraj Buch,Taxi,2836.26,2025-07-09
Zansi Banik,Software,4441.96,2025-08-17
Dayamai Bakshi,Office Supplies,4139.37,2025-06-10
Nicholas Mukhopadhyay,Taxi,4864.71,2025-10-21
Nicholas Mukhopadhyay,Internet,1003.94,2025-04-27
Yauvani Sengupta,Accommodation,2959.49,2025-05-02
Tanish Oza,Training,1352.51,2025-01-23
Manya Soman,Training,2230.41,2025-05-26
Yadavi Chander,Office Supplies,2167.93,2025-03-27
Nitara Rama,Software,2911.27,2025-09-28
Faras Dara,Training,4142.52,2025-03-14
Idika Rastogi,Taxi,690.07,2024-12-17
Kai Goel,Training,1157.71,2025-11-21
Balvan Bahl,Training,2969.80,2025-09-26
Omisha Murty,Travel,3904.26,2025-06-26
Joshua Purohit,Travel,2943.31,2025-11-22
Hiral Munshi,Taxi,1080.51,2025-04-05
Diya Wali,Training,2492.00,2025-11-25
Ekaja Kamdar,Hardware,4077.51,2025-03-08
Yochana Bora,Software,540.52,2025-06-19
Charan Devan,Team Event,3207.43,2025-11-07
Abhimanyu Kala,Training,1734.96,2025-01-13
Charan Devan,Software,3938.67,2024-12-28
Peter Magar,Taxi,3051.97,2025-04-26
Diya Wali,Team Event,4912.44,2025-06-03
Diya Wali,Accommodation,4632.95,2025-11-12
Max Gole,Team Event,4667.57,2025-06-23
Ranbir Panchal,Taxi,4908.38,2025-06-29
Aayush Sandal,Taxi,1029.64,2025-01-15
Vedika Mann,Office Supplies,2064.72,2024-12-26
Robert Mammen,Travel,1562.93,2025-07-22
Ladli Keer,Accommodation,594.71,2025-01-22
Ekaraj Buch,Hardware,3720.67,2025-08-11
Hemani Arora,Taxi,1575.03,2025-03-26
Zaitra Aurora,Internet,2765.75,2025-07-05
Rudra Sodhi,Meals,4251.07,2025-05-29
Rajeshri Joshi,Meals,4017.04,2025-02-15
Jhalak Bali,Accommodation,3573.85,2025-06-01
Bishakha Rout,Team Event,1757.26,2025-05-13
Ladli Keer,Internet,4286.28,2025-05-11
Anika Bansal,Internet,4462.85,2025-04-01
Benjamin Zachariah,Accommodation,893.58,2025-10-16
Ranbir Panchal,Internet,729.50,2025-01-08
Widisha Lanka,Travel,2515.55,2025-11-02
Peter Magar,Internet,1559.78,2025-08-26
Ansh Chaudry,Hardware,4929.51,2025-08-11
Nicholas Mukhopadhyay,Software,1205.95,2025-02-04
Akshay Kohli,Internet,4268.27,2025-09-18
Dalaja Wagle,Hardware,3862.67,2024-12-25
Aayush Sandal,Travel,1701.67,2025-04-16
Logan Khurana,Team Event,4868.02,2025-02-21
Rehaan Buch,Office Supplies,1928.94,2025-03-12
Dominic Verma,Internet,3689.70,2025-05-20
Nathaniel Kala,Internet,1570.66,2024-11-28
Rajata Thakkar,Travel,4788.16,2025-05-19
Anmol Desai,Internet,3860.32,2024-12-09
Vihaan Sabharwal,Software,678.33,2025-08-28
Harinakshi Dhaliwal,Hardware,3831.40,2025-03-05
Jacob Thakkar,Office Supplies,2060.19,2025-09-14
Wyatt Handa,Software,2762.82,2025-08-07
Zaitra Aurora,Accommodation,2314.07,2025-07-24
Yochana Bora,Software,1293.34,2025-11-20
Radhika Baral,Accommodation,864.31,2025-04-02
Faras Dara,Internet,3982.77,2025-04-03
Yauvani Sengupta,Team Event,2961.98,2024-12-05
Hiral Munshi,Office Supplies,4751.70,2025-06-08
Tanish Oza,Travel,2873.07,2025-11-07
Omisha Murty,Office Supplies,4655.06,2025-06-18
Azad Kurian,Taxi,3540.93,2025-05-25
Dayamai Bakshi,Internet,744.06,2025-11-25
Radhika Baral,Training,3668.22,2025-08-18
Onkar Arya,Software,1574.91,2025-01-09
Abdul Pillai,Hardware,1680.85,2025-08-04
Logan Khurana,Software,1965.11,2025-07-30
Zaitra Aurora,Hardware,524.01,2025-09-09
Widisha Lanka,Office Supplies,4796.21,2025-02-18
Zaitra Aurora,Training,3607.68,2024-12-05
Bishakha Rout,Hardware,1315.49,2025-08-29
Idika Rastogi,Meals,944.91,2024-12-08
Diya Wali,Taxi,4609.02,2025-08-20
Vedant Dash,Training,4834.78,2025-03-31
Ronith Edwin,Meals,4091.12,2025-03-09
Yadavi Chander,Accommodation,1218.45,2025-04-15
Abdul Pillai,Team Event,1688.44,2025-11-02
Idika Rastogi,Training,2579.58,2025-09-19
Abhimanyu Kala,Office Supplies,1580.06,2025-08-17
Ansh Chaudry,Internet,1545.18,2025-07-11
Watika Deo,Office Supplies,1367.55,2025-09-19
Devansh Gara,Hardware,645.56,2025-05-04
Anmol Desai,Travel,1596.06,2025-06-23
Dev Bhagat,Meals,1460.62,2025-05-04
Anika Bansal,Accommodation,1367.73,2025-10-29
Dalaja Wagle,Office Supplies,4734.47,2025-10-02
Kai Goel,Internet,3868.07,2025-01-22
Eesha Dasgupta,Internet,4635.90,2025-04-22
Jhalak Bali,Hardware,3221.07,2025-10-28
Benjamin Zachariah,Software,4281.97,2025-08-20
Daksha Mitter,Meals,1299.27,2025-10-11
Kai Goel,Travel,723.98,2025-09-28
Ansh Chaudry,Hardware,568.47,2025-06-15
Nandini Golla,Travel,534.65,2025-07-18
Hiral Munshi,Taxi,1068.18,2024-11-29
Ronith Edwin,Training,4657.51,2024-12-31
Harita Upadhyay,Training,4295.83,2025-05-01
Ekaja Kamdar,Taxi,2130.86,2025-04-18
Ansh Chaudry,Hardware,3838.85,2025-03-19
Aarna Bahri,Travel,2866.84,2025-03-10
Zaitra Aurora,Travel,2190.77,2025-10-10
Vedant Dash,Taxi,4112.49,2024-12-30
Vedant Dash,Meals,4821.60,2025-01-19
Kevin Joshi,Hardware,4648.45,2025-03-30
Dev Bhagat,Team Event,3610.75,2025-07-11
Max Gole,Internet,932.35,2025-10-29
Yatin Uppal,Software,2730.60,2025-04-07
Logan Khurana,Office Supplies,4988.68,2025-02-19
Benjamin Zachariah,Office Supplies,661.32,2025-04-15
Aayush Sandal,Accommodation,3908.42,2025-10-13
Jhalak Bali,Meals,698.31,2025-04-25
Rudra Sodhi,Office Supplies,2475.42,2025-08-29
Mugdha Mane,Team Event,1942.39,2025-04-09
Ethan Sekhon,Training,4893.04,2024-12-29
Vivaan Kannan,Internet,1812.88,2025-01-28
Aayush Sandal,Team Event,581.81,2025-03-02
Yadavi Chander,Training,2338.53,2025-11-09
Dayamai Bakshi,Training,3482.15,2025-07-01
Divya Deshmukh,Hardware,630.83,2025-11-21
Balvan Bahl,Hardware,1941.23,2025-09-21
Manya Soman,Taxi,2306.55,2025-06-21
Devansh Gara,Team Event,2216.91,2025-09-03
Max Gole,Software,4241.44,2025-05-29
Zansi Banik,Hardware,4225.78,2025-11-23
Idika Ganesan,Taxi,1802.40,2025-11-15
Kiaan Lala,Team Event,3422.35,2024-12-08
Kevin Joshi,Travel,4695.66,2025-02-24
Dev Bhagat,Internet,4472.02,2025-09-16
Anmol Desai,Meals,4359.89,2025-03-02
Shivansh Saran,Meals,3265.74,2025-06-07
Benjamin Saini,Software,1105.18,2025-04-18
Nitara Rama,Hardware,1997.25,2025-10-23
Wyatt Handa,Software,3935.07,2025-04-08
Abdul Pillai,Travel,2923.70,2025-03-28
Hemani Arora,Team Event,4057.18,2025-06-15
Wyatt Handa,Internet,1495.68,2025-06-22
Hemani Arora,Accommodation,1720.75,2025-01-22
Vedika Mann,Accommodation,663.86,2025-07-05
Balvan Bahl,Hardware,2872.60,2025-04-09
Harinakshi Dhaliwal,Travel,2034.39,2025-05-06
Mugdha Mane,Taxi,1613.59,2025-11-08
Caleb Sood,Hardware,4126.79,2024-12-09
Isaac Choudhry,Meals,2387.97,2024-11-27
Joshua Purohit,Office Supplies,4316.39,2025-04-03
Yochana Bora,Hardware,2393.10,2025-06-28
Ronith Edwin,Internet,2967.51,2024-12-20
Balvan Bahl,Hardware,912.46,2025-01-06
Radhika Baral,Hardware,3070.97,2025-09-09
Varsha Nori,Taxi,1986.79,2025-06-24
Rudra Sodhi,Hardware,2209.19,2025-06-19
Samar Sharaf,Accommodation,1154.72,2025-02-20
Yauvani Sengupta,Hardware,4631.97,2025-09-15
Tanish Oza,Software,1281.79,2025-01-27
Aarna Bahri,Internet,783.78,2025-10-19
Wyatt Handa,Software,3698.85,2024-12-28
Daksha Mitter,Office Supplies,1230.71,2025-04-09
Vedika Mann,Training,4110.55,2025-11-08
Robert Mammen,Team Event,2103.33,2025-02-17
Kevin Joshi,Accommodation,3420.38,2025-05-04
Watika Kaur,Internet,2697.69,2025-03-22
Eesha Dasgupta,Internet,3128.78,2025-11-01
Ladli Dalal,Meals,1773.31,2025-09-01
Devansh Gara,Team Event,674.11,2024-12-20
Ladli Keer,Training,1146.29,2025-07-02
Isaac Choudhry,Meals,2467.16,2025-10-09
Wridesh Magar,Office Supplies,3999.83,2025-10-08
Zaitra Aurora,Office Supplies,4713.09,2025-10-15
Devansh Gara,Training,2451.48,2025-01-22
Kai Goel,Training,4019.69,2025-01-20
Azad Raghavan,Meals,2364.84,2025-06-30
Ekalinga Dasgupta,Travel,2945.24,2025-04-03
Nirja Sekhon,Hardware,2281.15,2025-08-07
Caleb Sood,Hardware,2317.86,2025-07-24
Yashoda Manne,Accommodation,1354.01,2025-09-16
Rajeshri Joshi,Team Event,661.07,2025-03-16
Benjamin Saini,Meals,3416.79,2025-11-10
Pushti Dalal,Meals,3131.55,2025-07-28
Jacob Thakkar,Travel,4720.04,2025-06-09
Vedika Mann,Hardware,3395.90,2025-03-27
Manya Soman,Meals,4837.29,2025-02-24
Watika Deo,Taxi,870.09,2025-10-17
Chakradev Thakkar,Taxi,908.93,2025-05-17
Eesha Dasgupta,Hardware,3919.67,2025-11-16
Kai Goel,Travel,1746.96,2025-02-01
Nathaniel Kala,Taxi,3116.68,2025-02-11
Abhimanyu Kala,Meals,3994.92,2025-01-06
Samar Sharaf,Internet,1729.65,2025-03-07
Abhimanyu Kala,Hardware,1423.93,2025-05-13
Yauvani Sengupta,Taxi,2223.62,2025-03-15
Faras Dara,Internet,948.55,2025-08-28
Rajeshri Joshi,Office Supplies,4902.64,2025-06-18
Kevin Joshi,Team Event,904.20,2025-01-08
Vasatika Ahuja,Training,2859.23,2025-04-21
Divya Deshmukh,Office Supplies,2533.70,2025-03-03
Balvan Bahl,Meals,1705.41,2024-12-25
Omisha Murty,Accommodation,3090.25,2025-05-29
Max Gole,Office Supplies,1976.12,2025-01-01
Daksha Mitter,Travel,1852.36,2025-03-28
Akshay Kohli,Hardware,4459.78,2024-12-09
Isaac Choudhry,Meals,644.66,2025-04-07
Dev Bhagat,Internet,1113.25,2025-07-08
Charan Devan,Accommodation,4384.56,2025-03-26
Dev Bhagat,Office Supplies,3995.16,2025-07-05
Tanish Oza,Team Event,4091.03,2025-08-13
Abdul Pillai,Accommodation,3182.60,2025-08-06
Logan Khurana,Meals,2339.16,2025-07-19
Omisha Murty,Internet,3232.47,2025-10-26
Nidhi Dubey,Software,4879.60,2024-12-28
Balvan Bahl,Training,675.26,2025-09-30
Siddharth Dugal,Taxi,4283.45,2025-05-30
Devansh Gara,Taxi,1854.16,2025-08-14
Anika Bansal,Taxi,3298.58,2025-08-22
Nidhi Dubey,Taxi,2622.35,2025-10-26
Daksha Mitter,Accommodation,2445.95,2025-10-26
Ladli Dalal,Accommodation,1643.23,2024-12-06
Azad Raghavan,Training,4007.29,2025-03-23
Kai Goel,Hardware,1699.52,2025-01-22
Isaac Choudhry,Team Event,4292.74,2025-06-07
Ethan Sekhon,Meals,1751.22,2025-08-09
Rehaan Buch,Internet,2978.90,2025-06-23
Benjamin Zachariah,Office Supplies,4429.96,2025-02-17
Mugdha Mane,Travel,4148.20,2025-07-16
Harita Upadhyay,Software,4789.50,2025-03-28
Kai Goel,Hardware,1604.07,2025-10-12
Pushti Dalal,Software,4288.02,2025-11-17
Rajata Thakkar,Training,2280.87,2025-03-10
Siddharth Dugal,Software,4628.43,2025-04-19
Ladli Keer,Meals,1052.18,2025-10-28
Rajeshri Joshi,Office Supplies,3362.95,2025-06-12
Rajeshri Joshi,Taxi,4712.20,2025-01-17
Azad Kurian,Software,2249.83,2025-01-26
Diya Wali,Meals,2232.48,2025-01-16
Nathaniel Kala,Team Event,3373.09,2025-01-03
Jhalak Bali,Taxi,625.14,2025-06-11
Varsha Nori,Team Event,3285.03,2025-01-23
Kevin Joshi,Office Supplies,651.31,2025-01-09
Zaitra Aurora,Training,4905.31,2025-01-07
Abhimanyu Kala,Team Event,4654.88,2025-02-26
Ladli Keer,Accommodation,4050.06,2025-08-05
Idika Ganesan,Team Event,1181.72,2025-05-07
Omisha Murty,Software,4785.22,2025-05-21
Ansh Chaudry,Accommodation,1138.20,2024-12-30
Yatin Uppal,Office Supplies,649.60,2025-06-09
Daksha Mitter,Accommodation,3774.94,2024-12-17
Nathaniel Kala,Training,1361.85,2024-12-21
Aayush Sandal,Taxi,801.44,2024-12-06
Varsha Nori,Office Supplies,3297.62,2025-06-15
Ranbir Panchal,Software,1386.44,2025-07-04
Azad Kurian,Team Event,1881.63,2025-02-18
Watika Kaur,Travel,2141.72,2025-02-03
Caleb Sood,Training,4491.94,2025-08-15
Manya Soman,Taxi,1372.41,2025-04-22
Samar Sharaf,Taxi,4913.77,2025-10-22
Ladli Keer,Software,4953.13,2025-07-20
Rudra Sodhi,Software,1555.21,2025-10-11
Akshay Kohli,Software,3333.97,2025-01-12
Omisha Murty,Hardware,3090.33,2025-09-08
Nicholas Mukhopadhyay,Hardware,3851.18,2025-03-31
Dayamai Bakshi,Hardware,1033.10,2025-08-29
Anmol Desai,Hardware,1047.88,2025-04-22
Bishakha Rout,Office Supplies,4638.83,2025-10-31
Madhavi Johal,Internet,1619.03,2025-04-24
Joshua Purohit,Hardware,3289.09,2025-07-02
Siddharth Dugal,Team Event,3926.26,2025-08-29
Harita Upadhyay,Internet,1998.30,2024-12-22
Hiral Munshi,Hardware,3651.09,2025-06-07
Pushti Dalal,Software,2754.76,2025-10-17
Wyatt Handa,Training,1012.79,2025-09-22
Bishakha Rout,Meals,4136.98,2025-11-18
Charan Devan,Meals,3039.72,2025-07-04
Pushti Dalal,Hardware,4422.03,2025-11-16
Wyatt Handa,Office Supplies,1006.71,2024-12-03
Manya Soman,Internet,4276.66,2025-11-24
Dev Bhagat,Hardware,1500.77,2024-12-17
Shivansh Saran,Accommodation,665.66,2025-10-17
Balvan Bahl,Internet,2669.51,2025-10-01
Caleb Sood,Taxi,1309.96,2025-03-04
Wridesh Magar,Taxi,3059.90,2025-04-20
Max Gole,Training,3561.31,2025-01-01
Rudra Sodhi,Travel,3915.70,2025-06-25
Dev Bhagat,Taxi,2869.78,2025-04-08
Samar Sharaf,Meals,2398.55,2025-08-19
Nitara Rama,Travel,1162.04,2025-04-19
Dakshesh Sandhu,Team Event,2942.76,2025-07-20
Widisha Lanka,Team Event,1423.69,2024-12-12
Yadavi Chander,Meals,2649.93,2025-03-20
Dalaja Wagle,Software,2739.23,2024-11-26
Ekaja Kamdar,Office Supplies,4759.41,2025-02-17
Alexander Bhattacharyya,Software,3060.90,2025-03-30
Dakshesh Sandhu,Hardware,3065.92,2025-01-27
Ladli Keer,Travel,4261.89,2025-11-14
Mugdha Mane,Team Event,3586.04,2025-05-27
Rehaan Buch,Travel,1357.86,2024-12-19
Joshua Purohit,Team Event,1557.80,2025-04-06
Rehaan Buch,Training,1339.48,2025-02-28
Benjamin Zachariah,Meals,1535.70,2025-03-09
Balvan Bahl,Software,4067.05,2025-01-12
Mugdha Mane,Meals,712.07,2025-09-06
Aayush Sandal,Team Event,630.10,2025-04-29
Saksham Talwar,Software,3115.25,2025-01-28
Joshua Purohit,Training,584.31,2025-08-25
Max Gole,Meals,4323.91,2024-12-21
Yochana Bora,Training,616.92,2025-07-28
Tanveer Tripathi,Training,4888.90,2025-06-25
Jacob Thakkar,Meals,854.91,2024-12-08
Indrajit Kapoor,Team Event,529.59,2025-03-31
Benjamin Saini,Travel,2827.07,2025-05-24
Dev Bhagat,Taxi,4269.44,2025-04-28
Diya Wali,Training,1228.07,2025-04-07
Samar Sharaf,Travel,2665.66,2025-05-11
Advik Dugar,Office Supplies,1990.27,2025-03-15
Nicholas Mukhopadhyay,Taxi,1193.49,2024-11-27
Dev Bhagat,Team Event,3745.54,2024-12-11
Yashoda Manne,Meals,1323.76,2024-12-10
Jacob Thakkar,Travel,1702.78,2025-01-08
Ranbir Panchal,Travel,3742.31,2025-11-01
Ranbir Panchal,Training,2592.84,2025-01-16
Harinakshi Dhaliwal,Taxi,1388.09,2025-06-11
Zaitra Aurora,Software,4254.28,2025-03-31
Azad Raghavan,Accommodation,1618.58,2025-11-25
Tanish Oza,Travel,2481.49,2025-05-17
Dominic Verma,Team Event,2056.94,2025-06-15
Isaac Choudhry,Taxi,4525.97,2025-05-18
Idika Ganesan,Training,1219.93,2025-04-28
Ronith Edwin,Travel,4509.78,2025-08-29
Yashoda Manne,Office Supplies,1424.65,2025-04-24
Aarna Bahri,Taxi,1946.97,2025-09-06
Onkar Arya,Hardware,2510.25,2025-05-18
Jacob Thakkar,Taxi,839.63,2025-05-17
Logan Khurana,Accommodation,4133.18,2025-07-22
Vivaan Kannan,Team Event,3293.18,2025-10-18
Yochana Bora,Taxi,2530.85,2025-01-13
Bishakha Rout,Internet,2407.19,2025-09-15
Anika Bansal,Software,4075.72,2025-08-28
Bishakha Rout,Software,3753.25,2025-07-26
Tanish Oza,Travel,3626.19,2025-04-21
Varsha Nori,Training,4327.28,2025-07-27
Madhavi Johal,Taxi,1436.73,2025-01-20
Manya Soman,Travel,4312.91,2025-02-07
Madhavi Johal,Office Supplies,851.75,2024-12-05
Saksham Talwar,Accommodation,3542.49,2025-08-15
Dalaja Wagle,Internet,2035.21,2025-03-14
Benjamin Zachariah,Taxi,1311.03,2025-02-18
Nirja Sekhon,Team Event,1738.65,2025-08-13
Advik Dugar,Accommodation,3336.28,2025-11-02
Indali Bhandari,Meals,2560.35,2025-05-16
Widisha Lanka,Internet,3199.90,2025-03-31
Benjamin Zachariah,Travel,3238.76,2025-07-28
Balvan Bahl,Accommodation,4039.53,2025-01-08
Ladli Dalal,Meals,4086.36,2025-05-28
Yadavi Chander,Office Supplies,1157.17,2025-05-12
Daksha Mitter,Taxi,931.99,2025-02-10
Nidhi Dubey,Training,2185.68,2025-08-24
Rajeshri Joshi,Software,4618.48,2025-07-31
Charan Devan,Accommodation,3032.96,2025-09-16
Daksha Mitter,Travel,1241.76,2025-03-31
Dominic Verma,Office Supplies,3702.44,2025-05-04
Indrajit Kapoor,Training,3345.41,2024-12-10
Dalaja Wagle,Travel,1525.19,2025-03-29
Azad Raghavan,Accommodation,776.32,2025-03-25
Yauvani Sengupta,Training,2100.14,2025-05-16
Jacob Thakkar,Travel,3088.02,2025-05-09
Mugdha Mane,Office Supplies,2098.91,2025-05-15
Kiaan Lala,Software,4737.46,2025-03-04
Ranbir Panchal,Hardware,3065.98,2025-04-26
Chakradev Thakkar,Software,2524.43,2025-04-29
Diya Wali,Hardware,4732.27,2025-08-28
Ladli Dalal,Taxi,3220.26,2025-02-18
Yauvani Sengupta,Meals,2493.21,2025-04-26
Watika Kaur,Office Supplies,3977.57,2025-04-26
Dev Bhagat,Meals,1807.54,2025-11-03
Indali Bhandari,Travel,3421.05,2025-01-16
Yadavi Chander,Internet,4958.25,2025-07-07
Yochana Bora,Accommodation,4510.48,2025-03-30
Harinakshi Dhaliwal,Accommodation,2458.18,2025-05-11
Daksha Mitter,Software,3272.03,2025-09-18
Nicholas Mukhopadhyay,Office Supplies,3357.08,2025-03-25
Manya Soman,Accommodation,1001.91,2025-06-11
Benjamin Zachariah,Hardware,810.62,2025-05-31
Faras Dara,Taxi,726.24,2025-06-10
Ansh Chaudry,Office Supplies,1439.70,2025-03-03
Harita Upadhyay,Travel,2026.32,2025-03-31
Benjamin Saini,Software,4048.31,2025-02-07
Yatin Uppal,Team Event,3118.40,2025-11-16
Rudra Sodhi,Taxi,4446.99,2025-02-11
Nirja Sekhon,Internet,2433.37,2025-02-05
Vivaan Kannan,Internet,1945.20,2025-03-14
Caleb Sood,Meals,4356.59,2025-04-01
Hemani Arora,Training,4423.83,2025-09-04
Yochana Bora,Taxi,857.01,2025-10-06
Ansh Chaudry,Office Supplies,1511.65,2025-03-03
Benjamin Saini,Software,2426.26,2025-05-06
Alexander Bhattacharyya,Office Supplies,2679.21,2025-07-09
Zaitra Aurora,Office Supplies,4124.97,2025-06-12
Idika Rastogi,Travel,3743.22,2025-04-18
Kai Goel,Meals,726.20,2025-03-11
Onkar Arya,Software,1272.51,2025-11-11
Isaac Choudhry,Travel,3439.77,2025-06-26
Aarna Bahri,Team Event,2482.69,2025-01-11
Hiral Munshi,Office Supplies,1895.73,2025-01-25
Nandini Golla,Meals,4480.92,2025-04-12
Dominic Verma,Team Event,1295.90,2025-02-06
Rehaan Buch,Software,1757.26,2025-09-14
Rajata Thakkar,Hardware,3219.73,2025-09-29
Peter Magar,Meals,1210.34,2025-02-19
Hemani Arora,Internet,4356.34,2025-09-25
Vasatika Ahuja,Hardware,2290.38,2025-11-09
Varsha Nori,Taxi,596.75,2025-04-06
Hiral Munshi,Internet,4510.93,2025-08-01
Advik Dugar,Training,3343.88,2025-09-30
Devansh Gara,Accommodation,2632.00,2025-10-17
Kiaan Lala,Meals,2556.61,2025-04-18
Zansi Banik,Meals,4001.23,2025-06-07
Nirja Sekhon,Internet,2364.68,2025-09-06
Divya Deshmukh,Training,2571.74,2025-04-25
Nidhi Dubey,Internet,914.99,2025-02-26
Ansh Chaudry,Travel,2737.36,2024-11-29
Wridesh Magar,Meals,4558.64,2025-06-14
Dominic Verma,Software,3487.98,2025-08-09
Jacob Thakkar,Taxi,2824.04,2025-01-15
Nidhi Dubey,Software,2881.70,2025-02-27
Azad Kurian,Taxi,3291.08,2025-11-18
Indrajit Kapoor,Hardware,4873.93,2025-04-02
Ekaraj Buch,Team Event,749.73,2025-02-24
Yochana Bora,Hardware,2781.62,2025-08-11
Balvan Bahl,Hardware,2979.95,2025-05-07
Azad Kurian,Training,4044.86,2024-12-31
Siddharth Dugal,Office Supplies,4329.76,2025-02-15
Idika Ganesan,Hardware,4213.46,2024-12-24
Bishakha Rout,Accommodation,569.51,2025-09-12
Ronith Edwin,Internet,2719.50,2025-07-12
Nicholas Mukhopadhyay,Internet,3888.06,2025-04-18
Ekalinga Dasgupta,Internet,503.93,2025-07-06
Nirja Sekhon,Travel,2267.93,2024-12-11
Madhavi Johal,Office Supplies,1829.56,2025-07-10
Dayamai Bakshi,Office Supplies,2489.42,2025-05-23
Bishakha Rout,Meals,3338.73,2025-07-27
Hemani Arora,Team Event,4606.53,2025-11-23
Aarna Bahri,Hardware,4352.44,2025-01-28
Aarna Bahri,Software,949.36,2025-07-31
Harita Upadhyay,Hardware,4384.68,2025-04-24
Dakshesh Sandhu,Team Event,4335.11,2025-03-04
Charan Devan,Training,2770.19,2025-09-07
Vihaan Sabharwal,Training,2686.01,2024-12-21
Wridesh Magar,Travel,1354.87,2024-12-15
Jacob Thakkar,Software,999.87,2025-03-13
Devansh Gara,Taxi,3530.43,2025-04-05
Ansh Chaudry,Office Supplies,502.92,2025-10-16
Vedant Dash,Meals,1567.37,2025-07-13
Ekaraj Buch,Meals,3985.27,2025-06-03
Azad Raghavan,Training,1167.03,2025-11-18
Omisha Murty,Hardware,4367.25,2025-03-17
Hemani Arora,Meals,686.79,2025-06-19
Nandini Golla,Meals,2894.82,2025-06-25
Vedika Mann,Accommodation,1503.40,2025-01-27
Aarna Bahri,Taxi,3790.33,2025-03-30
Faras Dara,Internet,2349.03,2025-05-05
Watika Deo,Meals,637.26,2025-06-09
Pushti Dalal,Taxi,550.13,2025-03-11
Eesha Dasgupta,Training,4253.58,2025-04-29
Vedika Mann,Internet,2581.73,2025-06-21
Hiral Munshi,Team Event,4138.31,2025-05-31
Logan Khurana,Hardware,844.14,2025-11-14
Caleb Sood,Team Event,2273.70,2025-06-12
Rajeshri Joshi,Meals,3229.46,2024-12-12
Nitara Rama,Travel,1986.50,2025-03-04
Tanish Oza,Software,2681.27,2025-05-05
Bishakha Rout,Internet,4563.37,2024-12-24
Yashoda Manne,Software,3343.97,2025-09-20
Benjamin Zachariah,Training,4690.97,2025-07-27
Nandini Golla,Accommodation,3003.30,2025-11-19
Idika Ganesan,Software,1314.83,2025-07-14
Advik Dugar,Office Supplies,3935.99,2025-10-18
Kevin Joshi,Hardware,3038.15,2025-04-04
Vivaan Kannan,Meals,1268.16,2025-08-09
Vedant Dash,Office Supplies,1791.87,2025-09-28
Wyatt Handa,Internet,4549.99,2025-01-07
Ekalinga Dasgupta,Training,863.35,2025-01-03
Benjamin Zachariah,Taxi,3535.54,2024-12-30
Yashoda Manne,Taxi,2988.36,2025-04-29
Nicholas Mukhopadhyay,Team Event,3764.86,2025-01-09
Bishakha Rout,Meals,3690.29,2025-09-04
Abhimanyu Kala,Office Supplies,4894.42,2025-11-05
Vedika Mann,Internet,693.76,2025-05-23
Nidhi Dubey,Accommodation,1534.94,2025-02-09
Azad Raghavan,Office Supplies,2771.65,2025-06-27
Nathaniel Kala,Taxi,2647.63,2025-08-07
Robert Mammen,Meals,840.17,2025-06-15
Nirja Sekhon,Internet,2692.55,2025-06-29
Vedant Dash,Software,2681.41,2025-10-08
Nicholas Mukhopadhyay,Accommodation,4222.18,2025-04-16
Dev Bhagat,Internet,3192.51,2025-04-13
Dalaja Wagle,Meals,2177.91,2025-07-17
Hemani Arora,Meals,920.42,2025-01-19
Bishakha Rout,Meals,2860.11,2025-08-20
Vivaan Kannan,Hardware,3024.48,2025-04-23
Peter Magar,Hardware,1017.40,2025-06-05
Harinakshi Dhaliwal,Accommodation,2883.09,2025-02-01
Abhimanyu Kala,Meals,4391.22,2025-07-31
Rudra Sodhi,Office Supplies,727.52,2025-11-01
Ethan Sekhon,Taxi,1329.41,2025-03-04
Harinakshi Dhaliwal,Hardware,2873.33,2025-10-22
Indrajit Kapoor,Taxi,2490.55,2025-11-18
Caleb Sood,Travel,4046.51,2025-07-19
Mugdha Mane,Team Event,2059.97,2025-08-19
Nicholas Mukhopadhyay,Meals,1644.78,2025-08-25
Ansh Chaudry,Travel,4513.62,2025-05-11
Pushti Dalal,Team Event,3726.24,2024-12-12
Kai Goel,Internet,899.19,2025-05-21
Wyatt Handa,Office Supplies,2621.60,2025-03-01
Harita Upadhyay,Hardware,1682.47,2025-03-30
Nidhi Dubey,Meals,2436.82,2025-05-18
Omisha Murty,Internet,3313.09,2025-05-14
Advik Dugar,Taxi,509.63,2025-10-04
Tanish Oza,Internet,524.17,2025-05-02
Jhalak Bali,Accommodation,989.41,2025-06-02
Vasatika Ahuja,Internet,2490.83,2024-11-25
Tanish Oza,Hardware,3040.38,2025-05-04
Aarna Bahri,Travel,1714.41,2025-02-02
Harita Upadhyay,Meals,1861.48,2025-06-23
Diya Wali,Meals,3695.03,2025-02-24
Wyatt Handa,Training,3280.61,2025-05-15
Nicholas Mukhopadhyay,Meals,2817.48,2025-08-10
Siddharth Dugal,Office Supplies,2295.07,2025-07-13
Zaitra Aurora,Office Supplies,2456.02,2025-01-23
Hemani Arora,Team Event,1128.04,2025-07-05
Nitara Rama,Taxi,2788.61,2025-11-16
Ranbir Panchal,Hardware,2054.70,2025-11-09
Divya Deshmukh,Meals,1158.92,2025-11-17
Abhimanyu Kala,Accommodation,1241.76,2025-07-30
Ladli Keer,Internet,1651.24,2025-06-08
Siddharth Dugal,Travel,559.78,2025-08-06
Harinakshi Dhaliwal,Hardware,3409.39,2025-06-05
Max Gole,Internet,2193.10,2024-12-18
Caleb Sood,Training,1937.67,2025-07-04
Dalaja Wagle,Accommodation,943.53,2025-01-09
Rudra Sodhi,Office Supplies,1234.40,2025-11-14
Madhavi Johal,Training,1704.24,2025-05-11
Ladli Dalal,Training,4204.60,2024-12-04
Akshay Kohli,Accommodation,2435.88,2025-05-11
Isaac Choudhry,Accommodation,3080.19,2025-02-24
Robert Mammen,Meals,3871.27,2025-11-24
Wridesh Magar,Software,3582.15,2024-12-30
Yadavi Chander,Hardware,3959.54,2024-12-16
Nidhi Dubey,Taxi,2016.03,2025-10-05
Ekaraj Buch,Software,3965.36,2025-08-05
Balvan Bahl,Training,1095.38,2025-05-12
Indali Bhandari,Travel,2705.04,2025-08-12
Diya Wali,Taxi,4645.19,2024-12-11
Ansh Chaudry,Software,4049.86,2025-02-28
Yashoda Manne,Internet,1471.55,2025-05-14
Kiaan Lala,Taxi,2679.35,2025-11-04
Yochana Bora,Accommodation,2543.14,2025-11-15
Idika Rastogi,Taxi,4993.12,2025-03-26
Saksham Talwar,Internet,1861.75,2025-11-13
Ekaja Kamdar,Meals,4616.13,2025-03-27
Nicholas Mukhopadhyay,Taxi,1342.58,2025-03-02
Ladli Keer,Travel,1595.08,2025-10-27
Wridesh Magar,Meals,1664.87,2025-06-08
Zansi Banik,Accommodation,620.30,2025-07-18
Nicholas Mukhopadhyay,Travel,3677.10,2025-08-01
Wyatt Handa,Office Supplies,809.48,2025-08-16
Ronith Edwin,Team Event,2195.46,2025-04-09
Rudra Sodhi,Accommodation,3573.55,2025-10-23
Tanish Oza,Internet,4172.42,2025-08-16
Tanveer Tripathi,Meals,2194.95,2025-02-16
Yatin Uppal,Office Supplies,4766.36,2025-06-18
Daksha Mitter,Travel,3862.91,2025-02-17
Idika Rastogi,Training,1528.97,2025-11-21
Rudra Sodhi,Meals,1714.98,2025-06-24
Radhika Baral,Meals,1009.24,2025-06-28
Ronith Edwin,Travel,1664.88,2025-09-19
Rehaan Buch,Accommodation,2810.46,2025-01-23
Faras Dara,Office Supplies,778.08,2025-01-03
Abhimanyu Kala,Travel,1559.25,2025-09-20
Krishna Dara,Office Supplies,1545.13,2025-03-30
Krishna Dara,Hardware,2128.68,2025-08-23
Azad Kurian,Team Event,3638.06,2025-07-25
Balvan Bahl,Internet,1388.93,2025-10-02
Chakradev Thakkar,Office Supplies,2330.38,2025-08-07
Balvan Bahl,Hardware,2193.96,2025-02-22
Isaac Choudhry,Hardware,2970.66,2025-02-04
Anmol Desai,Office Supplies,4803.62,2025-03-30
Bishakha Rout,Accommodation,3877.91,2025-05-31
Ethan Sekhon,Team Event,1071.71,2025-08-13
Kiaan Lala,Accommodation,4393.21,2025-04-03
Harita Upadhyay,Training,3340.10,2025-04-13
Azad Kurian,Meals,1740.92,2025-09-25
Kevin Joshi,Meals,2511.39,2025-09-18
Omisha Murty,Accommodation,4224.98,2025-05-08
Yadavi Chander,Hardware,3681.05,2025-07-28
Yauvani Sengupta,Travel,4248.44,2025-09-22
Hemani Arora,Accommodation,4665.54,2025-04-28
Nandini Golla,Internet,4121.01,2025-03-09
Indali Bhandari,Internet,3996.06,2025-04-30
Yashoda Manne,Internet,3177.70,2025-02-28
Charan Devan,Software,4619.17,2025-09-06
Nicholas Mukhopadhyay,Accommodation,3702.74,2025-04-15
Onkar Arya,Office Supplies,4070.82,2025-02-05
Abhimanyu Kala,Office Supplies,1593.36,2025-04-28
Ekaraj Buch,Accommodation,1355.23,2025-09-10
Wridesh Magar,Meals,577.15,2025-07-09
Jhalak Bali,Travel,1467.05,2025-08-23
Nidhi Dubey,Office Supplies,3715.94,2025-02-06
Ethan Sekhon,Internet,1218.35,2025-01-17
Max Gole,Office Supplies,3086.65,2025-03-31
Idika Rastogi,Internet,4356.16,2025-04-26
Wyatt Handa,Taxi,1943.70,2025-11-15
Yatin Uppal,Travel,4316.33,2025-06-18
Ladli Dalal,Training,1614.50,2025-02-20
Isaac Choudhry,Meals,2224.50,2025-03-13
Tanish Oza,Team Event,2156.84,2025-07-20
Kiaan Lala,Travel,4790.93,2025-04-04
Krishna Dara,Training,2235.55,2025-01-19
Eesha Dasgupta,Training,4564.92,2025-07-25
Alexander Bhattacharyya,Accommodation,2232.41,2025-02-23
Caleb Sood,Accommodation,2810.35,2025-03-09
Hemani Arora,Hardware,2466.41,2025-09-10
Kai Goel,Hardware,2718.14,2025-09-04
Bishakha Rout,Team Event,4056.41,2025-10-05
Yashoda Manne,Internet,2989.87,2024-12-13
Radhika Baral,Office Supplies,1701.44,2024-11-27
Kevin Joshi,Training,2842.59,2025-04-18
Hiral Munshi,Training,2055.17,2025-05-16
Indali Bhandari,Travel,2050.71,2025-02-04
Vasatika Ahuja,Meals,4182.23,2025-03-21
Indali Bhandari,Software,3635.68,2025-10-26
Saksham Talwar,Hardware,3950.02,2025-04-23
Ladli Dalal,Meals,4829.81,2025-06-20
Vasatika Ahuja,Accommodation,4845.57,2025-07-02
Anmol Desai,Team Event,3776.63,2024-12-06
Dayamai Bakshi,Internet,1565.06,2025-09-17
Nicholas Mukhopadhyay,Travel,2261.31,2025-09-22
Hiral Munshi,Taxi,3953.76,2025-10-29
Rudra Sodhi,Travel,2840.82,2025-02-05
Mugdha Mane,Hardware,3246.55,2025-02-23
Isaac Choudhry,Accommodation,3692.83,2024-12-11
Divya Deshmukh,Hardware,3364.15,2025-02-28
Watika Kaur,Accommodation,3340.17,2025-03-25
Alexander Bhattacharyya,Training,4525.94,2025-04-04
Nirja Sekhon,Travel,875.49,2025-01-23
Faras Dara,Training,2833.50,2025-05-14
Abhimanyu Kala,Taxi,1591.93,2025-01-11
Dalaja Wagle,Taxi,4749.64,2025-03-28
Ladli Dalal,Accommodation,4410.72,2025-03-01
Dayamai Bakshi,Hardware,3440.04,2025-05-15
Devansh Gara,Internet,2847.48,2025-09-16
Jhalak Bali,Hardware,3421.25,2025-09-16
Nathaniel Kala,Accommodation,4957.83,2024-12-18
Nidhi Dubey,Team Event,2825.73,2024-12-28
Kiaan Lala,Team Event,3174.07,2025-04-01
Alexander Bhattacharyya,Taxi,4310.45,2025-07-03
Bishakha Rout,Travel,2349.15,2025-02-24
Dominic Verma,Team Event,3931.87,2025-03-17
Alexander Bhattacharyya,Hardware,4636.15,2025-04-18
Ladli Keer,Software,1780.66,2025-09-11
Jhalak Bali,Internet,1700.70,2025-04-04
Tanveer Tripathi,Taxi,4325.16,2025-01-03
Yatin Uppal,Training,3807.82,2024-12-27
Watika Deo,Software,3343.49,2025-07-11
Onkar Arya,Taxi,2355.03,2025-04-19
Vihaan Sabharwal,Hardware,2088.71,2025-01-17
Rehaan Buch,Office Supplies,4493.81,2025-09-17
Ranbir Panchal,Meals,4056.13,2025-02-02
Vedant Dash,Meals,4990.63,2024-12-05
Indrajit Kapoor,Accommodation,586.82,2025-09-06
Max Gole,Meals,3025.21,2025-06-29
Jacob Thakkar,Taxi,1072.47,2024-12-13
Sarthak Rajagopal,Travel,1447.66,2025-08-11
Widisha Lanka,Office Supplies,1078.33,2025-10-29
Madhavi Johal,Office Supplies,1805.38,2025-05-13
Benjamin Zachariah,Training,4336.20,2025-11-16
Zansi Banik,Internet,560.19,2025-01-26
Vihaan Sabharwal,Internet,945.03,2025-08-21
Manya Soman,Accommodation,4668.76,2025-01-15
Nirja Sekhon,Team Event,3943.56,2025-08-14
Dev Bhagat,Software,3940.51,2025-09-02
Yauvani Sengupta,Taxi,1939.88,2025-10-11
Shivansh Saran,Training,4756.74,2024-11-25
Caleb Sood,Travel,4194.31,2025-08-21
Kiaan Lala,Training,4263.61,2025-07-02
Sarthak Rajagopal,Taxi,2486.42,2025-09-18
Charan Devan,Training,4465.86,2025-09-06
Wyatt Handa,Accommodation,3735.23,2025-09-11
Devansh Gara,Office Supplies,4404.21,2025-10-03
Nicholas Mukhopadhyay,Hardware,4553.16,2024-12-06
Vasatika Ahuja,Accommodation,3367.65,2025-03-20
Vasatika Ahuja,Software,1930.03,2025-05-24
Joshua Purohit,Meals,991.64,2025-06-15
Peter Magar,Training,2275.41,2025-04-08
Indrajit Kapoor,Travel,1986.80,2025-05-18
Yauvani Sengupta,Accommodation,3210.08,2025-10-03
Nandini Golla,Hardware,2268.02,2025-08-05
Azad Raghavan,Taxi,4755.77,2025-09-05
Abhimanyu Kala,Internet,1382.40,2025-01-16
Widisha Lanka,Software,1311.21,2024-12-22
Dalaja Wagle,Software,2665.35,2025-06-02
Varsha Nori,Meals,3652.97,2025-11-05
Anika Bansal,Team Event,4823.70,2024-12-09
Shivansh Saran,Hardware,4919.66,2025-11-15
Ekalinga Dasgupta,Accommodation,3264.50,2025-01-19
Ranbir Panchal,Travel,3523.08,2025-08-11
Peter Magar,Meals,2352.26,2025-11-09
Rudra Sodhi,Meals,2499.99,2025-05-18
Yashoda Manne,Internet,3189.44,2025-01-13
Peter Magar,Taxi,643.00,2025-03-08
Aayush Sandal,Hardware,4680.25,2025-06-04
Harinakshi Dhaliwal,Meals,1974.90,2025-10-20
Benjamin Saini,Training,2316.17,2025-06-12
Watika Kaur,Software,4353.38,2025-08-09
Yochana Bora,Hardware,4777.75,2025-08-20
Yochana Bora,Hardware,2916.61,2025-07-27
Harita Upadhyay,Software,576.58,2025-11-16
Manya Soman,Team Event,3263.80,2025-06-13
Abdul Pillai,Meals,3890.91,2025-08-06
Dev Bhagat,Software,4375.61,2025-04-20
Nicholas Mukhopadhyay,Software,3074.26,2025-07-18
Nandini Golla,Travel,3135.71,2025-05-19
Logan Khurana,Training,684.63,2025-03-13
Ranbir Panchal,Team Event,4679.12,2025-04-10
Krishna Dara,Hardware,4363.93,2025-06-14
Ladli Keer,Meals,966.96,2024-11-26
Ansh Chaudry,Training,2917.78,2025-08-17
Idika Ganesan,Travel,3799.04,2025-09-22
Advik Dugar,Meals,2075.04,2025-05-27
Dev Bhagat,Training,1915.97,2025-06-15
Jhalak Bali,Taxi,4503.70,2025-04-12
Rudra Sodhi,Office Supplies,2506.82,2025-04-27
Tanveer Tripathi,Team Event,1313.71,2024-12-15
Anmol Desai,Travel,2624.57,2025-10-03
Bishakha Rout,Meals,4936.19,2025-07-12
Anika Bansal,Hardware,805.78,2024-12-07
Kai Goel,Meals,4061.98,2025-02-25
Yadavi Chander,Travel,2259.47,2025-06-20
Nitara Rama,Accommodation,1432.76,2025-06-13
Anika Bansal,Taxi,4414.52,2025-05-04
Ronith Edwin,Taxi,4097.68,2025-01-07
Chakradev Thakkar,Training,4218.93,2025-03-15
Krishna Dara,Team Event,3609.42,2025-06-09
Balvan Bahl,Meals,3011.75,2025-09-30
Nicholas Mukhopadhyay,Hardware,4030.11,2025-08-22
Siddharth Dugal,Software,2814.27,2025-08-21
Logan Khurana,Training,4786.08,2025-06-30
Shivansh Saran,Office Supplies,4291.95,2025-01-07
Ronith Edwin,Training,3703.86,2025-01-02
Tanveer Tripathi,Taxi,1748.22,2024-12-27
Ladli Dalal,Taxi,4818.74,2025-10-29
Jhalak Bali,Team Event,4988.52,2025-10-31
Vedika Mann,Software,3844.80,2025-01-25
Pushti Dalal,Training,2049.94,2024-12-14
Dayamai Bakshi,Internet,906.37,2024-12-02
Abdul Pillai,Meals,758.20,2024-12-14
Idika Ganesan,Taxi,3846.56,2025-04-20
Samar Sharaf,Travel,2146.84,2025-09-22
Widisha Lanka,Team Event,1034.05,2025-10-20
Faras Dara,Office Supplies,1742.75,2025-02-04
Max Gole,Office Supplies,4683.69,2025-02-01
Rudra Sodhi,Software,4488.08,2025-07-06
Nandini Golla,Internet,1362.83,2025-10-08
Vedant Dash,Team Event,2630.22,2025-03-19
Zansi Banik,Training,3232.96,2024-12-22
Kai Goel,Software,4664.91,2025-07-13
Ansh Chaudry,Travel,1350.87,2025-07-26
Chakradev Thakkar,Travel,2354.95,2025-10-24
Benjamin Saini,Taxi,1008.60,2024-12-15
Hiral Munshi,Taxi,961.75,2025-06-20
Azad Kurian,Team Event,521.23,2025-04-29
Jacob Thakkar,Training,755.02,2025-03-03
Zansi Banik,Internet,3913.29,2025-03-12
Rajata Thakkar,Hardware,1747.11,2025-03-26
Aarna Bahri,Internet,1701.04,2025-02-06
Omisha Murty,Office Supplies,1878.67,2025-07-07
Benjamin Saini,Software,2411.98,2025-03-30
Madhavi Johal,Software,1095.01,2025-06-17
Indali Bhandari,Office Supplies,4382.86,2025-06-27
Varsha Nori,Travel,3951.12,2025-07-03
Azad Kurian,Software,3862.21,2025-07-21
Saksham Talwar,Taxi,4481.61,2025-09-18
Dalaja Wagle,Internet,2650.72,2025-02-12
Jhalak Bali,Internet,3355.60,2025-11-01
Alexander Bhattacharyya,Accommodation,1100.52,2025-10-08
Idika Rastogi,Internet,3290.43,2025-04-21
Rajeshri Joshi,Travel,3868.29,2025-09-25
Yadavi Chander,Accommodation,701.83,2025-06-29
Siddharth Dugal,Accommodation,4274.02,2025-11-14
Widisha Lanka,Office Supplies,3308.82,2025-10-18
Anmol Desai,Meals,4411.34,2025-02-20
Krishna Dara,Meals,884.57,2025-05-05
Yadavi Chander,Travel,2601.57,2024-12-01
Ladli Keer,Hardware,577.13,2025-07-22
Kiaan Lala,Travel,948.82,2025-07-12
Chakradev Thakkar,Meals,3500.40,2025-09-15
Ekaja Kamdar,Training,4612.78,2025-08-04
Ronith Edwin,Training,2541.00,2025-07-06
Benjamin Saini,Team Event,931.11,2025-04-28
Joshua Purohit,Meals,3277.15,2024-12-15
Idika Rastogi,Meals,2545.65,2025-07-24
Peter Magar,Meals,4651.58,2025-11-12
Dominic Verma,Hardware,918.97,2025-01-07
Hiral Munshi,Office Supplies,1696.96,2025-10-25
Azad Kurian,Internet,4636.15,2025-03-01
Kevin Joshi,Training,3440.13,2025-04-23
Varsha Nori,Taxi,2543.26,2025-08-01
Onkar Arya,Hardware,3101.92,2025-06-20
Alexander Bhattacharyya,Taxi,4270.08,2025-09-05
Isaac Choudhry,Training,2395.60,2025-03-19
Faras Dara,Taxi,4756.76,2025-08-27
Vedant Dash,Training,1211.07,2025-06-10
Dayamai Bakshi,Office Supplies,2170.90,2025-05-05
Shivansh Saran,Hardware,2709.13,2025-04-13
Daksha Mitter,Internet,1791.11,2025-11-03
Harita Upadhyay,Meals,1830.55,2025-01-27
Azad Raghavan,Office Supplies,1935.93,2025-06-06
Robert Mammen,Accommodation,4778.64,2025-09-28
Krishna Dara,Meals,1188.57,2025-10-18
Aayush Sandal,Team Event,4155.24,2025-10-28
Ansh Chaudry,Internet,695.48,2025-04-27
Ladli Keer,Team Event,4418.46,2025-08-14
Advik Dugar,Internet,1042.29,2025-10-10
Akshay Kohli,Hardware,4871.17,2025-03-22
Balvan Bahl,Internet,3557.01,2024-12-09
Omisha Murty,Meals,4823.46,2025-01-02
Azad Kurian,Travel,2802.93,2025-02-19
Advik Dugar,Taxi,4319.32,2025-04-05
Faras Dara,Taxi,3194.98,2025-02-13
Dakshesh Sandhu,Software,4065.54,2025-02-07
Abhimanyu Kala,Meals,2032.95,2025-04-21
Nandini Golla,Accommodation,3179.13,2025-09-15
Aarna Bahri,Hardware,1354.54,2025-08-05
Ekaraj Buch,Hardware,2088.73,2025-10-03
Robert Mammen,Office Supplies,2005.42,2025-02-03
Vedant Dash,Training,4805.07,2025-10-09
Radhika Baral,Internet,1405.81,2025-11-13
Tanveer Tripathi,Meals,2578.02,2025-04-16
Widisha Lanka,Taxi,2569.65,2025-08-10
Ekaraj Buch,Software,4008.84,2025-05-06
Nirja Sekhon,Office Supplies,1940.08,2024-12-08
Kai Goel,Travel,4203.30,2025-02-16
Daksha Mitter,Internet,4707.36,2025-08-03
Vihaan Sabharwal,Team Event,3084.82,2025-08-17
Anmol Desai,Hardware,2359.22,2025-03-14
Indali Bhandari,Taxi,1772.61,2025-06-02
Madhavi Johal,Travel,3085.82,2025-10-28
Joshua Purohit,Hardware,4878.84,2025-10-19
Akshay Kohli,Training,944.97,2025-03-28
Vedant Dash,Accommodation,4889.88,2025-05-11
Alexander Bhattacharyya,Training,633.81,2025-07-30
Ekaja Kamdar,Training,4080.44,2025-03-03
Indali Bhandari,Software,4852.13,2025-04-28
Peter Magar,Software,501.34,2025-03-29
Rajata Thakkar,Accommodation,853.30,2025-08-31
Yadavi Chander,Taxi,1923.43,2025-01-29
Max Gole,Internet,3792.79,2025-02-16
Saksham Talwar,Training,1615.89,2025-02-07
Nirja Sekhon,Taxi,995.47,2025-07-23
Diya Wali,Meals,1696.00,2025-04-27
Dayamai Bakshi,Internet,1956.93,2025-08-06
Yauvani Sengupta,Accommodation,4632.07,2025-08-30
Yatin Uppal,Software,3799.17,2025-01-04
Logan Khurana,Travel,4210.00,2025-09-16
Onkar Arya,Meals,3605.24,2025-10-18
Yashoda Manne,Training,2127.68,2025-01-04
Rehaan Buch,Travel,4228.05,2025-07-05
Ronith Edwin,Meals,810.38,2025-11-05
Logan Khurana,Taxi,513.63,2025-01-15
Mugdha Mane,Accommodation,1813.71,2025-09-22
Dakshesh Sandhu,Internet,1446.36,2025-03-16
Anmol Desai,Taxi,1851.44,2025-10-03
Siddharth Dugal,Office Supplies,958.15,2025-07-16
Balvan Bahl,Software,2799.29,2025-03-05
Dayamai Bakshi,Accommodation,1550.41,2025-03-04
Saksham Talwar,Internet,2982.40,2025-07-27
Azad Raghavan,Training,3449.25,2025-08-29
Diya Wali,Software,1332.05,2025-09-14
Kiaan Lala,Internet,2813.38,2024-12-26
Saksham Talwar,Software,1182.38,2025-03-15
Vedika Mann,Office Supplies,4467.54,2025-05-15
Dayamai Bakshi,Meals,4074.23,2025-02-01
Abdul Pillai,Software,1629.43,2025-04-11
Azad Kurian,Taxi,501.81,2025-03-25
Vedika Mann,Training,1322.57,2025-05-08
Vedant Dash,Meals,4549.32,2025-06-03
Vasatika Ahuja,Travel,4352.11,2025-01-26
Benjamin Zachariah,Travel,1431.39,2025-03-10
Jhalak Bali,Internet,760.12,2025-07-27
Diya Wali,Taxi,1563.88,2025-08-05
Nandini Golla,Accommodation,4170.40,2025-07-12
Bishakha Rout,Training,2813.30,2025-10-17
Faras Dara,Hardware,4435.86,2025-03-22
Dayamai Bakshi,Taxi,697.32,2025-08-07
Dev Bhagat,Software,2195.01,2025-03-21
Nathaniel Kala,Travel,1594.34,2025-08-11
Akshay Kohli,Travel,3646.90,2025-09-21
Alexander Bhattacharyya,Hardware,4741.04,2025-06-17
Abdul Pillai,Software,2727.92,2025-08-15
Vihaan Sabharwal,Hardware,660.61,2025-05-08
Yashoda Manne,Software,3779.02,2025-11-13
Faras Dara,Internet,3618.43,2025-09-23
Wridesh Magar,Software,1045.17,2025-05-12
Vasatika Ahuja,Team Event,1335.02,2025-09-25
Peter Magar,Taxi,3053.96,2025-08-05
Ekaja Kamdar,Taxi,1246.93,2025-04-09
Watika Kaur,Team Event,697.55,2025-08-24
Watika Kaur,Office Supplies,530.75,2025-01-16
Ethan Sekhon,Hardware,1192.70,2025-07-09
Yashoda Manne,Meals,4007.06,2025-04-20
Rudra Sodhi,Taxi,1223.21,2025-09-23
Peter Magar,Hardware,3968.93,2025-06-08
Indrajit Kapoor,Travel,4505.25,2025-05-03
Charan Devan,Internet,2289.73,2025-08-15
Vasatika Ahuja,Accommodation,1669.31,2025-03-25
Nicholas Mukhopadhyay,Internet,4116.03,2025-09-05
Abdul Pillai,Accommodation,4257.61,2025-08-30
Isaac Choudhry,Meals,1116.47,2025-06-30
Rudra Sodhi,Taxi,1982.14,2025-08-25
Devansh Gara,Office Supplies,3046.38,2025-02-27
Siddharth Dugal,Accommodation,2248.17,2024-12-19
Peter Magar,Internet,4986.52,2025-09-15
Joshua Purohit,Internet,4241.05,2025-08-21
Vasatika Ahuja,Hardware,1434.50,2025-09-20
Manya Soman,Accommodation,1411.06,2025-08-26
Ethan Sekhon,Internet,1268.32,2025-08-12
Divya Deshmukh,Office Supplies,1978.02,2025-07-08
Peter Magar,Software,3520.38,2025-08-16
Manya Soman,Office Supplies,1752.09,2025-05-27
Vedika Mann,Training,4767.95,2025-06-15
Omisha Murty,Accommodation,2555.94,2025-10-24
Hiral Munshi,Office Supplies,2584.27,2025-11-23
Benjamin Zachariah,Hardware,3822.86,2025-07-14
Anmol Desai,Hardware,2079.53,2025-10-26
Zansi Banik,Training,2181.43,2025-03-19
Rehaan Buch,Meals,4731.45,2025-02-01
Ekaraj Buch,Internet,3360.64,2025-01-12
Ladli Keer,Internet,3581.84,2025-04-24
Vedant Dash,Hardware,2317.09,2025-04-29
Isaac Choudhry,Office Supplies,1953.13,2025-09-17
Hiral Munshi,Internet,4726.07,2024-12-15
Aarna Bahri,Training,2907.63,2025-10-26
Peter Magar,Accommodation,2413.81,2025-05-17
Wridesh Magar,Office Supplies,2616.78,2025-02-25
Madhavi Johal,Travel,1811.06,2025-02-01
Vedika Mann,Hardware,1852.61,2025-11-24
Harita Upadhyay,Training,1439.58,2025-04-14
Anika Bansal,Hardware,820.27,2025-03-11
Wyatt Handa,Training,3696.16,2025-10-18
Advik Dugar,Training,1354.98,2025-09-05
Indrajit Kapoor,Team Event,1273.10,2025-10-18
Aayush Sandal,Software,2313.91,2025-03-06
Dakshesh Sandhu,Team Event,4786.15,2025-09-05
Daksha Mitter,Team Event,4430.72,2025-08-02
Vivaan Kannan,Software,4784.34,2025-11-05
Balvan Bahl,Accommodation,2447.26,2025-10-26
Vivaan Kannan,Hardware,3465.58,2024-12-24
Idika Rastogi,Office Supplies,4529.79,2025-07-21
Kevin Joshi,Internet,4400.39,2025-03-11
Watika Kaur,Meals,4871.35,2025-03-02
Abhimanyu Kala,Taxi,2172.88,2025-02-09
Ladli Dalal,Hardware,3179.82,2025-01-20
Vedant Dash,Office Supplies,3748.24,2025-06-25
Vivaan Kannan,Software,2916.39,2025-08-31
Radhika Baral,Office Supplies,1932.67,2025-11-22
Anmol Desai,Travel,4044.22,2025-03-14
Nathaniel Kala,Internet,3376.19,2025-07-18
Ansh Chaudry,Software,713.73,2025-06-02
Wyatt Handa,Training,3944.01,2025-10-04
Balvan Bahl,Travel,4142.59,2025-11-11
Harita Upadhyay,Accommodation,3596.84,2025-01-10
Tanveer Tripathi,Taxi,4200.71,2025-05-26
Dakshesh Sandhu,Meals,4702.96,2025-05-17
Sarthak Rajagopal,Internet,2804.19,2025-04-18
Anmol Desai,Team Event,2753.92,2025-02-15
Abdul Pillai,Team Event,3428.36,2025-08-11
Ekaja Kamdar,Meals,3562.37,2025-05-05
Kevin Joshi,Meals,3219.46,2024-12-31
Logan Khurana,Accommodation,686.38,2025-06-13
Ekaraj Buch,Travel,3796.68,2025-04-03
Widisha Lanka,Software,2998.12,2025-08-09
Indali Bhandari,Taxi,3443.10,2025-05-19
Ethan Sekhon,Travel,1165.29,2025-01-23
Hemani Arora,Travel,2611.02,2025-10-31
Jacob Thakkar,Meals,2308.50,2025-06-12
Mugdha Mane,Accommodation,1967.15,2025-05-03
Rudra Sodhi,Travel,2928.97,2025-09-19
Logan Khurana,Training,855.20,2025-01-08
Yauvani Sengupta,Software,576.07,2024-12-30
Advik Dugar,Office Supplies,2585.64,2025-11-05
Shivansh Saran,Software,2659.84,2025-08-24
Nathaniel Kala,Internet,3539.53,2025-08-28
Akshay Kohli,Training,4215.83,2025-02-14
Kevin Joshi,Office Supplies,4627.27,2024-12-18
Idika Ganesan,Hardware,914.30,2025-04-08
Shivansh Saran,Meals,1549.72,2025-07-08
Zansi Banik,Hardware,2532.19,2025-02-10
Rajata Thakkar,Training,2954.40,2024-12-01
Alexander Bhattacharyya,Office Supplies,3220.03,2025-04-26
Dev Bhagat,Meals,3425.22,2025-07-17
Joshua Purohit,Accommodation,4507.05,2025-03-13
Aarna Bahri,Team Event,1443.35,2025-06-30
Idika Rastogi,Taxi,3828.06,2025-07-15
Anika Bansal,Meals,2410.60,2025-10-07
Benjamin Saini,Accommodation,1102.41,2025-06-26
Vedant Dash,Internet,2734.87,2024-12-17
Saksham Talwar,Software,704.80,2025-11-02
Benjamin Saini,Travel,4168.84,2025-11-04
Azad Kurian,Taxi,2752.84,2025-04-05
Tanveer Tripathi,Training,4721.31,2025-06-28
Eesha Dasgupta,Training,2636.94,2025-08-03
Manya Soman,Travel,2946.14,2025-11-15
Jhalak Bali,Travel,2583.07,2025-09-22
Zaitra Aurora,Office Supplies,3219.10,2025-11-22
Onkar Arya,Meals,1616.48,2025-11-07
Jacob Thakkar,Travel,2624.12,2025-01-22
Faras Dara,Meals,3449.24,2025-10-23
Indali Bhandari,Software,1883.45,2025-01-08
Ansh Chaudry,Taxi,2265.76,2025-09-07
Harinakshi Dhaliwal,Accommodation,508.45,2025-02-06
Aarna Bahri,Internet,4876.91,2025-08-29
Nicholas Mukhopadhyay,Software,4497.86,2025-06-14
Madhavi Johal,Meals,1887.01,2025-06-15
Anika Bansal,Travel,590.79,2025-08-31
Benjamin Saini,Internet,3244.58,2025-07-27
Nathaniel Kala,Internet,3906.41,2025-08-23
Akshay Kohli,Travel,2286.77,2025-02-19
Jacob Thakkar,Taxi,2071.55,2025-05-14
Hiral Munshi,Office Supplies,2418.51,2024-11-29
Vihaan Sabharwal,Meals,1750.37,2025-07-16
Omisha Murty,Team Event,4426.29,2025-09-05
Alexander Bhattacharyya,Internet,2445.88,2025-11-22
Samar Sharaf,Office Supplies,4893.74,2025-10-25
Dakshesh Sandhu,Team Event,4187.59,2025-09-04
Ladli Dalal,Internet,4262.26,2024-12-01
Aarna Bahri,Team Event,3917.43,2024-12-10
Tanish Oza,Accommodation,2513.10,2025-11-18
Siddharth Dugal,Software,4986.66,2025-11-25
Siddharth Dugal,Hardware,3807.94,2025-06-28
Devansh Gara,Software,4568.14,2025-05-22
Kevin Joshi,Hardware,2735.19,2024-12-21
Radhika Baral,Taxi,3645.56,2025-03-04
Hiral Munshi,Office Supplies,1441.22,2025-01-31
Anmol Desai,Travel,945.93,2025-06-16
Diya Wali,Team Event,2553.81,2024-12-11
Dakshesh Sandhu,Hardware,3358.09,2024-12-12
Ladli Dalal,Hardware,3408.40,2025-04-20
Tanveer Tripathi,Accommodation,3173.91,2025-02-15
Kevin Joshi,Training,1729.13,2024-12-21
Dev Bhagat,Hardware,3850.04,2025-03-18
Joshua Purohit,Training,2238.76,2025-06-15
Azad Kurian,Software,960.27,2025-01-20
Advik Dugar,Taxi,4115.38,2025-05-21
Kai Goel,Meals,1134.15,2025-05-27
Balvan Bahl,Meals,4609.04,2025-08-07
Ranbir Panchal,Internet,3672.45,2025-11-02
Hiral Munshi,Travel,1185.81,2025-02-03
Vedika Mann,Accommodation,3500.00,2025-06-29
Kiaan Lala,Travel,634.18,2025-10-08
Dominic Verma,Travel,1072.63,2025-03-15
Vasatika Ahuja,Meals,873.76,2025-06-12
Diya Wali,Accommodation,2647.08,2025-03-09
Faras Dara,Training,4792.35,2025-05-23
Hiral Munshi,Training,4546.00,2024-11-27
Shivansh Saran,Taxi,1221.19,2025-07-17
Zansi Banik,Training,1300.60,2025-07-20
Akshay Kohli,Training,4348.19,2025-04-28
Bishakha Rout,Travel,933.79,2025-03-07
Faras Dara,Hardware,4648.54,2025-02-26
Wridesh Magar,Taxi,2871.67,2025-03-19
Dayamai Bakshi,Office Supplies,4468.82,2025-07-02
Nicholas Mukhopadhyay,Office Supplies,3322.79,2025-06-20
Hemani Arora,Hardware,1760.63,2024-12-08
Diya Wali,Meals,2773.95,2025-07-25
Omisha Murty,Office Supplies,621.14,2025-07-29
Vedant Dash,Meals,4153.85,2024-12-07
Idika Ganesan,Taxi,2815.69,2025-05-08
Krishna Dara,Hardware,2581.83,2025-10-29
Azad Kurian,Taxi,1037.32,2025-05-03
Nandini Golla,Meals,1620.85,2024-12-29
Aarna Bahri,Travel,3383.77,2025-09-23
Harinakshi Dhaliwal,Hardware,2828.57,2025-08-21
Ladli Keer,Meals,2464.30,2025-06-27
Charan Devan,Hardware,4493.37,2025-07-18
Vasatika Ahuja,Team Event,1230.69,2025-09-03
Kai Goel,Taxi,2277.81,2025-08-03
Charan Devan,Travel,919.03,2025-01-10
Azad Kurian,Hardware,2073.73,2024-12-24
Nandini Golla,Hardware,1915.23,2025-11-11
Widisha Lanka,Accommodation,3533.87,2025-06-21
Vedika Mann,Training,2959.62,2025-09-19
Isaac Choudhry,Hardware,2435.71,2025-07-25
Watika Deo,Taxi,4057.58,2025-09-16
Zaitra Aurora,Accommodation,4296.73,2025-03-15
Kai Goel,Internet,952.82,2025-03-07
Nidhi Dubey,Meals,2662.49,2024-11-29
Nicholas Mukhopadhyay,Taxi,2449.14,2025-08-25
Indali Bhandari,Training,1488.91,2025-08-17
Nandini Golla,Training,2250.01,2025-11-13
Chakradev Thakkar,Travel,2964.56,2025-05-07
Devansh Gara,Team Event,2773.68,2025-05-18
Azad Kurian,Hardware,4165.17,2025-04-08
Robert Mammen,Team Event,594.99,2025-10-16
Ronith Edwin,Meals,4363.37,2025-04-23
Idika Rastogi,Internet,762.25,2025-02-22
Anika Bansal,Training,2184.34,2025-08-15
Joshua Purohit,Team Event,4473.11,2025-03-28
Divya Deshmukh,Hardware,2967.68,2025-03-04
Varsha Nori,Meals,1594.38,2024-12-11
Watika Deo,Internet,1127.38,2025-03-29
Azad Kurian,Training,4997.67,2024-12-02
Harinakshi Dhaliwal,Travel,1964.05,2025-07-17
Faras Dara,Team Event,3782.40,2024-11-28
Balvan Bahl,Accommodation,3718.28,2025-09-29
Watika Deo,Meals,760.30,2025-07-12
Dayamai Bakshi,Hardware,4321.72,2024-12-29
Indrajit Kapoor,Office Supplies,4914.15,2025-06-16
Shivansh Saran,Taxi,2488.47,2025-10-17
Sarthak Rajagopal,Software,1271.17,2024-12-26
Rudra Sodhi,Hardware,3041.72,2025-04-25
Watika Deo,Internet,1876.55,2025-02-18
Tanish Oza,Accommodation,711.81,2025-08-25
Advik Dugar,Software,1627.99,2025-05-08
Robert Mammen,Hardware,2402.73,2025-08-02
Harinakshi Dhaliwal,Meals,4081.04,2025-10-28
Wyatt Handa,Training,3938.89,2025-04-23
Yauvani Sengupta,Team Event,1895.22,2025-03-28
Madhavi Johal,Software,2116.42,2024-11-25
Dominic Verma,Team Event,1579.55,2025-10-08
Onkar Arya,Office Supplies,4168.40,2025-08-27
Advik Dugar,Hardware,4915.35,2025-03-04
Robert Mammen,Travel,775.97,2025-07-21
Anmol Desai,Accommodation,4401.15,2025-08-07
Chakradev Thakkar,Internet,1538.23,2025-06-22
Nicholas Mukhopadhyay,Software,1631.64,2025-01-26
Watika Deo,Taxi,4423.08,2025-11-06
Madhavi Johal,Meals,714.02,2025-10-14
Kevin Joshi,Hardware,1777.55,2025-04-24
Yashoda Manne,Internet,2374.99,2025-01-24
Charan Devan,Team Event,3415.17,2025-06-10
Isaac Choudhry,Team Event,3713.06,2025-05-05
Dev Bhagat,Software,2602.02,2025-02-27
Ekaja Kamdar,Office Supplies,2111.83,2025-08-02
Ethan Sekhon,Internet,3491.99,2025-11-16
Ansh Chaudry,Meals,500.03,2025-11-15
Saksham Talwar,Accommodation,1699.26,2025-02-07
Max Gole,Office Supplies,4732.94,2025-10-17
Charan Devan,Office Supplies,4611.84,2025-05-23
Abhimanyu Kala,Meals,3631.03,2025-03-24
Divya Deshmukh,Travel,4654.30,2024-12-06
Bishakha Rout,Accommodation,2560.15,2025-08-08
Anmol Desai,Taxi,1783.47,2025-11-22
Watika Deo,Training,3314.58,2025-03-06
Varsha Nori,Team Event,3517.13,2025-08-08
Nandini Golla,Hardware,1623.54,2025-06-28
Yauvani Sengupta,Training,1273.14,2025-07-08
Saksham Talwar,Team Event,3598.96,2025-04-15
Sarthak Rajagopal,Hardware,3515.10,2025-07-03
Aayush Sandal,Internet,4513.28,2025-09-16
Ekaja Kamdar,Software,2233.75,2025-10-17
Ronith Edwin,Meals,4753.44,2025-06-10
Aayush Sandal,Taxi,1943.06,2025-10-12
Widisha Lanka,Internet,2076.41,2025-08-08
Watika Kaur,Office Supplies,546.02,2025-08-22
Mugdha Mane,Accommodation,4797.77,2025-09-15
Abdul Pillai,Internet,1656.57,2025-10-11
Yadavi Chander,Hardware,903.62,2025-11-15
Azad Raghavan,Hardware,4387.19,2025-08-17
Robert Mammen,Training,1022.43,2025-04-24
Indrajit Kapoor,Travel,3463.43,2025-06-07
Mugdha Mane,Internet,1106.26,2024-12-20
Ekaja Kamdar,Accommodation,3424.86,2025-07-15
Eesha Dasgupta,Internet,3857.97,2025-02-27
Pushti Dalal,Accommodation,768.82,2025-02-08
Charan Devan,Travel,4735.85,2025-04-29
Rehaan Buch,Travel,838.40,2024-12-30
Rajeshri Joshi,Office Supplies,4075.83,2025-06-09
Rudra Sodhi,Internet,4894.28,2025-04-21
Anmol Desai,Team Event,1263.09,2024-11-25
Benjamin Saini,Office Supplies,4893.18,2025-10-10
Rajata Thakkar,Software,4988.51,2025-07-18
Benjamin Zachariah,Hardware,3416.06,2025-03-20
Vivaan Kannan,Travel,3441.43,2025-07-18
Jhalak Bali,Taxi,4739.69,2025-07-27
Robert Mammen,Accommodation,2249.22,2025-03-10
Daksha Mitter,Office Supplies,2364.16,2025-06-30
Pushti Dalal,Meals,2262.05,2025-11-01
Mugdha Mane,Taxi,807.62,2025-05-07
Saksham Talwar,Meals,3615.79,2025-08-18
Yashoda Manne,Travel,702.81,2025-06-11
Vihaan Sabharwal,Taxi,603.98,2025-02-01
Dalaja Wagle,Hardware,1695.64,2025-08-26
Tanish Oza,Travel,3831.03,2025-05-06
Madhavi Johal,Travel,2213.45,2025-07-06
Radhika Baral,Accommodation,4879.82,2025-07-23
Harita Upadhyay,Taxi,4889.19,2025-03-02
Vedant Dash,Internet,2033.22,2025-07-02
Caleb Sood,Meals,3687.62,2025-09-13
Dalaja Wagle,Training,2755.92,2025-04-26
Dominic Verma,Software,4430.34,2024-11-30
Rajata Thakkar,Travel,655.22,2025-02-24
Ethan Sekhon,Training,2149.21,2025-05-30
Chakradev Thakkar,Internet,2736.24,2025-02-18
Vasatika Ahuja,Training,2731.72,2025-02-27
Max Gole,Team Event,4878.60,2025-02-13
Kai Goel,Team Event,3075.45,2025-04-24
Shivansh Saran,Software,1152.28,2025-09-12
Zansi Banik,Accommodation,3116.26,2025-06-09
Vasatika Ahuja,Meals,3446.57,2025-01-13
Tanish Oza,Hardware,4153.71,2025-07-02
Yatin Uppal,Meals,2790.12,2025-03-15
Ekalinga Dasgupta,Internet,4793.56,2025-11-15
Ekaja Kamdar,Accommodation,4498.61,2025-03-17
Rajata Thakkar,Software,813.31,2025-08-27
Ekalinga Dasgupta,Team Event,2587.59,2025-02-07
Alexander Bhattacharyya,Team Event,772.46,2024-11-27
Nidhi Dubey,Hardware,751.82,2025-07-13
Jhalak Bali,Taxi,2743.65,2025-09-20
Onkar Arya,Team Event,1370.48,2024-12-04
Ranbir Panchal,Training,1829.42,2025-08-17
Chakradev Thakkar,Software,2844.82,2025-06-29
Harinakshi Dhaliwal,Office Supplies,3200.34,2025-02-10
Benjamin Saini,Travel,2994.31,2025-05-15
Divya Deshmukh,Software,1465.70,2025-10-30
Wyatt Handa,Meals,1083.82,2025-09-23
Hiral Munshi,Hardware,3476.96,2025-06-05
Madhavi Johal,Accommodation,812.51,2025-10-06
Dayamai Bakshi,Taxi,2237.00,2025-01-06
Kiaan Lala,Travel,4336.27,2025-05-16
Benjamin Saini,Training,4414.29,2025-05-03
Yochana Bora,Meals,1894.98,2025-08-05
Akshay Kohli,Accommodation,809.26,2025-03-05
Balvan Bahl,Taxi,4051.23,2024-12-08
Ekalinga Dasgupta,Meals,4107.65,2025-05-23
Caleb Sood,Hardware,4632.93,2025-10-09
Ekaraj Buch,Travel,4033.44,2025-09-20
Harita Upadhyay,Office Supplies,1916.57,2025-02-25
Nirja Sekhon,Software,2654.66,2025-07-24
Ethan Sekhon,Travel,3547.64,2025-09-21
Ekaja Kamdar,Travel,2715.30,2025-05-25
Logan Khurana,Hardware,3781.92,2025-03-21
Krishna Dara,Team Event,786.10,2025-04-19
Kiaan Lala,Office Supplies,4858.30,2025-01-14
Varsha Nori,Hardware,2131.45,2024-12-31
Rajeshri Joshi,Hardware,748.48,2025-04-22
Ansh Chaudry,Meals,550.49,2025-03-09
Divya Deshmukh,Internet,4461.22,2025-01-21
Vivaan Kannan,Team Event,942.05,2025-08-23
Caleb Sood,Internet,2497.82,2025-08-17
Kai Goel,Accommodation,2127.50,2025-02-03
Faras Dara,Taxi,1794.97,2025-01-25
Mugdha Mane,Internet,1688.67,2025-05-13
Vedika Mann,Office Supplies,1498.36,2025-11-15
Azad Raghavan,Internet,1393.50,2025-01-22
Mugdha Mane,Team Event,2644.41,2025-07-01
Kiaan Lala,Training,4693.13,2025-08-08
Varsha Nori,Meals,1162.28,2025-06-14
Idika Rastogi,Travel,3624.13,2025-04-16
Idika Ganesan,Internet,3425.61,2024-12-28
Aarna Bahri,Software,4045.24,2025-04-21
Kiaan Lala,Accommodation,579.09,2025-07-04
Wridesh Magar,Meals,3965.29,2025-05-25
Charan Devan,Office Supplies,3035.14,2025-07-24
Onkar Arya,Meals,2668.05,2025-06-21
Alexander Bhattacharyya,Software,3272.35,2025-03-09
Tanveer Tripathi,Meals,3778.31,2025-08-04
Azad Kurian,Team Event,2971.52,2025-10-10
Rehaan Buch,Hardware,1495.49,2025-10-11
Zaitra Aurora,Taxi,1194.65,2025-02-11
Wridesh Magar,Internet,1078.13,2025-02-10
Advik Dugar,Taxi,769.55,2025-11-06
Idika Ganesan,Office Supplies,896.52,2025-06-15
Abhimanyu Kala,Hardware,3371.55,2025-07-25
Yashoda Manne,Hardware,4564.77,2025-05-30
Hemani Arora,Travel,1370.18,2025-10-28
Yadavi Chander,Travel,1096.73,2025-09-19
Divya Deshmukh,Office Supplies,2379.92,2025-02-05
Varsha Nori,Hardware,1912.91,2025-02-14
Yadavi Chander,Accommodation,4105.02,2025-01-22
Yashoda Manne,Taxi,3577.28,2025-08-26
Caleb Sood,Internet,1300.37,2025-05-29
Ladli Keer,Hardware,4372.77,2025-02-25
Manya Soman,Team Event,3465.75,2025-06-12
Yauvani Sengupta,Taxi,1699.24,2025-08-31
Manya Soman,Accommodation,1636.28,2024-12-13
Jacob Thakkar,Hardware,4511.55,2025-07-31
Samar Sharaf,Accommodation,1075.20,2025-07-01
Dayamai Bakshi,Team Event,1042.39,2025-04-22
Ekaraj Buch,Hardware,2630.17,2024-12-28
Vedika Mann,Travel,2136.82,2025-06-11
Azad Kurian,Meals,1669.02,2025-06-07
Ronith Edwin,Hardware,2264.54,2025-02-11
Rehaan Buch,Accommodation,650.27,2025-10-25
Diya Wali,Office Supplies,4357.17,2025-04-28
Yashoda Manne,Internet,3514.76,2025-11-20
Kiaan Lala,Internet,2508.93,2025-07-29
Siddharth Dugal,Internet,3232.84,2025-06-13
Rajata Thakkar,Travel,2329.89,2025-11-19
Abhimanyu Kala,Meals,2877.22,2025-07-05
Siddharth Dugal,Team Event,586.81,2025-09-04
Shivansh Saran,Hardware,2712.08,2025-11-19
Hemani Arora,Software,695.95,2025-11-22
Tanish Oza,Training,2977.05,2025-05-07
Devansh Gara,Meals,4993.24,2025-04-13
Ladli Dalal,Software,3525.63,2025-03-03
Harinakshi Dhaliwal,Software,910.32,2025-01-02
Manya Soman,Training,2812.00,2025-02-26
Samar Sharaf,Taxi,806.70,2025-08-24
Devansh Gara,Meals,1552.93,2025-04-05
Kevin Joshi,Meals,954.41,2025-01-08
Advik Dugar,Team Event,3400.75,2025-06-14
Logan Khurana,Taxi,2739.21,2024-12-12
Yauvani Sengupta,Meals,3953.29,2025-02-18
Peter Magar,Office Supplies,4780.57,2024-12-27
Vihaan Sabharwal,Team Event,3845.34,2025-11-06
Saksham Talwar,Team Event,1707.29,2025-06-30
Krishna Dara,Training,3759.55,2025-09-28
Hiral Munshi,Travel,1425.26,2024-12-06
Siddharth Dugal,Team Event,4964.41,2025-09-25
Yatin Uppal,Taxi,1269.35,2025-08-21
Harita Upadhyay,Travel,4869.11,2025-10-05
Sarthak Rajagopal,Internet,4704.03,2025-05-27
Zaitra Aurora,Training,4355.60,2024-12-29
Hemani Arora,Software,921.57,2025-02-06
Tanish Oza,Software,1301.42,2025-08-10
Aarna Bahri,Accommodation,1473.29,2025-05-02
Rajata Thakkar,Taxi,2168.99,2025-03-15
Harita Upadhyay,Office Supplies,4705.50,2025-07-22
Omisha Murty,Software,1910.78,2025-03-23
Abhimanyu Kala,Taxi,510.32,2025-06-15
Alexander Bhattacharyya,Meals,4028.82,2025-07-02
Daksha Mitter,Office Supplies,1891.09,2025-04-12
Tanish Oza,Team Event,1160.02,2025-09-30
Ekaraj Buch,Software,1876.84,2025-09-22
Azad Kurian,Team Event,1567.62,2024-12-08
Max Gole,Taxi,900.03,2025-01-21
Ansh Chaudry,Accommodation,1843.86,2024-12-18
Dakshesh Sandhu,Office Supplies,3167.29,2024-12-12
Isaac Choudhry,Accommodation,1912.69,2025-05-18
Widisha Lanka,Office Supplies,3805.22,2025-11-17
Indrajit Kapoor,Accommodation,689.37,2025-05-02
Harinakshi Dhaliwal,Training,4312.04,2025-09-16
Harinakshi Dhaliwal,Travel,4370.86,2025-10-19
Jacob Thakkar,Team Event,2546.83,2025-05-22
Robert Mammen,Accommodation,1701.71,2025-09-13
Nathaniel Kala,Travel,2170.05,2025-02-20
Rajata Thakkar,Office Supplies,858.40,2025-06-11
Robert Mammen,Meals,3254.35,2025-08-02
Dakshesh Sandhu,Hardware,4735.59,2025-06-05
Eesha Dasgupta,Team Event,3674.63,2025-10-04
Samar Sharaf,Office Supplies,1247.35,2025-04-22
Rajata Thakkar,Training,2193.80,2025-04-28
Advik Dugar,Travel,1318.60,2025-01-07
Dominic Verma,Office Supplies,3217.31,2025-04-05
Onkar Arya,Team Event,1666.58,2025-01-06
Alexander Bhattacharyya,Software,4944.90,2025-06-18
Vihaan Sabharwal,Taxi,4146.80,2025-08-07
Idika Rastogi,Software,3889.20,2025-02-20
Idika Rastogi,Meals,4255.35,2025-01-13
Vihaan Sabharwal,Hardware,2587.86,2025-04-16
Ekalinga Dasgupta,Hardware,766.72,2025-03-25
Siddharth Dugal,Travel,4033.86,2025-10-07
Vedant Dash,Taxi,3694.89,2025-09-25
Watika Deo,Meals,646.25,2025-07-18
Indali Bhandari,Office Supplies,3921.06,2025-10-17
Vivaan Kannan,Team Event,4039.47,2025-09-29
Dalaja Wagle,Meals,903.19,2025-10-20
Idika Ganesan,Accommodation,4343.02,2025-05-07
Omisha Murty,Accommodation,1374.86,2025-08-14
Watika Deo,Travel,2018.81,2025-10-25
Watika Kaur,Software,615.25,2025-01-18
Robert Mammen,Taxi,3690.31,2025-06-17
Dayamai Bakshi,Meals,2750.49,2025-05-15
Robert Mammen,Training,3790.56,2025-05-05
Kevin Joshi,Office Supplies,1962.18,2025-03-21
Indrajit Kapoor,Travel,4727.45,2025-04-18
Hemani Arora,Travel,3128.96,2025-05-03
Azad Kurian,Office Supplies,1524.36,2025-04-14
Rajeshri Joshi,Team Event,2600.20,2025-08-06
Yashoda Manne,Hardware,4076.52,2025-01-31
Sarthak Rajagopal,Hardware,4454.60,2025-07-01
Harinakshi Dhaliwal,Accommodation,4395.71,2025-06-03
Advik Dugar,Training,3453.98,2025-06-14
Diya Wali,Training,4275.71,2025-08-22
Yashoda Manne,Training,750.16,2025-03-15
Robert Mammen,Travel,2265.32,2025-10-12
Kai Goel,Training,4064.01,2025-03-14
Dalaja Wagle,Team Event,4067.40,2024-12-29
Devansh Gara,Software,4291.92,2025-06-03
Ladli Keer,Internet,2489.77,2024-12-22
Kevin Joshi,Hardware,1302.01,2025-03-22
Abhimanyu Kala,Accommodation,1102.91,2024-12-21
Watika Deo,Travel,3574.29,2025-08-31
Aayush Sandal,Team Event,2628.64,2025-03-08
Kai Goel,Accommodation,2396.56,2025-05-30
Benjamin Saini,Meals,4910.49,2025-05-06
Wyatt Handa,Hardware,4984.87,2025-03-02
Krishna Dara,Training,4709.92,2025-09-29
Devansh Gara,Team Event,1744.65,2025-06-28
Manya Soman,Hardware,2648.99,2025-06-24
Ekalinga Dasgupta,Travel,1467.57,2025-10-31
Nidhi Dubey,Office Supplies,526.53,2025-01-22
Dalaja Wagle,Software,1465.57,2025-03-08
Faras Dara,Travel,1419.84,2025-05-04
Abhimanyu Kala,Accommodation,909.81,2025-07-06
Jhalak Bali,Software,3835.54,2025-08-17
Ekaraj Buch,Travel,4822.97,2025-08-26
Devansh Gara,Software,4362.01,2025-07-27
Nidhi Dubey,Accommodation,4750.28,2025-10-31
Bishakha Rout,Travel,4548.13,2025-03-10
Watika Deo,Meals,3492.48,2025-05-13
Vihaan Sabharwal,Team Event,879.31,2024-12-23
Idika Rastogi,Office Supplies,1369.70,2025-01-25
Daksha Mitter,Meals,4405.74,2025-05-18
Joshua Purohit,Taxi,4399.19,2025-02-22
Ladli Dalal,Travel,2975.24,2025-02-17
Saksham Talwar,Training,756.60,2025-10-17
Samar Sharaf,Taxi,1050.77,2025-03-09
Yatin Uppal,Accommodation,3440.38,2024-12-27
Charan Devan,Accommodation,4000.37,2025-03-04
Hiral Munshi,Meals,1046.19,2025-08-26
Balvan Bahl,Team Event,705.48,2025-10-13
Joshua Purohit,Taxi,1394.09,2025-07-20
Akshay Kohli,Hardware,679.80,2025-03-16
Rehaan Buch,Team Event,3029.37,2025-06-23
Nicholas Mukhopadhyay,Hardware,3664.87,2025-02-14
Mugdha Mane,Meals,2116.94,2025-07-06
Idika Ganesan,Hardware,4888.97,2025-01-27
Sarthak Rajagopal,Travel,1533.68,2025-11-15
Chakradev Thakkar,Internet,2726.87,2025-03-04
Nidhi Dubey,Travel,2360.33,2025-03-10
Caleb Sood,Taxi,1261.39,2025-06-04
Aarna Bahri,Hardware,3766.70,2025-08-01
Madhavi Johal,Team Event,3372.41,2024-12-08
Wridesh Magar,Travel,4347.43,2025-06-14
Anmol Desai,Meals,3170.51,2025-11-07
Logan Khurana,Hardware,3598.63,2024-12-14
Nathaniel Kala,Internet,1778.89,2024-12-04
Balvan Bahl,Travel,1684.57,2024-11-30
Bishakha Rout,Hardware,1591.98,2024-12-31
Balvan Bahl,Internet,4567.40,2025-10-17
Idika Ganesan,Team Event,730.37,2025-01-30
Abhimanyu Kala,Travel,2862.30,2025-11-04
Nitara Rama,Office Supplies,2076.27,2024-12-28
Azad Raghavan,Hardware,4933.48,2025-11-06
Benjamin Zachariah,Hardware,4947.29,2025-06-23
Watika Deo,Training,1702.85,2025-03-01
Idika Rastogi,Software,3515.27,2025-05-11
Varsha Nori,Internet,2644.82,2025-03-16
Rudra Sodhi,Training,1592.44,2025-08-28
Tanish Oza,Meals,1812.65,2025-02-08
Vasatika Ahuja,Internet,814.50,2025-07-08
Vihaan Sabharwal,Software,1473.93,2025-04-28
Nicholas Mukhopadhyay,Meals,562.31,2025-04-10
Anika Bansal,Software,2879.55,2025-03-05
Tanish Oza,Office Supplies,3867.60,2025-11-13
Ekaraj Buch,Training,4872.42,2025-03-12
Azad Raghavan,Training,4503.06,2025-04-30
Ansh Chaudry,Team Event,2114.37,2024-12-07
Alexander Bhattacharyya,Office Supplies,2867.71,2025-11-03
Yauvani Sengupta,Office Supplies,3070.50,2025-09-05
Krishna Dara,Office Supplies,3576.64,2024-12-15
Siddharth Dugal,Office Supplies,1198.94,2025-08-16
Aayush Sandal,Taxi,4146.59,2025-10-06
Harinakshi Dhaliwal,Training,1012.22,2025-06-23
Indrajit Kapoor,Training,4070.44,2025-05-21
Benjamin Saini,Taxi,3589.96,2025-02-17
Anmol Desai,Training,4693.70,2025-06-02
Kai Goel,Meals,603.90,2025-03-11
Yadavi Chander,Accommodation,2608.57,2025-08-22
Logan Khurana,Training,513.73,2025-04-01
Ethan Sekhon,Internet,4751.13,2025-09-09
Ansh Chaudry,Internet,678.08,2025-02-19
Ethan Sekhon,Training,3308.06,2025-08-02
Alexander Bhattacharyya,Taxi,4287.09,2025-11-24
Tanish Oza,Software,3116.14,2025-09-18
Robert Mammen,Training,1329.97,2025-02-21
Tanveer Tripathi,Hardware,4429.65,2025-04-25
Yauvani Sengupta,Training,4960.93,2024-12-26
Pushti Dalal,Training,2102.93,2025-05-31
Logan Khurana,Internet,1454.59,2025-05-25
Ekaja Kamdar,Software,3488.39,2025-11-02
Charan Devan,Travel,2560.95,2025-03-16
Bishakha Rout,Travel,2942.54,2025-11-06
Charan Devan,Accommodation,699.10,2024-12-06
Divya Deshmukh,Accommodation,2431.50,2025-08-10
Vivaan Kannan,Internet,1978.25,2025-09-20
Faras Dara,Meals,1156.42,2025-11-23
Indali Bhandari,Internet,3482.19,2024-12-24
Tanveer Tripathi,Training,3278.82,2024-12-28
Devansh Gara,Hardware,4082.05,2025-01-31
Ladli Keer,Taxi,3312.37,2025-06-18
Anmol Desai,Software,758.02,2025-04-08
Manya Soman,Travel,623.42,2025-05-01
Varsha Nori,Meals,1754.67,2025-05-01
Nandini Golla,Software,3218.48,2024-12-27
Benjamin Saini,Office Supplies,2088.00,2025-07-05
Akshay Kohli,Hardware,3307.00,2024-12-31
Hiral Munshi,Training,4843.39,2025-11-01
Varsha Nori,Accommodation,2937.40,2025-11-16
Krishna Dara,Taxi,2716.99,2025-07-10
Caleb Sood,Accommodation,573.99,2025-10-27
Ekalinga Dasgupta,Hardware,1067.00,2025-07-18
Diya Wali,Software,3996.33,2025-05-31
Varsha Nori,Office Supplies,3504.30,2025-09-27
Benjamin Zachariah,Software,4905.12,2025-01-14
Widisha Lanka,Meals,4123.18,2025-05-13
Dev Bhagat,Taxi,2403.88,2025-04-27
Siddharth Dugal,Office Supplies,3739.05,2024-12-26
Ansh Chaudry,Team Event,1527.10,2024-12-17
Siddharth Dugal,Team Event,3548.42,2025-08-21
Nitara Rama,Software,3776.93,2025-08-13
Manya Soman,Meals,721.39,2025-08-28
Dalaja Wagle,Internet,1005.33,2025-04-11
Jhalak Bali,Office Supplies,2245.05,2025-03-28
Idika Rastogi,Travel,3998.34,2025-06-02
Nandini Golla,Office Supplies,2345.05,2025-06-18
Dev Bhagat,Travel,740.08,2024-12-10
Azad Kurian,Training,966.14,2025-10-03
Jhalak Bali,Team Event,4386.78,2025-08-31
Hiral Munshi,Travel,3754.21,2025-07-12
Charan Devan,Taxi,3662.31,2025-02-26
Rajata Thakkar,Software,819.59,2025-06-25
Indali Bhandari,Accommodation,909.27,2025-04-04
Dayamai Bakshi,Travel,1754.53,2025-06-14
Aarna Bahri,Office Supplies,4259.42,2025-05-03
Logan Khurana,Internet,536.98,2025-09-29
Vasatika Ahuja,Office Supplies,1391.66,2025-04-01
Omisha Murty,Training,4683.72,2025-09-30
Yatin Uppal,Training,4356.92,2025-01-05
Indrajit Kapoor,Training,4244.91,2025-10-01
Akshay Kohli,Team Event,3492.96,2025-08-12
Manya Soman,Team Event,3305.16,2025-04-07
Caleb Sood,Team Event,4942.59,2025-09-23
Benjamin Zachariah,Travel,3869.37,2025-10-07
Jacob Thakkar,Team Event,609.05,2025-11-23
Aayush Sandal,Travel,4800.58,2025-02-12
Balvan Bahl,Meals,1071.04,2025-05-24
Mugdha Mane,Team Event,4584.27,2025-04-25
Vedika Mann,Training,4071.55,2025-07-18
Tanish Oza,Hardware,4350.25,2025-02-11
Rajata Thakkar,Travel,951.08,2025-06-02
Tanish Oza,Meals,4774.88,2025-01-16
Abhimanyu Kala,Taxi,3690.33,2025-03-04
Widisha Lanka,Accommodation,1666.10,2025-05-28
Krishna Dara,Team Event,1388.95,2025-04-15
Nicholas Mukhopadhyay,Meals,4789.67,2024-12-30
Kevin Joshi,Hardware,2987.09,2025-03-17
Isaac Choudhry,Hardware,3112.19,2025-02-02
Nidhi Dubey,Office Supplies,3155.60,2025-01-06
Zaitra Aurora,Internet,3049.66,2025-04-07
Bishakha Rout,Accommodation,3671.63,2025-07-03
Aarna Bahri,Meals,2684.36,2025-07-31
Ladli Dalal,Internet,1262.31,2025-10-27
Watika Kaur,Training,2450.85,2025-04-06
Yatin Uppal,Office Supplies,2691.11,2025-04-20
Robert Mammen,Meals,3040.87,2025-01-01
Kevin Joshi,Office Supplies,4084.93,2025-09-11
Chakradev Thakkar,Office Supplies,3065.88,2025-10-28
Devansh Gara,Software,833.38,2025-03-03
Isaac Choudhry,Training,4209.26,2025-07-05
Abhimanyu Kala,Accommodation,1896.45,2025-11-22
Bishakha Rout,Taxi,4312.10,2025-03-10
Ekaja Kamdar,Internet,4916.59,2025-04-24
Manya Soman,Travel,3000.55,2025-01-04
Rajata Thakkar,Internet,960.36,2025-06-15
Vasatika Ahuja,Meals,1115.39,2025-05-10
Balvan Bahl,Travel,4052.70,2025-08-18
Tanish Oza,Office Supplies,3163.95,2025-11-09
Krishna Dara,Hardware,4315.99,2025-11-05
Anmol Desai,Taxi,4699.64,2025-06-03
Peter Magar,Software,4634.34,2025-06-15
Harita Upadhyay,Team Event,4858.41,2025-04-02
Ekalinga Dasgupta,Software,3750.12,2025-11-24
Dominic Verma,Training,3318.32,2025-08-09
Ekaraj Buch,Hardware,1532.29,2025-11-21
Tanish Oza,Team Event,977.42,2025-03-15
Nidhi Dubey,Meals,3408.60,2025-02-21
Balvan Bahl,Office Supplies,4615.89,2025-01-18
Ekaja Kamdar,Accommodation,3332.15,2025-04-10
Max Gole,Training,608.43,2025-03-16
Vedika Mann,Accommodation,4956.79,2025-05-20
Peter Magar,Meals,4212.51,2024-11-26
Anmol Desai,Training,3748.22,2025-02-19
Kai Goel,Software,4747.72,2025-01-06
Radhika Baral,Team Event,3382.30,2024-12-18
Nitara Rama,Taxi,4581.50,2025-02-18
Rajata Thakkar,Software,893.54,2025-05-20
Kai Goel,Software,2652.27,2025-11-22
Ethan Sekhon,Training,613.78,2025-06-23
Indrajit Kapoor,Meals,1277.28,2025-04-22
Wyatt Handa,Internet,4052.11,2025-09-24
Dakshesh Sandhu,Office Supplies,2788.56,2025-11-25
Kiaan Lala,Internet,3444.64,2025-02-16
Akshay Kohli,Office Supplies,2874.36,2025-07-01
Ranbir Panchal,Internet,822.25,2025-02-07
Madhavi Johal,Accommodation,1307.90,2025-04-20
Dev Bhagat,Training,2426.45,2025-04-09
Ladli Dalal,Software,3088.38,2025-01-03
Nirja Sekhon,Team Event,3355.54,2025-01-14
Akshay Kohli,Software,558.80,2025-09-26
Tanveer Tripathi,Travel,2256.22,2025-06-24
Tanish Oza,Team Event,3982.51,2025-07-26
Varsha Nori,Accommodation,2650.82,2025-06-02
Yadavi Chander,Hardware,3761.73,2025-06-22
Anika Bansal,Accommodation,1075.57,2025-01-20
Pushti Dalal,Office Supplies,3423.78,2025-02-19
Charan Devan,Accommodation,1697.45,2025-09-19
Peter Magar,Accommodation,4204.60,2025-05-16
Yauvani Sengupta,Meals,4442.04,2025-05-20
Ekaraj Buch,Software,1181.37,2025-01-08
Anika Bansal,Internet,3093.65,2025-10-30
Ranbir Panchal,Software,3597.95,2025-10-07
Ranbir Panchal,Hardware,770.94,2025-05-10
Logan Khurana,Hardware,1283.83,2025-01-19
Kai Goel,Office Supplies,1052.00,2025-09-29
Anmol Desai,Internet,890.73,2025-08-27
Tanish Oza,Meals,1817.20,2025-10-06
Idika Rastogi,Meals,3110.59,2024-12-20
Yatin Uppal,Meals,3017.12,2025-08-22
Diya Wali,Office Supplies,2362.71,2025-04-18
Logan Khurana,Accommodation,1765.38,2025-06-24
Hiral Munshi,Accommodation,3573.41,2025-03-27
Ekalinga Dasgupta,Team Event,1450.20,2025-02-01
Hemani Arora,Office Supplies,3762.11,2025-05-12
Abdul Pillai,Accommodation,4051.13,2025-05-07
Mugdha Mane,Accommodation,1337.02,2025-07-03
Siddharth Dugal,Office Supplies,4447.80,2025-09-28
Ekaraj Buch,Software,2660.10,2024-12-26
Hiral Munshi,Team Event,3381.06,2025-09-02
Ekaja Kamdar,Meals,2377.19,2025-05-21
Logan Khurana,Office Supplies,1453.50,2025-09-16
Joshua Purohit,Accommodation,4816.17,2025-07-18
Ekalinga Dasgupta,Accommodation,2583.83,2025-01-30
Tanish Oza,Team Event,1947.87,2025-06-11
Advik Dugar,Travel,849.46,2025-03-26
Ekaraj Buch,Accommodation,677.12,2025-08-25
Diya Wali,Internet,3937.12,2024-11-30
Saksham Talwar,Office Supplies,3432.32,2025-05-16
Rajata Thakkar,Taxi,3101.08,2024-12-04
Alexander Bhattacharyya,Travel,809.01,2025-08-09
Watika Deo,Software,1146.84,2025-07-24
Advik Dugar,Meals,3488.00,2025-11-02
Devansh Gara,Accommodation,4779.05,2025-05-17
Wridesh Magar,Training,2825.88,2025-03-02
Daksha Mitter,Internet,3970.12,2025-09-04
Mugdha Mane,Accommodation,3807.44,2024-12-25
Peter Magar,Software,3515.65,2025-11-14
Wyatt Handa,Team Event,1899.61,2025-06-19
Vihaan Sabharwal,Internet,2026.74,2025-04-08
Abdul Pillai,Team Event,4901.46,2024-12-12
Advik Dugar,Team Event,3842.79,2025-01-13
Kai Goel,Internet,2386.33,2025-05-28
Nicholas Mukhopadhyay,Accommodation,1952.19,2025-07-16
Kevin Joshi,Training,652.04,2025-10-06
Faras Dara,Accommodation,4040.74,2025-05-18
Jhalak Bali,Internet,3486.10,2025-06-25
Vivaan Kannan,Team Event,3255.15,2025-03-03
Mugdha Mane,Travel,2683.63,2025-06-10
Sarthak Rajagopal,Office Supplies,4229.58,2025-07-30
Advik Dugar,Taxi,771.11,2025-08-31
Isaac Choudhry,Travel,2987.54,2025-07-17
Ladli Keer,Meals,1228.31,2025-11-13
Jacob Thakkar,Software,1027.43,2025-06-02
Harita Upadhyay,Internet,990.76,2025-04-07
Ronith Edwin,Training,4243.41,2025-10-29
Eesha Dasgupta,Team Event,1193.83,2025-02-06
Bishakha Rout,Office Supplies,2985.37,2025-08-19
Sarthak Rajagopal,Travel,1642.20,2025-06-20
Samar Sharaf,Training,3212.65,2025-11-15
Kai Goel,Training,2117.62,2025-02-12
Madhavi Johal,Taxi,1219.07,2025-06-18
Faras Dara,Accommodation,2320.93,2025-04-27
Jhalak Bali,Internet,2158.21,2025-08-03
Kevin Joshi,Software,4035.08,2025-01-25
Omisha Murty,Hardware,3107.94,2024-12-21
Zansi Banik,Accommodation,3791.01,2025-03-19
Omisha Murty,Accommodation,756.64,2025-03-24
Chakradev Thakkar,Office Supplies,1144.17,2025-10-09
Vihaan Sabharwal,Accommodation,4296.34,2025-03-31
Madhavi Johal,Team Event,909.63,2025-03-17
Krishna Dara,Team Event,1867.92,2025-02-09
Aayush Sandal,Internet,3936.78,2025-04-27
Varsha Nori,Team Event,706.66,2025-08-08
Jhalak Bali,Taxi,2622.11,2025-06-16
Kiaan Lala,Accommodation,2065.93,2025-02-11
Zaitra Aurora,Internet,4995.58,2025-05-05
Onkar Arya,Travel,3268.46,2025-05-29
Anmol Desai,Internet,1599.40,2024-12-29
Benjamin Zachariah,Accommodation,3039.90,2025-10-01
Yauvani Sengupta,Internet,589.91,2025-02-18
Akshay Kohli,Travel,3736.34,2025-10-20
Robert Mammen,Training,4442.34,2025-07-25
Max Gole,Travel,3198.74,2025-10-08
Tanveer Tripathi,Hardware,1229.32,2025-09-24
Rudra Sodhi,Team Event,2694.55,2025-03-01
Benjamin Saini,Training,1947.44,2025-09-24
Wridesh Magar,Meals,4278.44,2024-12-16
Rudra Sodhi,Team Event,3064.17,2024-12-18
Jacob Thakkar,Team Event,4027.30,2025-06-13
Widisha Lanka,Training,1980.04,2025-09-25
Azad Kurian,Taxi,3241.36,2025-06-01
Rajata Thakkar,Travel,1384.29,2025-01-23
Yatin Uppal,Travel,3393.04,2025-10-14
Dakshesh Sandhu,Training,1230.71,2025-05-22
Ekalinga Dasgupta,Office Supplies,3797.83,2025-04-09
Chakradev Thakkar,Training,4085.12,2025-03-18
Benjamin Saini,Travel,4437.03,2025-02-08
Diya Wali,Accommodation,1543.35,2025-10-04
Harita Upadhyay,Hardware,4014.46,2025-08-23
Ladli Keer,Software,3572.62,2025-03-21
Ethan Sekhon,Office Supplies,900.04,2025-01-25
Kevin Joshi,Training,4263.48,2024-12-24
Rudra Sodhi,Accommodation,4505.43,2025-11-21
Benjamin Saini,Accommodation,1500.12,2025-10-07
Nandini Golla,Travel,3074.14,2024-12-26
Chakradev Thakkar,Training,4969.76,2025-10-20
Zansi Banik,Meals,2665.96,2025-03-27
Abdul Pillai,Internet,1845.53,2025-10-17
Azad Raghavan,Team Event,1410.19,2025-08-20
Divya Deshmukh,Travel,782.44,2024-11-28
Nicholas Mukhopadhyay,Office Supplies,899.02,2024-12-17
Aayush Sandal,Team Event,2350.46,2025-09-14
Benjamin Zachariah,Travel,4409.18,2025-07-20
Chakradev Thakkar,Internet,1837.49,2025-11-06
Jacob Thakkar,Meals,1658.58,2025-06-19
Kai Goel,Team Event,1805.75,2025-05-08
Azad Raghavan,Internet,4312.79,2025-10-28
Tanish Oza,Accommodation,3548.57,2025-10-06
Rajata Thakkar,Taxi,1485.23,2025-01-17
Ranbir Panchal,Hardware,1280.14,2025-03-21
Vedika Mann,Accommodation,3243.96,2025-03-10
Zansi Banik,Team Event,1649.02,2025-11-08
Divya Deshmukh,Travel,631.01,2025-07-18
Hiral Munshi,Team Event,2905.24,2025-03-21
Rudra Sodhi,Software,4408.01,2025-04-09
Wyatt Handa,Travel,4297.57,2025-08-20
Ladli Keer,Travel,4995.87,2025-03-29
Robert Mammen,Taxi,1522.31,2025-11-11
Vivaan Kannan,Hardware,1487.72,2025-06-30
Wyatt Handa,Meals,2073.78,2025-10-21
Bishakha Rout,Team Event,2456.55,2025-06-19
Ekaraj Buch,Hardware,652.90,2025-08-11
Yadavi Chander,Meals,521.31,2024-12-21
Advik Dugar,Hardware,1905.98,2025-02-01
Dakshesh Sandhu,Team Event,906.22,2025-02-20
Wyatt Handa,Team Event,3048.66,2025-01-03
Jacob Thakkar,Internet,1240.34,2024-12-16
Ekaraj Buch,Taxi,572.50,2025-07-08
Shivansh Saran,Office Supplies,4235.28,2025-11-24
Benjamin Zachariah,Software,4397.65,2024-11-26
Diya Wali,Meals,2793.19,2025-07-12
Anmol Desai,Accommodation,2195.92,2025-04-18
Abhimanyu Kala,Accommodation,767.81,2025-07-28
Yatin Uppal,Taxi,2109.98,2025-02-20
Zaitra Aurora,Office Supplies,1946.08,2025-01-11
Widisha Lanka,Office Supplies,1398.52,2024-12-24
Nirja Sekhon,Accommodation,2211.26,2025-01-03
Manya Soman,Office Supplies,796.56,2024-12-15
Widisha Lanka,Taxi,1701.79,2025-05-03
Nandini Golla,Office Supplies,2918.44,2025-11-10
Devansh Gara,Team Event,2649.13,2025-03-10
Ladli Keer,Training,3312.69,2025-04-19
Ethan Sekhon,Internet,3004.13,2025-09-26
Max Gole,Travel,2490.71,2025-10-19
Zansi Banik,Hardware,849.04,2025-05-09
Aarna Bahri,Office Supplies,4337.40,2025-07-25
Eesha Dasgupta,Accommodation,2283.85,2025-09-08
Rajeshri Joshi,Taxi,807.92,2025-06-30
Nathaniel Kala,Office Supplies,4888.36,2025-06-16
Max Gole,Taxi,2305.48,2025-09-11
Idika Ganesan,Meals,757.71,2024-12-03
Akshay Kohli,Accommodation,4137.95,2025-10-02
Anmol Desai,Meals,3526.57,2025-02-26
Dev Bhagat,Office Supplies,4420.37,2025-08-03
Yashoda Manne,Internet,4276.55,2025-10-12
Yashoda Manne,Meals,1250.11,2024-12-07
Widisha Lanka,Hardware,756.21,2025-07-02
Anmol Desai,Meals,2816.58,2025-03-24
Ekaja Kamdar,Meals,2336.43,2025-10-19
Benjamin Zachariah,Travel,2354.77,2025-07-29
Varsha Nori,Travel,2083.89,2025-06-05
Daksha Mitter,Team Event,1002.15,2025-07-22
Nandini Golla,Office Supplies,1807.53,2025-10-26
Dakshesh Sandhu,Accommodation,1551.67,2025-03-13
Aarna Bahri,Meals,3299.01,2025-06-19
Yadavi Chander,Accommodation,2453.09,2025-07-20
Yauvani Sengupta,Hardware,2142.94,2024-12-09
Harinakshi Dhaliwal,Hardware,2748.01,2025-03-31
Rehaan Buch,Team Event,4275.82,2025-04-10
Madhavi Johal,Software,709.53,2025-01-05
Devansh Gara,Office Supplies,636.64,2025-02-25
Vihaan Sabharwal,Software,1872.85,2024-12-17
Joshua Purohit,Accommodation,528.18,2024-12-12
Zaitra Aurora,Internet,4652.98,2025-11-22
Dominic Verma,Accommodation,4706.89,2025-04-20
Varsha Nori,Software,2426.20,2025-03-13
Nandini Golla,Meals,3041.53,2024-12-14
Vihaan Sabharwal,Taxi,1922.89,2025-05-23
Pushti Dalal,Hardware,3687.98,2025-04-03
Charan Devan,Software,2431.39,2025-07-01
Saksham Talwar,Travel,4953.96,2025-02-20
Vedika Mann,Accommodation,1752.50,2025-07-14
Yochana Bora,Taxi,4519.27,2025-02-19
Wyatt Handa,Training,2736.26,2025-03-27
Harita Upadhyay,Travel,4204.98,2025-03-02
Vedika Mann,Taxi,1003.86,2025-03-17
Yatin Uppal,Team Event,1075.68,2024-12-28
Dalaja Wagle,Internet,1194.19,2025-06-12
Vedika Mann,Office Supplies,1041.40,2025-02-06
Jhalak Bali,Internet,4211.64,2024-12-29
Tanish Oza,Accommodation,1687.65,2025-06-27
Peter Magar,Team Event,2454.52,2025-08-15
Yauvani Sengupta,Team Event,4688.82,2025-01-29
Wridesh Magar,Meals,2656.44,2025-05-05
Vedant Dash,Software,2824.40,2025-09-25
Jhalak Bali,Hardware,1134.07,2025-04-21
Dakshesh Sandhu,Internet,2583.74,2025-08-19
Joshua Purohit,Accommodation,3061.67,2025-09-18
Isaac Choudhry,Hardware,1207.77,2025-02-21
Shivansh Saran,Team Event,2568.74,2025-05-12
Idika Ganesan,Taxi,1453.18,2024-12-07
Robert Mammen,Software,3403.44,2025-05-26
Ladli Keer,Travel,2610.91,2025-07-13
Logan Khurana,Training,4192.10,2025-08-28
Kiaan Lala,Meals,1797.54,2025-09-10
Tanveer Tripathi,Accommodation,3043.49,2025-07-30
Nicholas Mukhopadhyay,Software,2701.76,2025-01-17
Advik Dugar,Team Event,3499.19,2025-01-20
Dalaja Wagle,Meals,4268.60,2025-10-10
Dev Bhagat,Team Event,4764.70,2025-10-27
Caleb Sood,Team Event,3255.38,2025-07-19
Chakradev Thakkar,Internet,2829.26,2025-05-02
Anika Bansal,Hardware,4442.32,2025-06-17
Sarthak Rajagopal,Hardware,887.31,2025-04-27
Abhimanyu Kala,Hardware,1520.00,2025-07-02
Rajata Thakkar,Hardware,2752.96,2024-12-12
Ekaraj Buch,Team Event,2343.56,2025-08-11
Mugdha Mane,Software,1536.89,2025-11-16
Manya Soman,Meals,2101.79,2025-01-31
Balvan Bahl,Office Supplies,2437.08,2025-11-15
Aayush Sandal,Travel,882.68,2024-12-15
Rajeshri Joshi,Team Event,2163.81,2025-03-25
Vivaan Kannan,Office Supplies,737.28,2025-10-14
Balvan Bahl,Training,882.63,2025-09-12
Caleb Sood,Office Supplies,4958.56,2025-09-08
Kevin Joshi,Travel,3310.79,2025-04-09
Daksha Mitter,Accommodation,3954.51,2025-06-01
Watika Deo,Hardware,924.81,2025-03-14
Yauvani Sengupta,Software,3551.45,2025-08-08
Zaitra Aurora,Travel,2986.46,2025-06-04
Alexander Bhattacharyya,Accommodation,4298.35,2025-08-15
Vedant Dash,Hardware,2012.06,2025-11-23
Eesha Dasgupta,Office Supplies,3716.56,2025-06-15
Ladli Dalal,Accommodation,3123.24,2025-10-25
Watika Deo,Hardware,1810.22,2025-10-12
Ansh Chaudry,Training,4616.33,2025-01-28
Vihaan Sabharwal,Travel,4753.68,2025-06-02
Vihaan Sabharwal,Internet,2368.67,2025-04-22
Dalaja Wagle,Internet,4421.71,2025-11-04
Akshay Kohli,Team Event,4577.72,2025-03-21
Kai Goel,Hardware,3604.73,2025-06-03
Hemani Arora,Training,733.98,2025-06-08
Alexander Bhattacharyya,Office Supplies,4451.65,2025-03-25
Ekaja Kamdar,Hardware,2938.17,2025-03-22
Isaac Choudhry,Training,4971.09,2025-01-02
Kai Goel,Accommodation,3531.51,2025-08-29
Wyatt Handa,Taxi,1599.87,2025-03-11
Ekaraj Buch,Meals,538.70,2025-08-04
Onkar Arya,Accommodation,1313.14,2025-07-26
Vivaan Kannan,Team Event,1233.01,2025-03-07
Idika Ganesan,Training,3621.17,2025-04-08
Max Gole,Software,773.49,2025-09-28
Manya Soman,Training,4918.33,2024-12-28
Devansh Gara,Hardware,4318.77,2025-11-02
Faras Dara,Software,4070.66,2025-09-09
Nirja Sekhon,Accommodation,816.82,2025-09-13
Chakradev Thakkar,Meals,2591.83,2025-03-04
Onkar Arya,Training,2162.94,2025-03-08
Vivaan Kannan,Taxi,949.50,2025-06-18
Krishna Dara,Meals,3962.09,2025-07-30
Nandini Golla,Team Event,1629.07,2025-07-11
Dev Bhagat,Hardware,2487.15,2025-06-09
Aayush Sandal,Training,2141.56,2025-05-04
Balvan Bahl,Travel,4996.11,2025-01-01
Jhalak Bali,Accommodation,4013.80,2025-03-27
Dayamai Bakshi,Internet,4376.18,2025-06-04
Widisha Lanka,Training,1475.45,2025-01-14
Watika Kaur,Accommodation,2701.20,2025-08-02
Widisha Lanka,Meals,579.37,2025-07-28
Ladli Keer,Office Supplies,760.22,2025-01-09
Idika Rastogi,Software,4210.00,2025-05-02
Zaitra Aurora,Internet,3437.97,2025-06-04
Ekaja Kamdar,Office Supplies,2091.34,2025-04-17
Watika Deo,Hardware,1428.55,2025-02-22
Saksham Talwar,Team Event,580.93,2025-05-04
Kevin Joshi,Taxi,4532.95,2025-09-17
Krishna Dara,Travel,2707.36,2025-09-07
Peter Magar,Hardware,4096.32,2025-04-21
Diya Wali,Meals,2484.78,2025-03-07
Radhika Baral,Taxi,3276.68,2025-07-20
Rudra Sodhi,Team Event,2271.66,2025-07-04
Saksham Talwar,Meals,2782.75,2024-12-21
Zansi Banik,Taxi,4351.50,2025-06-12
Divya Deshmukh,Office Supplies,1597.30,2025-08-23
Benjamin Zachariah,Accommodation,1284.17,2025-07-10
Idika Rastogi,Office Supplies,736.05,2025-10-30
Tanveer Tripathi,Travel,1736.68,2024-12-27
Ladli Keer,Accommodation,2326.69,2025-07-02
Samar Sharaf,Software,898.20,2025-07-23
Vedika Mann,Accommodation,2980.38,2025-04-13
Ekalinga Dasgupta,Meals,1585.30,2025-04-30
Benjamin Saini,Accommodation,4836.47,2025-05-08
Onkar Arya,Hardware,2965.28,2024-12-11
Kai Goel,Hardware,4844.58,2025-06-21
Charan Devan,Office Supplies,2101.40,2024-11-27
Yadavi Chander,Internet,1826.59,2025-07-06
Bishakha Rout,Travel,4418.84,2025-05-14
Hiral Munshi,Hardware,1485.51,2025-07-26
Yatin Uppal,Travel,1201.41,2025-07-19
Yashoda Manne,Team Event,3899.05,2025-02-02
Logan Khurana,Software,2571.02,2025-02-17
Tanish Oza,Travel,4824.25,2025-02-26
Mugdha Mane,Software,544.18,2025-09-08
Rajeshri Joshi,Office Supplies,1148.87,2025-08-06
Anika Bansal,Software,2396.93,2025-05-21
Jhalak Bali,Taxi,2174.32,2025-02-20
Krishna Dara,Taxi,2203.33,2024-12-27
Wridesh Magar,Hardware,858.84,2024-12-28
Watika Kaur,Travel,2594.72,2025-07-16
Vedika Mann,Accommodation,4617.88,2025-05-01
Nathaniel Kala,Travel,2806.98,2024-12-23
Anika Bansal,Hardware,995.70,2025-08-07
Zansi Banik,Travel,4658.42,2024-12-12
Mugdha Mane,Office Supplies,950.10,2025-06-15
Watika Deo,Office Supplies,3922.69,2024-12-18
Abdul Pillai,Office Supplies,1975.21,2025-11-23
Bishakha Rout,Team Event,698.03,2025-05-10
Shivansh Saran,Accommodation,2369.38,2025-10-06
Omisha Murty,Team Event,4691.98,2025-09-07
Siddharth Dugal,Taxi,4345.30,2025-09-18
Aayush Sandal,Hardware,1739.44,2025-07-03
Omisha Murty,Accommodation,2902.07,2025-03-04
Widisha Lanka,Travel,4785.27,2025-11-21
Hiral Munshi,Travel,4003.75,2025-07-31
Jacob Thakkar,Hardware,2070.42,2025-02-16
Krishna Dara,Meals,2237.20,2025-09-28
Rehaan Buch,Meals,1454.57,2025-05-25
Ekalinga Dasgupta,Taxi,4870.73,2025-08-19
Ekaja Kamdar,Training,1422.32,2025-11-25
Indali Bhandari,Internet,3913.18,2025-08-10
Krishna Dara,Taxi,3096.05,2025-07-06
Wyatt Handa,Office Supplies,4207.71,2025-03-30
Ekaraj Buch,Accommodation,2531.23,2025-10-27
Ronith Edwin,Taxi,1742.22,2025-01-05
Shivansh Saran,Accommodation,4279.69,2025-01-22
Robert Mammen,Team Event,881.31,2025-05-26
Anmol Desai,Travel,1490.83,2025-10-08
Pushti Dalal,Team Event,1821.62,2025-04-29
Hemani Arora,Software,2129.95,2025-01-18
Eesha Dasgupta,Taxi,835.50,2024-12-09
Tanish Oza,Training,1603.98,2025-09-24
Hemani Arora,Software,584.04,2025-11-11
Diya Wali,Office Supplies,2427.64,2025-02-11
Zansi Banik,Taxi,3043.82,2025-11-20
Kiaan Lala,Team Event,4894.27,2025-06-14
Ladli Keer,Software,4488.92,2024-12-02
Rajeshri Joshi,Travel,1991.83,2025-01-21
Faras Dara,Office Supplies,1397.14,2025-06-11
Idika Rastogi,Travel,4917.77,2025-10-13
Manya Soman,Accommodation,984.45,2025-03-13
Alexander Bhattacharyya,Travel,3253.57,2025-03-03
Rajata Thakkar,Meals,2783.44,2025-09-09
Pushti Dalal,Meals,1726.92,2025-04-24
Kevin Joshi,Office Supplies,1189.15,2025-04-01
Watika Deo,Meals,1168.76,2025-01-30
Sarthak Rajagopal,Travel,1708.91,2025-07-29
Manya Soman,Travel,3011.72,2025-03-15
Onkar Arya,Meals,516.13,2025-04-24
Idika Rastogi,Taxi,1032.04,2025-09-15
Tanveer Tripathi,Office Supplies,2287.27,2025-01-31
Tanish Oza,Hardware,573.68,2025-07-24
Samar Sharaf,Internet,1489.03,2025-07-17
Yauvani Sengupta,Office Supplies,4648.80,2025-05-31
Anmol Desai,Training,558.05,2024-12-03
Madhavi Johal,Accommodation,2806.37,2025-03-11
Peter Magar,Accommodation,681.37,2025-07-26
Charan Devan,Office Supplies,981.14,2025-10-17
Yochana Bora,Office Supplies,4428.66,2025-10-11
Ekaja Kamdar,Taxi,1574.87,2025-06-04
Yatin Uppal,Team Event,1705.19,2025-01-15
Nathaniel Kala,Training,2443.18,2025-09-06
Robert Mammen,Meals,3893.39,2025-05-21
Indali Bhandari,Meals,1016.36,2025-09-24
Eesha Dasgupta,Travel,2038.94,2025-02-20
Dev Bhagat,Hardware,2255.19,2025-08-28
Jacob Thakkar,Taxi,4472.31,2025-03-15
Vivaan Kannan,Office Supplies,4925.98,2025-03-09
Dayamai Bakshi,Meals,3174.16,2025-07-12
Indali Bhandari,Training,1869.95,2025-02-14
Hemani Arora,Internet,4598.19,2025-07-17
Logan Khurana,Team Event,2498.89,2025-01-27
Zaitra Aurora,Internet,2416.33,2025-02-24
Isaac Choudhry,Accommodation,3786.69,2025-03-17
Bishakha Rout,Office Supplies,1208.47,2025-02-06
Eesha Dasgupta,Travel,1589.13,2025-04-15
Vedant Dash,Internet,3004.40,2025-08-07
Dev Bhagat,Team Event,3119.33,2025-07-22
Dayamai Bakshi,Team Event,2521.42,2025-05-08
Wyatt Handa,Training,3412.97,2025-10-28
Krishna Dara,Accommodation,4805.22,2025-07-29
Eesha Dasgupta,Accommodation,3139.55,2025-03-01
Shivansh Saran,Software,3787.05,2025-10-15
Dakshesh Sandhu,Taxi,960.24,2025-02-22
Benjamin Zachariah,Hardware,3893.12,2025-03-21
Bishakha Rout,Hardware,1171.80,2025-07-29
Ekaja Kamdar,Travel,3651.56,2024-12-15
Vedant Dash,Team Event,3912.84,2025-04-28
Ladli Keer,Meals,4323.32,2025-08-11
Ronith Edwin,Hardware,3317.16,2025-08-10
Hemani Arora,Training,3529.79,2025-09-16
Ekaraj Buch,Accommodation,3447.59,2025-02-18
Dominic Verma,Meals,1970.85,2025-07-02
Nicholas Mukhopadhyay,Taxi,4906.03,2025-07-25
Vedant Dash,Team Event,998.40,2025-10-10
Dominic Verma,Software,3184.19,2025-09-17
Ladli Dalal,Accommodation,1179.48,2025-10-18
Nidhi Dubey,Hardware,3052.47,2025-05-28
Wridesh Magar,Travel,972.61,2025-04-16
Aayush Sandal,Office Supplies,1102.41,2025-09-14
Anika Bansal,Internet,4964.41,2025-09-03
Wridesh Magar,Training,3471.75,2024-11-26
Krishna Dara,Taxi,4253.51,2025-11-15
Saksham Talwar,Hardware,2442.45,2025-01-24
Ladli Dalal,Software,611.01,2025-10-31
Joshua Purohit,Team Event,3217.18,2025-09-18
Kevin Joshi,Accommodation,722.42,2025-03-18
Harita Upadhyay,Taxi,3108.98,2025-05-02
Azad Kurian,Hardware,3385.48,2024-12-03
Rajata Thakkar,Team Event,3103.92,2025-02-16
Dev Bhagat,Software,799.63,2025-01-25
Tanish Oza,Accommodation,4482.22,2025-02-03
Daksha Mitter,Meals,1775.23,2025-07-04
Pushti Dalal,Team Event,2405.51,2025-06-19
Widisha Lanka,Software,3421.08,2025-01-08
Widisha Lanka,Travel,1448.97,2025-05-16
Balvan Bahl,Meals,3792.22,2025-07-21
Daksha Mitter,Office Supplies,2981.38,2025-10-24
Vihaan Sabharwal,Travel,4554.95,2025-01-30
Isaac Choudhry,Taxi,4490.25,2025-06-20
Benjamin Saini,Software,3288.90,2025-09-02
Widisha Lanka,Office Supplies,888.80,2025-11-01
Idika Ganesan,Meals,2907.20,2025-09-11
Manya Soman,Travel,733.61,2025-04-27
Onkar Arya,Travel,2795.95,2025-07-26
Yatin Uppal,Travel,3665.01,2025-07-03
Hiral Munshi,Meals,3307.63,2024-12-26
Harita Upadhyay,Hardware,3762.11,2025-01-29
Kiaan Lala,Office Supplies,2738.90,2025-04-25
Kai Goel,Meals,2578.09,2025-11-10
Aayush Sandal,Hardware,2310.01,2025-09-16
Ronith Edwin,Training,4301.45,2024-12-27
Widisha Lanka,Travel,4787.83,2025-10-07
Samar Sharaf,Taxi,4087.08,2025-04-05
Tanish Oza,Accommodation,4627.78,2025-09-18
Madhavi Johal,Software,4265.21,2025-04-05
Anika Bansal,Hardware,890.51,2025-01-23
Onkar Arya,Taxi,609.25,2025-10-28
Charan Devan,Travel,2926.22,2025-05-12
Dakshesh Sandhu,Hardware,3626.03,2025-06-27
Dalaja Wagle,Hardware,1544.14,2025-11-01
Max Gole,Internet,4788.03,2025-10-11
Ekaja Kamdar,Meals,4012.85,2025-07-21
Zansi Banik,Training,2077.44,2025-03-24
Pushti Dalal,Travel,2372.92,2025-06-22
Azad Raghavan,Hardware,3650.91,2025-07-02
Benjamin Saini,Software,3546.23,2025-08-12
Tanveer Tripathi,Internet,4470.39,2025-06-23
Manya Soman,Software,917.67,2025-01-28
Ekaja Kamdar,Meals,962.19,2025-05-14
Wridesh Magar,Internet,3615.24,2025-08-02
Kevin Joshi,Accommodation,4392.95,2025-04-20
Hemani Arora,Meals,1999.45,2025-01-09
Mugdha Mane,Accommodation,3918.28,2025-09-30
Kai Goel,Travel,3230.30,2025-04-27
Nicholas Mukhopadhyay,Accommodation,1266.08,2025-08-07
Anmol Desai,Taxi,2107.39,2025-09-04
Indali Bhandari,Team Event,4612.93,2025-08-14
Tanish Oza,Office Supplies,1842.00,2025-05-16
Faras Dara,Internet,1190.80,2025-04-11
Joshua Purohit,Office Supplies,2279.99,2025-08-22
Ekaraj Buch,Taxi,1249.42,2025-04-03
Krishna Dara,Taxi,3610.02,2024-12-10
Dev Bhagat,Travel,2627.30,2025-01-15
Dayamai Bakshi,Meals,1685.15,2025-11-18
Azad Kurian,Accommodation,4575.75,2025-10-29
Aarna Bahri,Travel,3169.34,2025-02-13
Pushti Dalal,Training,2383.31,2025-11-12
Anmol Desai,Team Event,2084.75,2025-01-18
Logan Khurana,Training,3782.21,2025-01-14
Ekaraj Buch,Internet,4479.92,2025-03-17
Siddharth Dugal,Team Event,2213.05,2025-05-30
Akshay Kohli,Hardware,4791.51,2025-05-16
Hiral Munshi,Taxi,1412.31,2025-01-27
Rajata Thakkar,Taxi,578.12,2025-06-25
Yadavi Chander,Taxi,1563.03,2025-09-11
Ekaja Kamdar,Travel,4027.02,2025-08-10
Vedika Mann,Team Event,1715.38,2025-11-15
Vivaan Kannan,Internet,3335.10,2025-11-03
Benjamin Saini,Software,3890.60,2024-12-31
Rajata Thakkar,Accommodation,1876.42,2025-04-07
Peter Magar,Travel,3330.57,2025-02-12
Tanveer Tripathi,Meals,2686.16,2025-09-22
Caleb Sood,Team Event,1844.22,2025-09-17
Isaac Choudhry,Meals,4484.15,2025-03-15
Manya Soman,Software,4066.17,2025-07-19
Ekaraj Buch,Travel,4864.26,2025-05-23
Logan Khurana,Training,2128.11,2025-08-31
Manya Soman,Meals,3797.67,2025-01-15
Onkar Arya,Travel,3370.85,2024-12-24
Akshay Kohli,Software,4366.72,2025-02-08
Ekaraj Buch,Accommodation,2233.35,2024-12-28
Ladli Keer,Accommodation,574.59,2025-04-06
Dev Bhagat,Office Supplies,766.86,2025-08-06
Kai Goel,Team Event,1951.52,2025-05-24
Radhika Baral,Meals,1792.07,2025-02-03
Diya Wali,Travel,3562.06,2025-09-28
Widisha Lanka,Accommodation,4756.08,2025-05-21
Benjamin Zachariah,Internet,2321.81,2025-05-15
Anika Bansal,Taxi,3554.86,2025-06-19
Madhavi Johal,Internet,3700.87,2025-07-17
Ekaja Kamdar,Team Event,2278.57,2025-09-25
Ethan Sekhon,Software,2427.84,2025-01-26
Advik Dugar,Team Event,2669.52,2024-12-07
Robert Mammen,Taxi,1163.55,2025-09-20
Nitara Rama,Travel,1037.89,2025-06-07
Madhavi Johal,Training,2765.60,2025-04-06
Isaac Choudhry,Travel,2804.09,2025-01-09
Zaitra Aurora,Internet,1038.60,2025-10-30
Yatin Uppal,Travel,639.87,2025-08-15
Vihaan Sabharwal,Training,2843.34,2024-12-01
Akshay Kohli,Office Supplies,3243.87,2025-03-17
Krishna Dara,Taxi,4306.21,2025-01-14
Dev Bhagat,Training,4728.81,2025-05-25
Madhavi Johal,Training,1859.56,2025-05-14
Nitara Rama,Hardware,1253.06,2025-05-05
Rudra Sodhi,Travel,3230.41,2025-10-04
Dev Bhagat,Meals,2507.52,2024-12-01
Krishna Dara,Internet,1746.67,2025-03-01
Radhika Baral,Taxi,2425.05,2025-06-26
Divya Deshmukh,Internet,1583.07,2025-08-17
Dayamai Bakshi,Training,4013.00,2025-11-18
Hemani Arora,Meals,3765.74,2025-03-24
Logan Khurana,Travel,2749.46,2025-06-17
Isaac Choudhry,Meals,1656.63,2025-02-18
Ladli Dalal,Team Event,3790.37,2025-09-15
Wyatt Handa,Taxi,3852.93,2025-10-11
Siddharth Dugal,Taxi,957.72,2025-11-02
Abhimanyu Kala,Travel,805.83,2025-06-10
Vasatika Ahuja,Taxi,2178.54,2024-11-26
Ekalinga Dasgupta,Team Event,2435.17,2025-08-08
Samar Sharaf,Office Supplies,2067.34,2025-09-15
Madhavi Johal,Software,3347.00,2025-03-07
Nirja Sekhon,Meals,4985.84,2024-12-29
Azad Raghavan,Travel,4112.44,2025-04-17
Shivansh Saran,Travel,3417.85,2025-01-04
Anika Bansal,Meals,777.36,2025-06-22
Saksham Talwar,Meals,1935.67,2025-04-17
Samar Sharaf,Internet,2829.35,2025-03-15
Nicholas Mukhopadhyay,Training,3904.78,2025-05-09
Dayamai Bakshi,Software,4261.28,2025-08-24
Rajeshri Joshi,Meals,1773.56,2024-12-12
Eesha Dasgupta,Software,4034.95,2025-06-07
Mugdha Mane,Taxi,2270.24,2025-11-15
Dakshesh Sandhu,Training,1519.05,2025-09-07
Ekaja Kamdar,Travel,4909.30,2025-06-20
Omisha Murty,Team Event,3878.39,2025-09-28
Aarna Bahri,Training,1766.82,2025-08-28
Advik Dugar,Office Supplies,3049.47,2025-08-21
Ekalinga Dasgupta,Team Event,2016.62,2025-02-18
Mugdha Mane,Team Event,2728.76,2025-05-03
Mugdha Mane,Hardware,2305.24,2025-04-17
Ladli Dalal,Taxi,785.86,2025-06-08
Siddharth Dugal,Taxi,4313.77,2025-04-04
Zansi Banik,Internet,676.62,2025-01-21
Logan Khurana,Office Supplies,1759.83,2025-02-28
Indrajit Kapoor,Meals,4075.98,2025-04-04
Jhalak Bali,Accommodation,1062.73,2025-07-11
Saksham Talwar,Team Event,3778.02,2025-02-12
Isaac Choudhry,Travel,860.22,2025-05-23
Indrajit Kapoor,Meals,4531.37,2025-07-21
Saksham Talwar,Hardware,4982.28,2025-08-24
Rajata Thakkar,Training,4732.60,2025-07-12
Idika Rastogi,Accommodation,4318.23,2025-06-17
Eesha Dasgupta,Team Event,3582.43,2024-12-27
Vedika Mann,Office Supplies,1342.05,2025-09-11
Caleb Sood,Internet,962.90,2025-07-01
Joshua Purohit,Training,3892.85,2025-09-04
Dalaja Wagle,Accommodation,841.13,2025-09-24
Nicholas Mukhopadhyay,Internet,2032.77,2025-05-15
Vedant Dash,Training,510.12,2024-11-29
Charan Devan,Training,4413.18,2025-01-04
Krishna Dara,Internet,4558.16,2025-08-25
Ansh Chaudry,Travel,3143.44,2025-08-31
Shivansh Saran,Meals,2386.91,2025-05-29
Dalaja Wagle,Taxi,4568.27,2025-05-08
Saksham Talwar,Office Supplies,4226.60,2025-04-22
Alexander Bhattacharyya,Team Event,3895.36,2025-09-24
Aayush Sandal,Team Event,3769.08,2025-06-03
Tanveer Tripathi,Training,4796.34,2025-06-04
Jacob Thakkar,Internet,4096.36,2025-09-29
Hiral Munshi,Team Event,4651.06,2025-01-28
Nidhi Dubey,Internet,2709.20,2025-03-15
Ranbir Panchal,Training,2415.77,2025-07-24
Azad Kurian,Team Event,677.66,2025-07-19
Dev Bhagat,Office Supplies,4219.65,2025-07-07
Dayamai Bakshi,Accommodation,4907.37,2025-01-12
Dominic Verma,Meals,2725.87,2025-06-03
Tanveer Tripathi,Hardware,756.65,2025-04-01
Kai Goel,Taxi,544.79,2025-06-17
Manya Soman,Travel,4873.38,2025-11-19
Yashoda Manne,Training,4372.93,2025-04-25
Zaitra Aurora,Internet,4879.02,2025-05-15
Idika Ganesan,Software,1689.18,2025-04-03
Rajata Thakkar,Meals,1146.46,2025-05-12
Indali Bhandari,Hardware,4212.55,2025-02-03
Divya Deshmukh,Hardware,637.24,2025-01-17
Omisha Murty,Training,1063.41,2024-12-18
Harinakshi Dhaliwal,Office Supplies,3522.90,2024-12-14
Daksha Mitter,Taxi,3117.25,2025-10-02
Eesha Dasgupta,Office Supplies,1318.51,2025-07-23
Balvan Bahl,Accommodation,1914.13,2025-03-18
Jacob Thakkar,Training,753.18,2025-05-13
Dakshesh Sandhu,Office Supplies,4576.41,2025-11-12
Nitara Rama,Travel,4612.23,2025-05-25
Indali Bhandari,Hardware,4903.86,2025-08-28
Charan Devan,Meals,558.81,2025-06-11
Samar Sharaf,Travel,2951.41,2025-08-07
Wyatt Handa,Taxi,525.33,2025-01-12
Ladli Dalal,Software,2423.22,2025-05-13
Dev Bhagat,Travel,989.53,2025-03-16
Devansh Gara,Office Supplies,2338.94,2025-01-19
Yochana Bora,Travel,4570.44,2024-12-24
Nidhi Dubey,Meals,873.52,2024-12-17
Harita Upadhyay,Office Supplies,3708.86,2025-06-02
Samar Sharaf,Office Supplies,1822.21,2025-06-06
Logan Khurana,Meals,4226.34,2025-03-04
Siddharth Dugal,Training,1559.86,2025-09-10
Max Gole,Travel,3308.15,2025-02-24
Harita Upadhyay,Team Event,2045.17,2025-08-18
Yashoda Manne,Team Event,2745.47,2025-01-28
Devansh Gara,Team Event,3689.02,2025-01-28
Abhimanyu Kala,Accommodation,1560.70,2024-12-05
Diya Wali,Accommodation,2306.64,2025-03-26
Ethan Sekhon,Accommodation,3528.87,2025-08-26
Ansh Chaudry,Hardware,2137.19,2025-01-24
Mugdha Mane,Training,4195.80,2024-12-29
Azad Kurian,Office Supplies,2221.66,2025-04-03
Azad Kurian,Training,695.12,2025-05-21
Peter Magar,Software,1617.95,2025-04-23
Madhavi Johal,Office Supplies,1115.14,2025-05-15
Devansh Gara,Software,1973.02,2025-02-01
Ladli Dalal,Office Supplies,639.76,2025-05-11
Vedika Mann,Training,3305.52,2025-09-06
Vasatika Ahuja,Office Supplies,1350.96,2025-04-25
Ranbir Panchal,Office Supplies,1521.90,2024-12-29
Ethan Sekhon,Accommodation,4539.37,2024-11-29
Faras Dara,Travel,4176.71,2025-07-24
Hiral Munshi,Training,1125.81,2025-04-20
Daksha Mitter,Hardware,2994.13,2025-05-21
Rajeshri Joshi,Software,1925.74,2025-09-23
Radhika Baral,Meals,4867.35,2025-10-04
Dalaja Wagle,Travel,1588.72,2025-10-30
Samar Sharaf,Internet,3876.13,2025-03-11
Zansi Banik,Internet,1340.21,2025-09-20
Ladli Dalal,Accommodation,1660.32,2025-05-06
Zaitra Aurora,Taxi,2466.65,2025-08-15
Jhalak Bali,Meals,2747.09,2025-05-23
Yatin Uppal,Travel,3899.37,2025-05-01
Pushti Dalal,Hardware,2967.58,2025-10-06
Alexander Bhattacharyya,Internet,4057.09,2025-04-19
Idika Ganesan,Training,1043.04,2025-02-03
Varsha Nori,Taxi,1591.99,2025-10-31
Varsha Nori,Team Event,3963.30,2025-09-20
Ekaraj Buch,Travel,762.85,2025-08-01
Anmol Desai,Hardware,4690.36,2025-08-24
Ansh Chaudry,Office Supplies,3711.23,2025-05-06
Faras Dara,Software,4901.58,2025-09-05
Dev Bhagat,Training,3825.97,2025-04-23
Balvan Bahl,Training,2677.61,2024-12-03
Vedant Dash,Taxi,2942.24,2025-05-26
Ekaraj Buch,Office Supplies,2698.11,2025-07-25
Akshay Kohli,Accommodation,2114.22,2025-07-20
Harinakshi Dhaliwal,Team Event,4167.98,2025-05-14
Ansh Chaudry,Accommodation,4639.60,2025-11-15
Ranbir Panchal,Training,2717.96,2024-12-09
Logan Khurana,Taxi,1271.28,2025-08-08
Krishna Dara,Training,1188.31,2025-09-30
Ethan Sekhon,Team Event,2548.41,2025-08-26
Kevin Joshi,Travel,4916.46,2025-01-22
Sarthak Rajagopal,Travel,3155.43,2024-12-28
Rudra Sodhi,Office Supplies,4831.63,2025-07-29
Ekaja Kamdar,Training,3935.57,2025-10-19
Rajeshri Joshi,Hardware,1019.50,2025-11-05
Isaac Choudhry,Internet,4106.95,2025-11-02
Ansh Chaudry,Team Event,4885.88,2025-07-24
Varsha Nori,Office Supplies,2724.01,2025-06-23
Vivaan Kannan,Hardware,3203.84,2024-12-29
Kai Goel,Training,3191.39,2025-04-05
Daksha Mitter,Software,4318.82,2025-02-21
Idika Ganesan,Accommodation,4020.99,2025-01-12
Bishakha Rout,Travel,2444.72,2025-01-10
Aayush Sandal,Hardware,952.79,2024-11-29
Ladli Dalal,Taxi,1571.36,2025-06-22
Vedant Dash,Hardware,1472.69,2025-02-20
Jhalak Bali,Team Event,4194.63,2025-10-21
Idika Rastogi,Accommodation,1071.95,2025-08-31
Harinakshi Dhaliwal,Training,2853.11,2025-01-18
Dalaja Wagle,Hardware,3134.52,2025-06-08
Rajata Thakkar,Travel,3323.99,2025-02-03
Nandini Golla,Office Supplies,1021.80,2025-05-18
Aayush Sandal,Team Event,1884.62,2024-12-01
Max Gole,Team Event,808.02,2025-09-30
Ladli Dalal,Software,1313.29,2025-06-06
Zansi Banik,Meals,3127.82,2024-12-17
Tanish Oza,Internet,3829.21,2025-01-16
Ekaraj Buch,Team Event,2115.68,2025-11-02
Ekaja Kamdar,Training,4632.54,2025-03-12
Harinakshi Dhaliwal,Hardware,1580.31,2025-06-18
Madhavi Johal,Internet,808.38,2025-01-13
Rajata Thakkar,Hardware,2390.51,2025-02-27
Caleb Sood,Hardware,2212.39,2025-03-04
Jacob Thakkar,Hardware,3159.76,2025-05-31
Nirja Sekhon,Meals,4199.23,2025-09-15
Nitara Rama,Meals,4308.23,2025-04-07
Kevin Joshi,Team Event,4623.62,2025-01-05
Charan Devan,Taxi,2392.33,2025-03-29
Vihaan Sabharwal,Training,1705.50,2025-01-06
Idika Ganesan,Software,3927.76,2025-05-24
Tanish Oza,Internet,3605.33,2025-09-12
Abhimanyu Kala,Meals,2288.36,2025-11-02
Dev Bhagat,Accommodation,2496.26,2025-05-31
Isaac Choudhry,Team Event,4213.54,2025-06-06
Yatin Uppal,Team Event,3239.57,2025-10-26
Widisha Lanka,Travel,2111.91,2025-06-12
Wridesh Magar,Internet,856.30,2025-03-18
Nandini Golla,Internet,3938.52,2025-07-01
Benjamin Zachariah,Accommodation,4586.17,2025-06-03
Joshua Purohit,Software,535.22,2025-07-01
Divya Deshmukh,Office Supplies,3296.91,2025-03-11
Ethan Sekhon,Accommodation,4412.50,2025-07-15
Sarthak Rajagopal,Software,1627.87,2025-07-06
Faras Dara,Training,847.68,2025-07-09
Tanveer Tripathi,Hardware,2290.72,2025-07-01
Yashoda Manne,Accommodation,1321.11,2025-09-17
Dominic Verma,Internet,4679.01,2025-02-19
Onkar Arya,Team Event,4638.57,2025-06-07
Dalaja Wagle,Hardware,688.68,2025-05-14
Charan Devan,Team Event,2829.96,2025-09-22
Watika Kaur,Travel,3894.39,2025-07-12
Mugdha Mane,Hardware,970.13,2025-03-21
Yatin Uppal,Training,1862.12,2025-03-06
Idika Rastogi,Travel,1558.83,2025-08-06
Bishakha Rout,Travel,3121.68,2024-12-30
Watika Kaur,Software,3751.42,2025-02-06
Hemani Arora,Hardware,4889.18,2025-09-04
Shivansh Saran,Office Supplies,2904.51,2025-05-20
Azad Raghavan,Accommodation,1092.50,2025-10-08
Tanish Oza,Hardware,4359.34,2025-06-19
Harinakshi Dhaliwal,Team Event,4576.58,2025-02-05
Akshay Kohli,Meals,3748.55,2025-11-17
Aarna Bahri,Office Supplies,4838.09,2025-01-08
Watika Deo,Office Supplies,935.61,2025-09-25
Faras Dara,Accommodation,4053.86,2025-01-26
Samar Sharaf,Taxi,4104.44,2025-08-08
Bishakha Rout,Travel,4435.07,2025-01-19
Ethan Sekhon,Hardware,1778.57,2025-10-25
Samar Sharaf,Hardware,1866.86,2025-08-26
Devansh Gara,Software,1591.13,2025-04-18
Omisha Murty,Office Supplies,3494.80,2025-04-06
Tanish Oza,Team Event,3756.45,2025-01-05
Ekaja Kamdar,Meals,3595.93,2025-02-17
Diya Wali,Meals,2006.40,2025-04-22
Vihaan Sabharwal,Taxi,4913.27,2025-06-10
Faras Dara,Training,856.56,2025-09-18
Idika Ganesan,Training,2233.05,2025-11-14
Alexander Bhattacharyya,Accommodation,3649.99,2025-06-06
Logan Khurana,Training,4732.62,2025-04-11
Wyatt Handa,Office Supplies,3879.69,2025-08-30
Madhavi Johal,Hardware,1070.76,2025-08-27
Kai Goel,Team Event,4465.96,2025-04-24
Zansi Banik,Travel,977.95,2025-08-26
Sarthak Rajagopal,Training,4080.68,2025-07-05
Tanveer Tripathi,Hardware,4294.83,2025-01-14
Anika Bansal,Accommodation,2624.94,2025-05-09
Aayush Sandal,Travel,2592.56,2025-03-25
Jhalak Bali,Training,1715.77,2025-08-24
Idika Ganesan,Internet,648.67,2025-09-16
Chakradev Thakkar,Travel,2108.15,2025-06-27
Ranbir Panchal,Meals,4144.52,2025-04-17
Idika Ganesan,Accommodation,4972.59,2025-04-19
Mugdha Mane,Hardware,3620.69,2025-05-18
Zansi Banik,Team Event,1457.95,2025-02-09
Wridesh Magar,Internet,4698.50,2025-04-04
Ladli Keer,Travel,3533.46,2024-12-01
Azad Kurian,Accommodation,907.89,2025-08-10
Nidhi Dubey,Taxi,2527.40,2025-07-01
Ladli Keer,Taxi,3907.65,2025-06-26
Advik Dugar,Software,2432.96,2024-12-04
Wyatt Handa,Taxi,1807.17,2025-03-12
Tanish Oza,Internet,1535.63,2025-09-01
Balvan Bahl,Meals,3857.94,2025-11-08
Watika Deo,Office Supplies,3145.97,2025-06-20
Ladli Keer,Training,3597.19,2025-04-21
Pushti Dalal,Accommodation,2821.52,2025-01-04
Balvan Bahl,Meals,2922.01,2025-10-16
Yashoda Manne,Hardware,1836.65,2024-12-16
Krishna Dara,Travel,3399.26,2025-03-01
Ranbir Panchal,Office Supplies,4279.70,2025-07-04
Nandini Golla,Training,2744.98,2025-10-16
Ansh Chaudry,Internet,3989.68,2025-02-08
Yashoda Manne,Office Supplies,2190.50,2025-10-12
Widisha Lanka,Meals,3408.19,2025-08-12
Divya Deshmukh,Accommodation,697.07,2025-06-30
Radhika Baral,Taxi,1453.64,2025-11-07
Zaitra Aurora,Training,2139.74,2025-09-19
Yochana Bora,Taxi,1998.49,2025-01-30
Widisha Lanka,Team Event,563.98,2024-11-27
Ladli Keer,Software,2982.14,2025-03-18
Hemani Arora,Taxi,3598.75,2025-08-12
Vihaan Sabharwal,Travel,3710.26,2025-06-07
Hemani Arora,Hardware,4874.47,2025-07-13
Indali Bhandari,Hardware,2814.04,2025-10-12
Harinakshi Dhaliwal,Training,1918.08,2025-03-06
Omisha Murty,Team Event,2677.71,2025-10-13
Yatin Uppal,Office Supplies,989.85,2025-06-03
Rudra Sodhi,Software,1525.62,2025-09-25
Indrajit Kapoor,Travel,915.21,2025-09-19
Watika Kaur,Meals,2765.90,2025-02-08
Akshay Kohli,Training,4844.06,2025-10-17
Nitara Rama,Team Event,1809.65,2025-04-10
Ethan Sekhon,Accommodation,2273.32,2025-02-16
Advik Dugar,Hardware,2218.11,2025-10-12
Ladli Keer,Software,2617.71,2025-04-28
Widisha Lanka,Training,3757.31,2025-07-15
Faras Dara,Training,4492.80,2025-01-21
Rajeshri Joshi,Office Supplies,2529.95,2025-11-14
Shivansh Saran,Software,1162.10,2025-11-25
Harita Upadhyay,Meals,2354.26,2025-11-25
Dev Bhagat,Accommodation,4723.52,2025-01-13
Nandini Golla,Software,2435.76,2025-03-23
Dominic Verma,Office Supplies,1780.61,2025-09-25
Ladli Dalal,Internet,569.33,2024-12-23
Hemani Arora,Meals,1510.79,2025-07-18
Joshua Purohit,Travel,4440.74,2025-06-29
Ekaja Kamdar,Software,1652.38,2024-12-14
Madhavi Johal,Travel,4727.23,2024-12-06
Caleb Sood,Meals,2583.52,2025-09-09
Kai Goel,Software,932.02,2025-06-26
Yashoda Manne,Travel,3297.21,2025-08-15
Eesha Dasgupta,Team Event,2082.60,2025-09-05
Ladli Keer,Training,3940.41,2025-04-20
Sarthak Rajagopal,Travel,940.33,2025-04-25
Ansh Chaudry,Software,4523.60,2025-03-21
Idika Ganesan,Team Event,2278.40,2025-05-01
Zaitra Aurora,Training,1247.10,2024-12-29
Nicholas Mukhopadhyay,Office Supplies,2617.23,2025-02-22
Aayush Sandal,Office Supplies,4083.58,2025-07-21
Pushti Dalal,Internet,2366.76,2024-12-05
Azad Raghavan,Hardware,4538.50,2025-02-02
Jhalak Bali,Team Event,2799.87,2025-04-02
Nidhi Dubey,Training,4631.42,2025-11-11
Radhika Baral,Team Event,2240.71,2025-02-09
Isaac Choudhry,Software,4460.24,2025-11-12
Akshay Kohli,Team Event,3540.19,2025-11-16
Abhimanyu Kala,Hardware,1536.91,2024-12-08
Nicholas Mukhopadhyay,Travel,2452.66,2025-07-02
Azad Kurian,Training,908.86,2025-10-02
Vedika Mann,Software,1588.26,2025-06-27
Vedika Mann,Team Event,620.44,2025-03-23
Jacob Thakkar,Team Event,1945.48,2025-05-10
Ansh Chaudry,Team Event,4527.81,2025-07-05
Madhavi Johal,Team Event,1039.47,2025-01-22
Madhavi Johal,Team Event,3275.56,2025-04-07
Siddharth Dugal,Taxi,1512.47,2025-10-02
Aarna Bahri,Internet,3956.22,2025-04-29
Krishna Dara,Internet,2975.13,2025-08-02
Jhalak Bali,Software,4314.90,2025-01-29
Dominic Verma,Software,2482.91,2025-09-03
Vasatika Ahuja,Training,1894.79,2025-08-17
Diya Wali,Accommodation,4180.37,2025-09-13
Rajata Thakkar,Software,1760.86,2025-03-25
Dalaja Wagle,Meals,3416.30,2025-11-15
Saksham Talwar,Internet,3279.70,2025-07-13
Varsha Nori,Hardware,2935.69,2025-03-28
Wridesh Magar,Office Supplies,3061.22,2025-05-05
Peter Magar,Meals,4585.49,2025-08-19
Nirja Sekhon,Training,1450.07,2025-02-16
Robert Mammen,Hardware,895.58,2025-03-11
Benjamin Zachariah,Internet,3586.13,2025-03-04
Yashoda Manne,Meals,2033.84,2024-12-19
Rajata Thakkar,Hardware,1534.43,2025-09-02
Dayamai Bakshi,Team Event,2954.18,2025-09-22
Bishakha Rout,Internet,3699.59,2025-02-03
Ekaja Kamdar,Hardware,3234.92,2025-10-04
Siddharth Dugal,Taxi,4907.15,2024-12-10
Azad Kurian,Hardware,4251.89,2025-02-02
Vedika Mann,Office Supplies,1155.47,2025-04-20
Anmol Desai,Accommodation,2244.57,2025-09-16
Nidhi Dubey,Team Event,2694.01,2025-03-25
Yauvani Sengupta,Hardware,3100.15,2025-02-10
Varsha Nori,Training,4524.37,2025-10-08
Vedant Dash,Meals,2824.54,2024-12-12
Chakradev Thakkar,Training,3924.86,2025-07-29
Divya Deshmukh,Meals,2727.57,2025-03-30
Advik Dugar,Training,3063.05,2025-09-24
Logan Khurana,Training,2844.43,2025-06-24
Yashoda Manne,Internet,1394.76,2025-09-23
Krishna Dara,Team Event,639.54,2025-08-27
Tanveer Tripathi,Training,4739.95,2025-07-31
Saksham Talwar,Hardware,748.71,2025-02-22
Alexander Bhattacharyya,Hardware,2671.43,2025-08-20
Ranbir Panchal,Office Supplies,3311.98,2025-11-02
Isaac Choudhry,Internet,4568.30,2025-08-05
Indrajit Kapoor,Meals,2589.11,2025-03-08
Divya Deshmukh,Internet,2547.38,2025-05-04
Nirja Sekhon,Accommodation,2279.91,2025-07-31
Anika Bansal,Training,1729.50,2025-06-17
Nirja Sekhon,Meals,4350.18,2025-02-28
Dominic Verma,Travel,4126.47,2025-08-02
Eesha Dasgupta,Internet,637.32,2025-06-05
Watika Kaur,Software,3795.95,2025-05-31
Onkar Arya,Office Supplies,3817.82,2025-11-06
Chakradev Thakkar,Office Supplies,3724.24,2025-11-06
Ekaraj Buch,Hardware,1170.97,2025-09-09
Peter Magar,Training,4056.57,2025-05-13
Hemani Arora,Office Supplies,595.88,2025-07-17
Yashoda Manne,Hardware,1123.49,2025-04-30
Ranbir Panchal,Internet,3717.26,2025-08-12
Aayush Sandal,Taxi,3293.59,2025-06-24
Wyatt Handa,Taxi,3377.77,2025-09-03
Widisha Lanka,Taxi,1516.64,2025-04-16
Nidhi Dubey,Training,4982.08,2025-11-19
Vasatika Ahuja,Hardware,1394.94,2024-12-11
Indali Bhandari,Team Event,2797.60,2025-04-17
Harinakshi Dhaliwal,Hardware,3381.02,2025-11-15
Abdul Pillai,Travel,3265.82,2025-09-01
Vedant Dash,Meals,4268.33,2025-06-17
Abhimanyu Kala,Accommodation,3064.73,2025-09-05
Vivaan Kannan,Team Event,4255.30,2025-11-22
Saksham Talwar,Hardware,2786.83,2025-03-19
Hemani Arora,Meals,2642.44,2025-02-15
Hemani Arora,Internet,3467.90,2025-04-25
Diya Wali,Travel,4105.42,2025-10-07
Yashoda Manne,Team Event,1525.34,2025-07-03
Ronith Edwin,Hardware,4891.30,2025-04-13
Ekalinga Dasgupta,Taxi,3671.79,2025-02-21
Devansh Gara,Travel,4170.50,2024-12-19
Rudra Sodhi,Team Event,3013.77,2025-05-26
Nicholas Mukhopadhyay,Meals,4074.80,2025-06-24
Alexander Bhattacharyya,Team Event,3757.15,2025-01-05
Vivaan Kannan,Accommodation,4128.83,2025-08-28
Anmol Desai,Hardware,805.80,2025-11-12
Jhalak Bali,Travel,1240.78,2025-10-28
Peter Magar,Travel,614.17,2025-07-25
Dominic Verma,Hardware,3998.45,2025-06-12
Aarna Bahri,Internet,2216.40,2025-08-20
Rajata Thakkar,Internet,1528.98,2025-08-11
Jhalak Bali,Travel,2399.92,2025-07-13
Mugdha Mane,Training,1111.12,2025-02-14
Rajeshri Joshi,Office Supplies,2052.15,2025-06-03
Azad Raghavan,Software,1655.91,2025-07-06
Zansi Banik,Team Event,1688.34,2025-09-04
Ekaraj Buch,Office Supplies,733.59,2025-07-15
Vihaan Sabharwal,Internet,4574.66,2025-06-28
Nirja Sekhon,Meals,4851.01,2025-01-09
Anika Bansal,Travel,4594.27,2025-05-08
Rudra Sodhi,Team Event,4449.18,2025-03-28
Azad Kurian,Accommodation,3154.77,2025-02-07
Zaitra Aurora,Accommodation,3534.50,2024-12-21
Zansi Banik,Taxi,4619.95,2025-08-02
Hiral Munshi,Taxi,3473.73,2025-10-13
Vedant Dash,Team Event,1096.03,2025-09-29
Zansi Banik,Training,1823.58,2025-06-09
Eesha Dasgupta,Software,1931.54,2025-10-17
Ladli Dalal,Taxi,4586.26,2025-11-14
Eesha Dasgupta,Software,4709.42,2025-08-02
Varsha Nori,Internet,4166.58,2025-04-22
Charan Devan,Software,3163.06,2025-07-21
Jacob Thakkar,Team Event,3045.65,2025-03-15
Shivansh Saran,Training,4603.33,2025-09-11
Ekaja Kamdar,Travel,723.10,2025-08-16
Charan Devan,Taxi,1772.20,2025-05-01
Ronith Edwin,Team Event,3390.25,2025-02-19
Omisha Murty,Meals,3195.37,2025-05-22
Radhika Baral,Taxi,3105.30,2025-03-08
Vivaan Kannan,Travel,2585.67,2025-07-03
Dominic Verma,Taxi,1752.34,2025-11-03
Robert Mammen,Meals,4892.09,2025-02-18
Divya Deshmukh,Training,4272.67,2025-09-17
Omisha Murty,Training,3441.11,2025-04-22
Varsha Nori,Meals,1106.58,2025-08-23
Ansh Chaudry,Accommodation,4323.08,2025-03-01
Anmol Desai,Accommodation,4252.88,2025-05-22
Anika Bansal,Hardware,764.42,2024-12-20
Dayamai Bakshi,Accommodation,3375.17,2025-02-14
Shivansh Saran,Training,4389.93,2025-01-28
Ranbir Panchal,Travel,4120.30,2025-03-31
Vedika Mann,Team Event,1588.74,2025-03-26
Ekalinga Dasgupta,Taxi,2643.93,2025-01-10
Aayush Sandal,Training,4860.95,2025-03-28
Balvan Bahl,Software,2272.09,2024-12-26
Alexander Bhattacharyya,Travel,3744.42,2025-04-19
Nicholas Mukhopadhyay,Training,1382.44,2025-04-05
Tanveer Tripathi,Office Supplies,4911.60,2024-12-30
Watika Deo,Taxi,1578.41,2025-03-20
Watika Kaur,Hardware,3262.86,2025-02-21
Dayamai Bakshi,Travel,542.14,2025-01-29
Nitara Rama,Hardware,3935.44,2024-11-26
Yauvani Sengupta,Training,1919.83,2025-04-15
Indrajit Kapoor,Hardware,1490.85,2025-01-27
Harinakshi Dhaliwal,Office Supplies,2952.33,2025-05-17
Rajeshri Joshi,Team Event,4545.18,2025-07-02
Sarthak Rajagopal,Taxi,2657.04,2025-07-22
Ekaja Kamdar,Travel,1124.59,2025-07-28
Robert Mammen,Software,1033.37,2025-11-07
Ranbir Panchal,Travel,2741.02,2025-07-26
Watika Kaur,Training,759.70,2025-04-15
Chakradev Thakkar,Accommodation,3937.76,2025-01-26
Ladli Dalal,Team Event,2358.06,2025-08-10
Yatin Uppal,Office Supplies,2643.10,2025-02-17
Saksham Talwar,Accommodation,2665.53,2025-04-17
Eesha Dasgupta,Software,4146.20,2025-11-04
Dev Bhagat,Hardware,4469.39,2025-01-29
Anika Bansal,Software,894.31,2025-02-14
Ekaraj Buch,Training,2189.14,2025-06-25
Wyatt Handa,Software,898.77,2025-06-04
Vivaan Kannan,Meals,3008.75,2025-02-18
Joshua Purohit,Hardware,1985.96,2024-12-16
Ekaraj Buch,Training,1749.10,2025-02-23
Devansh Gara,Taxi,941.27,2025-05-02
Shivansh Saran,Accommodation,3386.54,2025-05-21
Azad Kurian,Team Event,888.60,2024-12-30
Hiral Munshi,Meals,2548.75,2025-04-06
Tanish Oza,Taxi,1722.98,2024-12-23
Kiaan Lala,Accommodation,1643.38,2025-02-16
Indali Bhandari,Office Supplies,1722.84,2025-10-25
Robert Mammen,Taxi,3895.53,2024-11-28
Max Gole,Office Supplies,978.41,2025-10-13
Sarthak Rajagopal,Training,4995.84,2025-10-01
Peter Magar,Training,3167.10,2025-04-30
Kai Goel,Office Supplies,1322.31,2025-09-26
Yauvani Sengupta,Internet,1449.09,2025-02-15
Eesha Dasgupta,Travel,1678.52,2024-12-04
Anika Bansal,Team Event,4320.11,2024-11-28
Chakradev Thakkar,Team Event,3745.50,2025-08-21
Ekaraj Buch,Training,4519.25,2025-10-06
Zaitra Aurora,Travel,1675.75,2025-02-02
Vivaan Kannan,Accommodation,4469.39,2025-05-01
Dev Bhagat,Office Supplies,4583.95,2025-05-31
Dayamai Bakshi,Team Event,2837.72,2025-10-20
Peter Magar,Software,2857.29,2025-10-21
Nitara Rama,Accommodation,641.50,2025-09-04
Indrajit Kapoor,Training,2173.70,2025-06-23
Daksha Mitter,Travel,1941.40,2025-10-31
Nandini Golla,Meals,533.66,2025-09-05
Anmol Desai,Internet,3076.38,2025-02-03
Faras Dara,Software,3717.39,2024-11-28
Samar Sharaf,Hardware,3400.60,2025-04-17
Azad Kurian,Office Supplies,1287.79,2025-02-06
Joshua Purohit,Taxi,1831.42,2025-10-23
Nicholas Mukhopadhyay,Meals,2138.19,2025-09-16
Bishakha Rout,Hardware,872.87,2025-02-05
Yatin Uppal,Meals,2600.34,2025-01-12
Joshua Purohit,Office Supplies,1049.56,2025-02-16
Omisha Murty,Hardware,2096.11,2025-08-16
Mugdha Mane,Team Event,4854.99,2025-03-12
Nidhi Dubey,Meals,2537.89,2025-04-28
Kiaan Lala,Taxi,958.19,2025-02-01
Omisha Murty,Accommodation,1351.13,2025-02-20
Hemani Arora,Software,3961.05,2025-05-23
Eesha Dasgupta,Taxi,4125.31,2025-01-13
Daksha Mitter,Accommodation,1634.57,2025-10-19
Vedant Dash,Hardware,615.53,2025-10-06
Nathaniel Kala,Meals,1206.78,2025-06-01
Tanveer Tripathi,Internet,3610.75,2025-08-21
Yadavi Chander,Taxi,4509.90,2025-06-05
Benjamin Zachariah,Office Supplies,4545.65,2025-11-23
Logan Khurana,Hardware,3775.25,2025-07-05
Madhavi Johal,Accommodation,1724.82,2025-03-02
Ekaja Kamdar,Travel,2728.32,2025-02-27
Faras Dara,Hardware,2463.16,2025-08-31
Ekaja Kamdar,Team Event,4250.37,2025-09-15
Ekalinga Dasgupta,Taxi,4627.40,2025-10-18
Ethan Sekhon,Office Supplies,1915.14,2024-12-07
Siddharth Dugal,Meals,2038.05,2024-12-16
Nitara Rama,Internet,2854.35,2025-03-12
Ekaja Kamdar,Meals,3733.95,2025-05-13
Max Gole,Training,3675.32,2024-12-14
Caleb Sood,Team Event,1768.29,2025-08-26
Diya Wali,Meals,1901.20,2025-11-24
Diya Wali,Taxi,1525.99,2024-12-01
Vasatika Ahuja,Travel,538.99,2025-09-13
Advik Dugar,Internet,4825.03,2025-07-19
Rajata Thakkar,Hardware,2185.27,2025-04-29
Yauvani Sengupta,Hardware,2298.07,2025-07-30
Akshay Kohli,Team Event,4170.37,2025-08-15
Rajata Thakkar,Meals,1729.01,2025-06-27
Manya Soman,Software,3813.27,2025-01-18
Ronith Edwin,Internet,1416.77,2025-05-22
Nitara Rama,Office Supplies,4245.28,2025-02-26
Radhika Baral,Hardware,2023.79,2025-07-05
Pushti Dalal,Taxi,1420.74,2025-09-06
Diya Wali,Internet,1293.80,2025-05-01
Faras Dara,Hardware,4541.81,2025-06-17
Joshua Purohit,Internet,3019.56,2025-02-28
Mugdha Mane,Meals,4559.25,2025-10-05
Zansi Banik,Hardware,4344.81,2025-04-02
Harita Upadhyay,Hardware,2949.33,2025-10-18
Jacob Thakkar,Hardware,2843.30,2025-11-01
Logan Khurana,Internet,1815.96,2025-08-21
Advik Dugar,Team Event,3272.47,2025-02-12
Yatin Uppal,Office Supplies,1616.52,2025-09-05
Anika Bansal,Meals,3594.41,2025-01-04
Pushti Dalal,Taxi,2254.80,2025-03-19
Azad Kurian,Travel,2849.51,2025-05-13
Jacob Thakkar,Software,4424.30,2025-01-11
Akshay Kohli,Team Event,2871.96,2025-01-28
Akshay Kohli,Software,2558.57,2025-01-19
Dakshesh Sandhu,Internet,2254.50,2025-05-03
Kiaan Lala,Hardware,1219.28,2025-02-21
Watika Kaur,Team Event,3107.82,2024-12-08
Ladli Keer,Accommodation,4522.29,2025-09-12
Faras Dara,Internet,2289.22,2025-08-03
Benjamin Zachariah,Taxi,1001.13,2025-10-04
Abdul Pillai,Training,704.26,2025-06-16
Diya Wali,Travel,938.31,2025-03-15
Yadavi Chander,Training,1231.36,2025-01-26
Ekalinga Dasgupta,Software,4625.02,2025-05-05
Rehaan Buch,Taxi,2960.71,2025-09-01
Ekalinga Dasgupta,Team Event,2022.33,2025-07-09
Max Gole,Software,3836.06,2025-11-02
Varsha Nori,Taxi,4888.75,2025-09-10
Madhavi Johal,Travel,4071.34,2025-08-11
Kevin Joshi,Team Event,1942.07,2025-10-14
Vedika Mann,Taxi,2980.70,2025-04-23
Ranbir Panchal,Internet,2403.19,2025-08-08
Madhavi Johal,Hardware,2026.45,2025-04-02
Manya Soman,Office Supplies,658.28,2025-10-24
Nitara Rama,Meals,818.83,2025-10-20
Daksha Mitter,Office Supplies,1003.95,2025-05-31
Ladli Keer,Internet,1057.04,2025-04-07
Benjamin Zachariah,Training,1608.99,2025-03-12
Widisha Lanka,Office Supplies,2152.70,2025-03-01
Azad Kurian,Office Supplies,3759.96,2025-02-05
Abdul Pillai,Software,3631.62,2025-05-30
Rehaan Buch,Internet,1952.85,2024-12-23
Advik Dugar,Taxi,1453.52,2025-01-30
Ladli Keer,Meals,4712.91,2025-04-29
Devansh Gara,Software,4396.59,2025-07-23
Shivansh Saran,Software,2947.61,2025-06-28
Chakradev Thakkar,Team Event,1362.14,2025-04-21
Rajata Thakkar,Travel,2764.87,2025-01-14
Ekaraj Buch,Team Event,2218.64,2025-10-23
Benjamin Zachariah,Accommodation,3145.96,2025-04-07
Divya Deshmukh,Office Supplies,1384.41,2025-02-12
Shivansh Saran,Internet,1788.56,2025-09-22
Anmol Desai,Taxi,790.01,2025-03-10
Vedika Mann,Software,4134.17,2025-07-02
Rajeshri Joshi,Taxi,3378.27,2025-08-08
Charan Devan,Travel,2801.00,2025-07-12
Ekalinga Dasgupta,Taxi,768.65,2025-08-03
Nicholas Mukhopadhyay,Team Event,1614.87,2025-04-27
Yadavi Chander,Office Supplies,3965.71,2025-10-11
Harita Upadhyay,Taxi,4515.88,2025-09-26
Watika Deo,Team Event,4764.15,2025-07-03
Bishakha Rout,Team Event,1762.71,2025-04-10
Jhalak Bali,Meals,3575.43,2025-09-09
Kiaan Lala,Meals,732.61,2025-09-11
Jacob Thakkar,Accommodation,4825.25,2025-04-23
Idika Ganesan,Internet,534.87,2025-09-13
Logan Khurana,Team Event,1937.84,2025-01-29
Abhimanyu Kala,Accommodation,3082.03,2025-04-17
Watika Deo,Training,798.30,2025-01-09
Indrajit Kapoor,Office Supplies,1541.20,2025-05-02
Dakshesh Sandhu,Internet,1208.92,2025-07-20
Faras Dara,Hardware,3756.16,2025-05-12
Sarthak Rajagopal,Meals,3446.50,2025-09-16
Divya Deshmukh,Hardware,4637.22,2025-09-29
Vihaan Sabharwal,Software,1719.78,2025-09-07
Nirja Sekhon,Training,723.28,2024-11-26
Harinakshi Dhaliwal,Taxi,3102.21,2025-02-11
Dayamai Bakshi,Meals,2804.99,2024-12-08
Saksham Talwar,Internet,1360.46,2025-01-05
Zansi Banik,Taxi,3273.62,2025-02-04
Dakshesh Sandhu,Taxi,1857.54,2025-06-13
Nidhi Dubey,Office Supplies,3832.80,2024-12-05
Dominic Verma,Training,948.14,2025-01-01
Robert Mammen,Internet,1153.25,2025-09-12
Tanish Oza,Software,936.46,2025-01-23
Yauvani Sengupta,Office Supplies,2590.54,2025-10-30
Saksham Talwar,Internet,3047.95,2024-12-26
Dalaja Wagle,Internet,4160.65,2025-10-29
Rehaan Buch,Office Supplies,2445.60,2024-12-30
Peter Magar,Office Supplies,3234.68,2025-07-30
Yadavi Chander,Internet,3228.33,2025-06-03
Max Gole,Taxi,4563.24,2025-05-03
Yochana Bora,Hardware,1804.11,2025-03-08
Pushti Dalal,Software,1000.06,2025-01-29
Ranbir Panchal,Training,3822.30,2025-11-23
Indrajit Kapoor,Travel,2684.33,2025-04-30
Abhimanyu Kala,Team Event,4157.51,2025-10-25
Vedant Dash,Training,1891.32,2025-04-06
Jhalak Bali,Internet,3959.24,2025-06-19
Hemani Arora,Accommodation,4658.26,2025-03-28
Benjamin Zachariah,Internet,1796.65,2025-03-01
Shivansh Saran,Software,4960.31,2025-06-30
Akshay Kohli,Internet,1316.53,2025-01-27
Jacob Thakkar,Accommodation,3557.55,2025-04-01
Yashoda Manne,Software,2294.00,2025-06-18
Charan Devan,Software,2290.01,2025-01-18
Jacob Thakkar,Office Supplies,2600.33,2025-02-14
Devansh Gara,Team Event,1835.78,2025-10-07
Ekaja Kamdar,Training,3298.35,2025-02-08
Tanveer Tripathi,Meals,3699.74,2025-07-13
Watika Deo,Team Event,517.40,2025-09-07
Aarna Bahri,Taxi,3543.30,2025-11-21
Diya Wali,Travel,1321.18,2025-06-05
Samar Sharaf,Office Supplies,1077.40,2025-08-31
Aayush Sandal,Meals,3249.07,2025-06-30
Nicholas Mukhopadhyay,Meals,503.77,2025-11-05
Akshay Kohli,Accommodation,3019.85,2025-02-11
Manya Soman,Internet,4653.71,2025-04-20
Radhika Baral,Meals,4633.48,2025-10-28
Vihaan Sabharwal,Hardware,4549.60,2025-11-23
Aayush Sandal,Accommodation,4146.94,2025-02-01
Jhalak Bali,Team Event,3805.25,2025-06-27
Shivansh Saran,Training,903.44,2025-11-04
Rajeshri Joshi,Accommodation,3964.51,2024-12-28
Vihaan Sabharwal,Training,4551.68,2025-10-12
Vasatika Ahuja,Office Supplies,3009.08,2025-10-01
Aarna Bahri,Travel,1420.56,2025-03-13
Yochana Bora,Training,4219.84,2025-04-08
Hemani Arora,Accommodation,1305.42,2025-11-01
Nicholas Mukhopadhyay,Meals,2082.63,2025-07-13
Anmol Desai,Training,3348.81,2025-04-26
Madhavi Johal,Software,2660.12,2025-07-20
Madhavi Johal,Meals,1473.93,2025-09-19
Krishna Dara,Meals,3580.16,2024-11-27
Idika Ganesan,Hardware,2139.81,2025-10-31
Siddharth Dugal,Office Supplies,1962.98,2025-07-23
Dalaja Wagle,Accommodation,2167.46,2025-01-31
Siddharth Dugal,Internet,4662.36,2025-09-20
Ethan Sekhon,Internet,1241.88,2025-10-26
Aarna Bahri,Internet,4700.08,2025-04-20
Pushti Dalal,Training,1330.36,2025-05-04
Akshay Kohli,Hardware,1952.38,2025-06-19
Ekalinga Dasgupta,Team Event,4870.27,2025-04-25
Ronith Edwin,Taxi,3727.81,2025-05-31
Balvan Bahl,Meals,4073.54,2025-03-10
Joshua Purohit,Training,3507.02,2025-05-28
Bishakha Rout,Accommodation,3896.70,2025-05-11
Dominic Verma,Office Supplies,929.05,2025-06-24
Widisha Lanka,Meals,3108.02,2025-05-27
Azad Kurian,Accommodation,700.02,2025-03-29
Caleb Sood,Team Event,3041.41,2025-03-23
Ethan Sekhon,Software,1457.74,2024-11-25
Varsha Nori,Office Supplies,4754.34,2025-10-17
Peter Magar,Team Event,2106.02,2025-03-17
Rudra Sodhi,Meals,4835.65,2025-09-02
Yadavi Chander,Software,4433.67,2025-02-14
Wridesh Magar,Team Event,2448.37,2025-10-07
Vivaan Kannan,Office Supplies,3148.50,2025-11-01
Vihaan Sabharwal,Software,3473.36,2025-01-12
Harita Upadhyay,Training,818.07,2025-11-16
Anika Bansal,Accommodation,3486.18,2025-11-15
Dakshesh Sandhu,Accommodation,4603.32,2025-08-17
Zaitra Aurora,Office Supplies,4677.68,2025-01-20
Wridesh Magar,Software,4062.35,2025-03-26
Omisha Murty,Accommodation,2181.43,2024-12-11
Anmol Desai,Meals,2841.03,2025-07-23
Ekalinga Dasgupta,Meals,1127.74,2025-04-23
Akshay Kohli,Taxi,1535.68,2025-03-21
Nirja Sekhon,Internet,4349.90,2025-08-22
Saksham Talwar,Internet,3402.07,2025-01-12
Dayamai Bakshi,Training,1327.18,2025-04-17
Divya Deshmukh,Hardware,619.09,2025-09-15
Indrajit Kapoor,Office Supplies,3785.67,2025-02-02
Sarthak Rajagopal,Internet,4857.36,2025-01-13
Tanish Oza,Hardware,2841.49,2025-06-14
Rajeshri Joshi,Software,4971.56,2025-11-18
Nidhi Dubey,Taxi,3690.50,2025-03-06
Watika Deo,Training,586.84,2025-10-15
Ansh Chaudry,Meals,4680.77,2024-11-29
Ladli Keer,Accommodation,3574.11,2025-08-27
Nirja Sekhon,Hardware,3579.97,2025-08-29
Ladli Keer,Travel,4599.82,2025-10-04
Indali Bhandari,Taxi,4605.70,2025-05-03
Watika Kaur,Meals,1619.26,2025-02-25
Indrajit Kapoor,Taxi,4223.36,2025-04-03
Charan Devan,Team Event,1765.11,2025-10-25
Siddharth Dugal,Team Event,2312.45,2025-10-14
Eesha Dasgupta,Software,549.54,2025-08-11
Dominic Verma,Training,3662.13,2025-06-10
Azad Kurian,Hardware,4271.46,2025-02-24
Rajeshri Joshi,Hardware,2197.08,2025-01-31
Pushti Dalal,Travel,1736.71,2025-10-07
Jhalak Bali,Training,1833.92,2025-11-14
Tanveer Tripathi,Travel,3934.36,2025-04-10
Nirja Sekhon,Meals,3823.18,2025-09-18
Rajata Thakkar,Accommodation,2301.24,2025-08-24
Faras Dara,Office Supplies,3915.69,2025-04-06
Omisha Murty,Office Supplies,1296.05,2025-07-09
Madhavi Johal,Travel,4013.97,2025-07-31
Omisha Murty,Training,657.50,2025-08-31
Wridesh Magar,Travel,686.13,2025-05-24
Yatin Uppal,Hardware,4687.52,2025-05-21
Ranbir Panchal,Training,2222.67,2025-04-23
Ekaraj Buch,Software,2198.86,2025-02-15
Manya Soman,Meals,1588.45,2025-07-01
Daksha Mitter,Travel,3704.13,2025-05-20
Bishakha Rout,Office Supplies,1953.30,2025-08-28
Ekaja Kamdar,Hardware,3501.43,2025-10-28
Idika Ganesan,Accommodation,4590.38,2025-10-12
Ekalinga Dasgupta,Training,3263.14,2025-03-02
Azad Kurian,Travel,2937.54,2025-05-03
Nidhi Dubey,Internet,3961.46,2025-09-18
Nitara Rama,Accommodation,2178.61,2025-05-27
Vihaan Sabharwal,Meals,788.80,2025-01-11
Max Gole,Team Event,2662.27,2025-03-02
Yochana Bora,Taxi,2755.50,2025-07-03
Siddharth Dugal,Accommodation,2927.17,2025-01-26
Vedant Dash,Software,3294.54,2025-04-20
Aarna Bahri,Team Event,4402.22,2024-12-24
Nidhi Dubey,Software,3164.72,2025-07-23
Rehaan Buch,Team Event,4290.72,2025-08-07
Vedant Dash,Software,2619.54,2025-10-15
Rehaan Buch,Internet,4775.43,2025-07-09
Wridesh Magar,Training,4810.55,2025-01-28
Ansh Chaudry,Meals,3859.06,2025-10-25
Madhavi Johal,Software,3401.56,2025-02-01
Dakshesh Sandhu,Internet,3972.26,2025-11-24
Balvan Bahl,Internet,877.04,2024-12-18
Dayamai Bakshi,Internet,4436.44,2025-03-24
Hemani Arora,Taxi,4426.13,2025-06-15
Akshay Kohli,Training,4470.53,2025-07-06
Tanish Oza,Office Supplies,1327.35,2025-08-05
Madhavi Johal,Internet,1914.36,2025-04-30
Nirja Sekhon,Hardware,1060.18,2025-09-22
Dayamai Bakshi,Taxi,4652.72,2025-03-04
Nirja Sekhon,Taxi,2220.06,2025-09-18
Daksha Mitter,Meals,2049.89,2025-11-12
Vedika Mann,Software,753.54,2025-09-10
Akshay Kohli,Meals,1468.40,2025-09-23
Idika Rastogi,Software,3484.59,2025-08-04
Saksham Talwar,Office Supplies,2138.13,2025-03-08
Rehaan Buch,Internet,3640.32,2025-07-29
Daksha Mitter,Internet,1643.95,2025-05-13
Ladli Keer,Internet,1732.86,2025-03-11
Madhavi Johal,Team Event,2812.98,2025-07-05
Benjamin Saini,Accommodation,2182.20,2024-12-24
Dakshesh Sandhu,Accommodation,778.83,2025-01-22
Saksham Talwar,Accommodation,723.87,2025-08-31
Manya Soman,Internet,2385.12,2025-03-03
Ladli Dalal,Office Supplies,2257.78,2025-10-29
Ansh Chaudry,Team Event,1437.39,2025-09-22
Robert Mammen,Training,1057.43,2025-08-22
Indali Bhandari,Team Event,4369.47,2025-10-16
Max Gole,Office Supplies,2265.60,2025-07-06
Bishakha Rout,Internet,4760.75,2025-09-16
Tanveer Tripathi,Hardware,2799.79,2025-04-03
Devansh Gara,Accommodation,1908.52,2025-07-27
Tanish Oza,Hardware,2014.29,2025-01-16
Aarna Bahri,Accommodation,2897.86,2025-10-14
Chakradev Thakkar,Taxi,1249.13,2025-04-25
Ladli Dalal,Office Supplies,1048.01,2025-07-07
Ladli Keer,Training,3364.88,2025-03-29
Faras Dara,Internet,4385.58,2025-09-22
Divya Deshmukh,Training,854.42,2025-05-02
Jhalak Bali,Meals,4885.23,2025-07-03
Rajeshri Joshi,Accommodation,855.87,2025-01-31
Faras Dara,Training,2214.24,2024-12-02
Kiaan Lala,Team Event,1278.88,2025-07-12
Krishna Dara,Hardware,2517.40,2024-12-09
Radhika Baral,Accommodation,3594.23,2025-10-15
Robert Mammen,Office Supplies,908.35,2024-12-18
Nathaniel Kala,Meals,3087.93,2025-01-03
Idika Rastogi,Travel,2247.01,2024-12-29
Nathaniel Kala,Software,4086.62,2025-06-25
Radhika Baral,Taxi,2084.15,2025-05-30
Vivaan Kannan,Software,3460.76,2025-01-06
Caleb Sood,Internet,4800.27,2024-11-27
Pushti Dalal,Software,1780.61,2025-08-27
Dayamai Bakshi,Training,2455.68,2025-06-24
Anmol Desai,Travel,839.00,2025-08-17
Chakradev Thakkar,Meals,3982.93,2025-11-13
Rajeshri Joshi,Taxi,2289.37,2025-07-01
Widisha Lanka,Taxi,1147.72,2025-07-28
Watika Deo,Office Supplies,2657.77,2025-05-09
Peter Magar,Meals,2416.55,2025-01-24
Divya Deshmukh,Travel,3082.09,2024-12-11
Peter Magar,Travel,3701.90,2025-01-17
Hemani Arora,Software,2854.84,2024-12-26
Manya Soman,Travel,879.33,2025-08-21
Dev Bhagat,Hardware,4555.11,2024-12-28
Aayush Sandal,Accommodation,4458.05,2025-08-03
Ekaja Kamdar,Internet,4277.93,2025-01-11
Shivansh Saran,Internet,3721.05,2025-03-30
Dev Bhagat,Training,1096.50,2025-08-15
Dev Bhagat,Software,2008.91,2025-03-22
Dayamai Bakshi,Accommodation,892.42,2025-08-30
Anmol Desai,Travel,646.22,2025-05-12
Ladli Dalal,Meals,3447.50,2025-09-15
Abdul Pillai,Travel,1619.83,2025-06-26
Nidhi Dubey,Taxi,4979.26,2025-05-30
Vihaan Sabharwal,Travel,2220.28,2025-10-30
Harita Upadhyay,Taxi,4367.46,2025-10-29
Onkar Arya,Office Supplies,3327.84,2025-09-05
Manya Soman,Travel,817.24,2025-08-01
Dalaja Wagle,Team Event,1376.57,2025-03-25
Peter Magar,Training,4759.41,2025-01-21
Abdul Pillai,Team Event,1475.84,2025-08-21
Joshua Purohit,Office Supplies,4678.92,2024-11-30
Harinakshi Dhaliwal,Office Supplies,1204.61,2025-03-08
Charan Devan,Taxi,2044.83,2025-05-05
Isaac Choudhry,Travel,1180.19,2024-12-30
Indrajit Kapoor,Team Event,782.34,2025-07-30
Dev Bhagat,Meals,2315.23,2025-05-30
Ansh Chaudry,Training,1783.75,2025-10-23
Dominic Verma,Travel,3757.50,2025-07-13
Watika Deo,Team Event,4224.16,2025-05-04
Harita Upadhyay,Accommodation,1295.70,2025-06-10
Divya Deshmukh,Accommodation,2817.17,2024-12-11
Devansh Gara,Meals,2867.30,2025-08-18
Wyatt Handa,Team Event,3442.50,2024-11-29
Zaitra Aurora,Travel,998.91,2025-07-19
Joshua Purohit,Travel,1836.87,2025-01-20
Siddharth Dugal,Hardware,4143.29,2025-06-05
Hemani Arora,Team Event,2624.84,2025-10-14
Balvan Bahl,Meals,3057.13,2025-11-07
Logan Khurana,Training,3465.18,2025-07-07
Kai Goel,Travel,1238.56,2025-04-19
Alexander Bhattacharyya,Hardware,4736.86,2025-01-28
Diya Wali,Travel,4943.34,2025-04-01
Siddharth Dugal,Training,3552.50,2024-12-02
Nidhi Dubey,Internet,1774.52,2024-11-26
Wridesh Magar,Training,3721.79,2025-04-24
Rudra Sodhi,Taxi,843.28,2025-09-16
Dominic Verma,Meals,1634.30,2025-03-05
Dominic Verma,Internet,2054.15,2025-02-08
Robert Mammen,Office Supplies,2441.62,2025-06-30
Vihaan Sabharwal,Hardware,1642.47,2024-12-16
Sarthak Rajagopal,Travel,3807.04,2025-11-17
Dev Bhagat,Training,948.38,2025-11-23
Jacob Thakkar,Hardware,987.07,2025-04-30
Ethan Sekhon,Software,3594.24,2025-08-08
Nandini Golla,Team Event,524.71,2025-11-10
Anmol Desai,Office Supplies,2256.47,2025-02-15
Yatin Uppal,Meals,851.42,2025-03-01
Siddharth Dugal,Hardware,1773.75,2025-07-18
Kevin Joshi,Software,3914.06,2025-04-09
Eesha Dasgupta,Meals,4788.03,2025-06-30
Yashoda Manne,Team Event,869.34,2025-09-15
Jhalak Bali,Internet,2976.38,2025-01-23
Samar Sharaf,Team Event,3015.74,2025-04-05
Rudra Sodhi,Office Supplies,1124.53,2025-10-07
Radhika Baral,Internet,3156.31,2025-05-30
Harinakshi Dhaliwal,Team Event,4738.55,2025-03-01
Faras Dara,Team Event,2969.02,2025-03-04
Alexander Bhattacharyya,Hardware,2466.77,2025-08-08
Peter Magar,Internet,4109.43,2025-10-11
Tanish Oza,Software,2166.28,2025-11-09
Manya Soman,Software,3965.23,2025-02-18
Abdul Pillai,Hardware,1543.85,2025-02-05
Jacob Thakkar,Office Supplies,2700.91,2025-07-22
Siddharth Dugal,Internet,3900.47,2025-04-20
Dalaja Wagle,Accommodation,2155.31,2025-03-24
Yochana Bora,Internet,2779.54,2025-10-31
Saksham Talwar,Travel,2312.66,2025-04-05
Azad Raghavan,Travel,4740.58,2025-10-29
Faras Dara,Hardware,2350.27,2025-04-27
Abdul Pillai,Hardware,1257.50,2025-11-19
Nathaniel Kala,Office Supplies,566.34,2025-07-18
Kiaan Lala,Accommodation,1157.50,2025-03-01
Wyatt Handa,Training,2331.42,2025-02-04
Joshua Purohit,Accommodation,731.22,2025-03-20
Krishna Dara,Training,769.78,2025-08-09
Nirja Sekhon,Taxi,3854.29,2025-03-23
Max Gole,Accommodation,4410.77,2025-09-02
Chakradev Thakkar,Team Event,3948.21,2025-04-28
Omisha Murty,Internet,661.83,2024-11-29
Radhika Baral,Accommodation,1070.24,2025-02-27
Siddharth Dugal,Taxi,2384.86,2025-05-13
Tanish Oza,Hardware,985.37,2025-06-09
Vivaan Kannan,Taxi,2221.66,2024-11-28
Nicholas Mukhopadhyay,Internet,720.91,2025-05-24
Ranbir Panchal,Team Event,1287.30,2025-06-10
Akshay Kohli,Office Supplies,4929.09,2025-09-14
Diya Wali,Accommodation,3655.75,2024-12-15
Rajata Thakkar,Internet,4241.46,2025-06-22
Vivaan Kannan,Training,4847.14,2025-08-09
Hemani Arora,Meals,823.50,2025-08-12
Jacob Thakkar,Hardware,1638.76,2025-08-18
Hemani Arora,Travel,1324.72,2025-05-16
Ronith Edwin,Travel,3532.40,2024-12-05
Chakradev Thakkar,Team Event,2071.66,2025-05-24
Pushti Dalal,Software,3085.75,2025-09-10
Rehaan Buch,Accommodation,4415.86,2025-03-08
Yashoda Manne,Software,1473.68,2025-08-08
Samar Sharaf,Team Event,1236.28,2025-11-18
Tanveer Tripathi,Office Supplies,3454.38,2025-01-30
Caleb Sood,Team Event,4508.62,2025-04-13
Nathaniel Kala,Team Event,1300.58,2025-06-30
Radhika Baral,Travel,3535.94,2025-01-26
Hiral Munshi,Internet,4369.50,2025-07-19
Watika Deo,Internet,2883.58,2025-07-04
Kiaan Lala,Accommodation,1624.77,2025-10-11
Vivaan Kannan,Hardware,3018.32,2025-11-02
Nathaniel Kala,Travel,2252.52,2025-07-23
Isaac Choudhry,Office Supplies,3618.85,2025-07-29
Varsha Nori,Team Event,3960.11,2024-12-12
Idika Ganesan,Software,2678.92,2025-08-15
Hemani Arora,Office Supplies,2070.87,2025-01-24
Aarna Bahri,Hardware,4642.37,2025-10-19
Max Gole,Internet,4287.22,2025-07-14
Balvan Bahl,Meals,2523.72,2025-01-29
Manya Soman,Meals,3750.06,2025-08-28
Omisha Murty,Internet,1055.76,2025-01-13
Ronith Edwin,Accommodation,2952.15,2025-11-24
Manya Soman,Meals,4931.57,2025-11-15
Bishakha Rout,Meals,1558.02,2025-11-06
Yatin Uppal,Accommodation,2976.98,2025-02-09
Nidhi Dubey,Travel,4559.28,2025-11-13
Krishna Dara,Training,3773.32,2025-09-04
Isaac Choudhry,Team Event,3957.26,2025-01-10
Siddharth Dugal,Internet,538.98,2025-10-18
Vivaan Kannan,Accommodation,2645.75,2024-12-01
Siddharth Dugal,Software,1956.94,2025-08-07
Samar Sharaf,Meals,4092.70,2025-06-11
Idika Ganesan,Meals,1106.58,2025-11-16
Chakradev Thakkar,Software,2027.44,2025-10-27
Yauvani Sengupta,Travel,4805.43,2025-06-25
Onkar Arya,Meals,684.68,2025-10-04
Azad Raghavan,Taxi,598.82,2025-05-20
Caleb Sood,Internet,978.72,2025-07-20
Yadavi Chander,Training,697.57,2025-06-10
Nirja Sekhon,Accommodation,4879.76,2024-12-27
Vihaan Sabharwal,Accommodation,1802.41,2025-07-24
Devansh Gara,Software,885.15,2025-10-21
Idika Rastogi,Travel,2797.08,2025-01-19
Ladli Dalal,Training,3661.78,2025-04-07
Idika Rastogi,Taxi,3442.86,2025-07-28
Ronith Edwin,Team Event,3829.89,2025-10-13
Zaitra Aurora,Taxi,2768.43,2024-12-25
Sarthak Rajagopal,Taxi,2739.64,2025-10-18
Joshua Purohit,Accommodation,967.23,2025-01-27
Saksham Talwar,Hardware,628.10,2025-09-10
Indrajit Kapoor,Hardware,581.27,2025-11-21
Yochana Bora,Team Event,4977.97,2025-01-30
Sarthak Rajagopal,Team Event,2554.49,2025-10-10
Yashoda Manne,Hardware,3623.99,2025-03-17
Yauvani Sengupta,Training,1047.19,2025-01-27
Rajeshri Joshi,Office Supplies,3927.72,2025-04-18
Aayush Sandal,Meals,1408.83,2025-03-23
Akshay Kohli,Training,602.32,2025-11-07
Azad Kurian,Software,1523.91,2025-08-19
Isaac Choudhry,Meals,1476.12,2025-02-22
Dayamai Bakshi,Taxi,1064.36,2025-03-19
Vasatika Ahuja,Taxi,895.95,2025-06-21
Chakradev Thakkar,Taxi,2060.01,2025-01-23
Wyatt Handa,Software,2094.20,2025-01-20
Pushti Dalal,Training,3907.39,2025-08-02
Abhimanyu Kala,Training,2495.65,2025-09-09
Isaac Choudhry,Office Supplies,1554.03,2025-11-13
Dev Bhagat,Accommodation,640.42,2025-08-09
Ethan Sekhon,Accommodation,908.03,2025-05-09
Nitara Rama,Hardware,2888.30,2025-06-29
Varsha Nori,Internet,527.28,2025-07-02
Ladli Keer,Office Supplies,1030.21,2025-05-11
Ladli Keer,Team Event,673.87,2025-05-29
Widisha Lanka,Software,2098.58,2025-08-10
Radhika Baral,Accommodation,1237.31,2025-09-28
Dayamai Bakshi,Team Event,2822.79,2025-07-02
Vedika Mann,Office Supplies,1050.36,2025-10-01
Charan Devan,Hardware,1441.57,2025-01-13
Benjamin Zachariah,Meals,2033.66,2024-12-11
Ekaja Kamdar,Office Supplies,3739.10,2025-03-14
Ronith Edwin,Office Supplies,1727.59,2025-03-16
Jacob Thakkar,Taxi,1226.01,2025-08-01
Yashoda Manne,Hardware,3273.59,2025-03-14
Tanveer Tripathi,Software,2518.74,2025-06-26
Ranbir Panchal,Team Event,3184.35,2025-09-08
Faras Dara,Training,3599.72,2025-01-12
Yochana Bora,Team Event,3597.27,2025-04-17
Hemani Arora,Travel,672.50,2025-06-26
Abhimanyu Kala,Taxi,1479.43,2024-12-04
Balvan Bahl,Team Event,3173.91,2025-08-17
Anika Bansal,Team Event,1833.13,2025-08-23
Caleb Sood,Team Event,1988.12,2025-04-01
Aarna Bahri,Team Event,1500.07,2025-08-04
Idika Rastogi,Software,542.15,2025-05-26
Robert Mammen,Accommodation,4962.20,2025-08-14
Omisha Murty,Travel,3830.15,2025-05-28
Zansi Banik,Travel,589.57,2025-07-28
Anmol Desai,Team Event,1650.59,2025-08-15
Watika Deo,Hardware,3706.17,2024-12-07
Ladli Keer,Travel,1735.77,2025-03-12
Rehaan Buch,Hardware,3169.15,2025-09-03
Rajeshri Joshi,Internet,4502.87,2025-11-22
Harita Upadhyay,Accommodation,2045.86,2025-07-02
Daksha Mitter,Internet,4827.71,2025-02-02
Abdul Pillai,Internet,3868.01,2025-09-07
Idika Rastogi,Accommodation,3938.79,2025-04-02
Watika Deo,Accommodation,844.92,2025-08-17
Hemani Arora,Hardware,3953.08,2025-05-21
Vedant Dash,Accommodation,4003.71,2025-09-23
Ronith Edwin,Taxi,3231.97,2025-01-17
Idika Ganesan,Accommodation,2514.44,2025-04-18
Abhimanyu Kala,Software,3705.31,2025-04-26
Vivaan Kannan,Training,4395.86,2025-05-23
Kai Goel,Software,4521.44,2025-09-17
Bishakha Rout,Meals,4161.31,2025-03-18
Max Gole,Team Event,2578.46,2025-10-14
Vivaan Kannan,Internet,2728.00,2025-03-19
Indrajit Kapoor,Team Event,3523.72,2025-07-23
Watika Kaur,Software,3346.35,2025-08-18
Ethan Sekhon,Software,2839.00,2025-10-19
Zaitra Aurora,Team Event,2952.35,2025-06-26
Vedant Dash,Office Supplies,1532.13,2024-12-09
Aayush Sandal,Travel,4312.26,2025-03-21
Indrajit Kapoor,Travel,1112.88,2025-07-25
Manya Soman,Hardware,1823.34,2025-08-19
Vihaan Sabharwal,Meals,1227.98,2025-08-05
Daksha Mitter,Team Event,3707.52,2025-09-09
Dalaja Wagle,Accommodation,4509.41,2025-11-22
Siddharth Dugal,Meals,4426.50,2025-02-15
Zansi Banik,Internet,1184.38,2025-01-09
Alexander Bhattacharyya,Meals,3807.42,2024-12-21
Joshua Purohit,Software,3199.00,2025-04-16
Dev Bhagat,Accommodation,3636.62,2025-09-07
Ekalinga Dasgupta,Hardware,3343.97,2025-09-29
Watika Kaur,Office Supplies,630.35,2025-05-11
Caleb Sood,Internet,2153.53,2025-11-14
Rajata Thakkar,Hardware,1827.34,2025-05-30
Anika Bansal,Software,4775.73,2025-09-10
Abhimanyu Kala,Training,987.29,2025-09-10
Manya Soman,Hardware,2904.55,2024-12-08
Peter Magar,Training,3047.70,2025-04-26
Ekaja Kamdar,Internet,3678.84,2025-01-05
Yochana Bora,Accommodation,3409.06,2025-02-16
Omisha Murty,Meals,2734.48,2025-09-29
Nicholas Mukhopadhyay,Accommodation,1849.45,2025-04-08
Watika Kaur,Training,4156.81,2024-12-26
Harinakshi Dhaliwal,Team Event,1250.80,2024-12-14
Nitara Rama,Meals,4802.78,2025-09-26
Pushti Dalal,Travel,3693.30,2025-07-24
Dayamai Bakshi,Internet,4116.50,2025-03-03
Krishna Dara,Team Event,2697.73,2025-05-29
Madhavi Johal,Internet,3991.82,2025-05-18
Widisha Lanka,Internet,2092.77,2025-03-08
Max Gole,Office Supplies,1004.36,2025-04-07
Ekalinga Dasgupta,Accommodation,779.69,2025-03-22
Jacob Thakkar,Office Supplies,1313.92,2025-03-14
Ranbir Panchal,Accommodation,1645.89,2024-12-01
Ladli Dalal,Taxi,1994.71,2025-11-07
Diya Wali,Accommodation,1502.95,2025-11-24
Kevin Joshi,Team Event,4725.71,2025-02-26
Isaac Choudhry,Accommodation,1531.41,2025-01-14
Isaac Choudhry,Taxi,4113.20,2025-02-09
Wyatt Handa,Software,2814.11,2025-10-10
Kai Goel,Training,3353.81,2025-09-01
Joshua Purohit,Meals,4219.98,2025-05-27
Tanish Oza,Travel,2508.43,2025-01-09
Dev Bhagat,Travel,3636.01,2025-10-04
Faras Dara,Hardware,1371.68,2025-05-02
Alexander Bhattacharyya,Accommodation,3867.69,2025-05-09
Siddharth Dugal,Training,3421.88,2025-09-17
Tanish Oza,Accommodation,1636.52,2025-07-08
Manya Soman,Software,2561.71,2024-11-27
Joshua Purohit,Software,2052.81,2025-08-28
Nidhi Dubey,Meals,2848.65,2025-09-30
Idika Ganesan,Travel,3710.39,2025-11-13
Ronith Edwin,Accommodation,3426.46,2025-07-01
Vihaan Sabharwal,Travel,3256.74,2025-06-17
Indrajit Kapoor,Office Supplies,2622.04,2025-10-05
Hiral Munshi,Accommodation,1857.41,2025-05-14
Mugdha Mane,Accommodation,3361.18,2025-02-27
Robert Mammen,Accommodation,3456.15,2025-10-28
Samar Sharaf,Hardware,1471.35,2025-09-11
Yatin Uppal,Taxi,3725.63,2025-04-23
Yadavi Chander,Hardware,980.83,2025-11-17
Ekalinga Dasgupta,Taxi,1008.03,2025-09-27
Krishna Dara,Training,4526.72,2025-09-13
Yatin Uppal,Hardware,3554.81,2025-07-26
Charan Devan,Office Supplies,3928.67,2025-08-22
Ekaraj Buch,Team Event,1910.12,2025-11-19
Zaitra Aurora,Team Event,2797.00,2025-03-01
Chakradev Thakkar,Travel,2786.18,2025-04-11
Vedant Dash,Office Supplies,2935.29,2024-12-20
Vedant Dash,Training,3485.45,2025-04-19
Onkar Arya,Office Supplies,3525.67,2025-01-30
Diya Wali,Internet,2564.48,2025-03-09
Manya Soman,Software,592.59,2025-09-09
Max Gole,Meals,2364.55,2025-03-03
Ekaja Kamdar,Software,4156.26,2025-07-09
Nicholas Mukhopadhyay,Team Event,3451.26,2025-08-27
Dakshesh Sandhu,Internet,2949.08,2025-03-12
Dominic Verma,Training,2590.44,2025-03-20
Jacob Thakkar,Meals,668.28,2025-05-09
Kai Goel,Accommodation,1932.22,2025-08-16
Idika Ganesan,Meals,3698.83,2024-12-30
Onkar Arya,Software,2384.14,2025-08-16
Rajeshri Joshi,Accommodation,745.82,2025-06-25
Indali Bhandari,Training,2103.77,2025-08-15
Pushti Dalal,Internet,2174.78,2025-10-14
Onkar Arya,Office Supplies,2115.05,2025-03-22
Benjamin Zachariah,Accommodation,912.05,2025-01-29
Watika Deo,Taxi,3951.32,2025-02-26
Yashoda Manne,Software,4068.93,2025-07-03
Shivansh Saran,Meals,751.31,2025-05-25
Nirja Sekhon,Taxi,3611.79,2025-02-21
Harinakshi Dhaliwal,Internet,2197.60,2025-10-31
Faras Dara,Taxi,4542.68,2025-10-29
Ekalinga Dasgupta,Internet,1039.53,2025-01-14
Joshua Purohit,Software,4947.23,2025-09-18
Rajeshri Joshi,Internet,2005.33,2025-06-29
Advik Dugar,Meals,1515.43,2025-07-09
Manya Soman,Travel,2277.10,2024-12-23
Nandini Golla,Office Supplies,584.23,2025-08-04
Vihaan Sabharwal,Software,2791.41,2025-07-28
Widisha Lanka,Internet,1381.35,2024-12-28
Ladli Dalal,Internet,2243.30,2025-01-01
Nandini Golla,Travel,2136.71,2025-05-04
Vedant Dash,Internet,3917.85,2025-06-13
Alexander Bhattacharyya,Taxi,4013.02,2025-08-12
Radhika Baral,Accommodation,840.84,2025-10-26
Kiaan Lala,Hardware,2090.97,2024-12-13
Daksha Mitter,Training,4615.66,2025-11-05
Azad Raghavan,Office Supplies,1967.35,2025-01-15
Manya Soman,Meals,3229.73,2025-01-15
Nitara Rama,Office Supplies,3423.12,2025-04-09
Harita Upadhyay,Training,3281.07,2025-01-12
Onkar Arya,Software,2818.87,2025-09-23
Zansi Banik,Hardware,3159.16,2024-12-01
Zaitra Aurora,Internet,1535.54,2025-09-06
Aayush Sandal,Meals,3651.03,2025-11-06
Yashoda Manne,Taxi,4729.91,2025-08-13
Watika Deo,Internet,2981.37,2025-03-22
Hiral Munshi,Hardware,3231.46,2025-04-26
Azad Kurian,Office Supplies,2015.12,2025-10-23
Saksham Talwar,Software,1189.68,2025-05-16
Ethan Sekhon,Accommodation,3242.71,2025-06-10
Advik Dugar,Software,3434.56,2025-07-30
Wyatt Handa,Taxi,1595.96,2025-10-16
Rudra Sodhi,Hardware,1234.62,2025-10-30
Vivaan Kannan,Taxi,3337.59,2025-08-14
Ladli Dalal,Internet,3807.91,2025-06-03
Nathaniel Kala,Internet,1162.39,2025-02-26
Bishakha Rout,Taxi,874.89,2025-10-21
Vedika Mann,Software,4219.97,2025-10-20
Ladli Dalal,Accommodation,2162.03,2025-10-06
Vihaan Sabharwal,Accommodation,1743.17,2025-06-05
Kevin Joshi,Office Supplies,4648.99,2025-01-31
Devansh Gara,Team Event,2529.08,2025-05-14
Nirja Sekhon,Office Supplies,4743.83,2025-01-08
Ekalinga Dasgupta,Office Supplies,4392.25,2025-03-23
Yatin Uppal,Internet,707.60,2025-02-16
Yashoda Manne,Travel,1096.79,2025-04-13
Vedika Mann,Travel,1261.61,2025-05-05
Widisha Lanka,Training,1198.20,2025-08-19
Nicholas Mukhopadhyay,Taxi,4491.12,2025-03-01
Aayush Sandal,Internet,2722.69,2025-09-15
Anika Bansal,Software,4020.29,2025-05-26
Abdul Pillai,Software,2827.02,2025-04-07
Kai Goel,Meals,3800.83,2025-05-29
Omisha Murty,Internet,3480.87,2025-07-25
Idika Rastogi,Accommodation,2071.46,2025-01-15
Kevin Joshi,Hardware,2945.24,2025-06-08
Anika Bansal,Meals,4250.54,2025-01-05
Krishna Dara,Internet,2982.55,2025-01-04
Chakradev Thakkar,Software,4631.12,2025-10-15
Vihaan Sabharwal,Team Event,2604.31,2024-12-22
Hemani Arora,Software,949.85,2025-05-14
Idika Rastogi,Training,1212.03,2025-03-07
Mugdha Mane,Hardware,2929.82,2025-11-01
Sarthak Rajagopal,Travel,3019.70,2025-01-26
Ronith Edwin,Hardware,4303.43,2025-11-06
Abdul Pillai,Software,2199.82,2025-07-05
Ranbir Panchal,Software,857.24,2025-05-24
Abhimanyu Kala,Taxi,2447.65,2025-09-06
Advik Dugar,Software,2806.35,2024-12-27
Hiral Munshi,Taxi,4278.37,2025-08-03
Faras Dara,Hardware,1391.78,2025-02-23
Ronith Edwin,Team Event,3360.58,2025-06-06
Akshay Kohli,Internet,2501.20,2025-11-24
Eesha Dasgupta,Team Event,1238.92,2025-08-06
Kai Goel,Meals,1377.64,2025-08-10
Manya Soman,Internet,943.30,2025-09-05
Yadavi Chander,Meals,713.17,2025-04-03
Watika Kaur,Team Event,1553.93,2025-03-16
Dev Bhagat,Meals,2213.34,2025-08-19
Benjamin Zachariah,Training,2259.56,2025-01-29
Shivansh Saran,Training,4857.32,2025-02-22
Wridesh Magar,Team Event,564.09,2025-10-29
Robert Mammen,Hardware,4065.52,2025-09-13
Logan Khurana,Taxi,4012.17,2025-03-05
Kai Goel,Hardware,2740.36,2025-02-09
Watika Deo,Training,4049.26,2025-08-07
Dayamai Bakshi,Accommodation,1031.72,2025-04-14
Aayush Sandal,Taxi,1985.61,2024-12-23
Dalaja Wagle,Training,1464.79,2025-05-13
Alexander Bhattacharyya,Software,2643.54,2025-07-15
Zansi Banik,Travel,767.23,2025-03-04
Charan Devan,Taxi,2104.32,2025-07-21
Ranbir Panchal,Software,4073.07,2025-09-23
Akshay Kohli,Team Event,4440.60,2025-09-05
Vihaan Sabharwal,Team Event,4323.17,2025-07-11
Indrajit Kapoor,Travel,3089.90,2025-03-10
Wridesh Magar,Accommodation,1248.03,2025-09-13
Alexander Bhattacharyya,Taxi,3215.83,2025-03-24
Krishna Dara,Travel,3162.05,2025-11-15
Nandini Golla,Office Supplies,4672.76,2025-08-02
Rajeshri Joshi,Internet,2596.53,2025-01-02
Idika Rastogi,Accommodation,2027.73,2025-09-28
Aarna Bahri,Internet,3061.44,2025-10-18
Rehaan Buch,Hardware,3170.10,2025-09-08
Dominic Verma,Training,3035.00,2025-11-20
Max Gole,Meals,3176.67,2025-07-14
Nitara Rama,Hardware,1218.45,2025-03-05
Watika Deo,Training,1988.28,2025-09-25
Rajeshri Joshi,Meals,2401.14,2025-10-22
Idika Ganesan,Office Supplies,2061.17,2025-04-13
Peter Magar,Software,3153.41,2025-09-12
Kevin Joshi,Internet,4096.07,2025-02-17
Hiral Munshi,Travel,1100.62,2025-08-26
Kevin Joshi,Meals,1988.58,2025-07-09
Idika Rastogi,Taxi,4233.51,2025-06-25
Isaac Choudhry,Meals,4667.08,2025-01-29
Kai Goel,Hardware,4127.96,2025-08-13
Nandini Golla,Office Supplies,943.99,2025-05-21
Advik Dugar,Meals,2677.71,2025-09-04
Yauvani Sengupta,Taxi,2453.15,2025-01-28
Divya Deshmukh,Software,4645.08,2025-01-21
Charan Devan,Meals,1176.07,2025-02-02
Sarthak Rajagopal,Team Event,629.21,2024-12-05
Ansh Chaudry,Office Supplies,3046.16,2024-12-22
Ronith Edwin,Internet,918.18,2025-05-08
Samar Sharaf,Office Supplies,2490.73,2024-12-10
Abhimanyu Kala,Team Event,1721.67,2024-12-26
Wyatt Handa,Team Event,667.36,2025-01-04
Faras Dara,Office Supplies,578.31,2025-07-23
Zansi Banik,Taxi,3373.43,2024-12-14
Ladli Dalal,Internet,1803.12,2025-05-09
Caleb Sood,Taxi,4391.27,2024-12-25
Rajeshri Joshi,Training,1434.53,2025-08-17
Pushti Dalal,Training,3714.71,2025-02-26
Diya Wali,Office Supplies,4351.47,2025-11-06
Dakshesh Sandhu,Office Supplies,3581.08,2025-10-04
Vihaan Sabharwal,Internet,664.94,2025-05-25
Rajeshri Joshi,Hardware,3813.97,2025-10-18
Nidhi Dubey,Office Supplies,1458.01,2025-10-27
Ladli Keer,Training,3599.79,2025-10-27
Abdul Pillai,Team Event,830.64,2025-09-19
Ronith Edwin,Office Supplies,658.94,2025-06-29
Radhika Baral,Meals,4839.61,2025-01-23
Pushti Dalal,Office Supplies,2158.74,2025-01-16
Ladli Dalal,Office Supplies,3935.48,2025-03-05
Watika Deo,Office Supplies,1546.69,2025-09-23
Pushti Dalal,Internet,4431.01,2025-11-11
Vedika Mann,Office Supplies,4537.83,2025-04-22
Dalaja Wagle,Meals,4302.76,2025-09-02
Tanish Oza,Meals,3964.27,2025-09-30
Zansi Banik,Travel,2500.56,2025-01-18
Anmol Desai,Meals,4169.64,2025-02-10
Rajata Thakkar,Taxi,3335.13,2025-06-10
Samar Sharaf,Accommodation,2641.51,2025-09-29
Anmol Desai,Software,827.37,2025-03-02
Wridesh Magar,Travel,4581.82,2025-09-12
Anika Bansal,Hardware,3075.21,2025-02-07
Tanish Oza,Office Supplies,4250.68,2025-06-05
Zansi Banik,Training,4798.33,2025-07-26
Ekaja Kamdar,Accommodation,1569.16,2025-05-18
Nathaniel Kala,Meals,2429.58,2024-12-17
Jacob Thakkar,Accommodation,1619.15,2025-01-27
Dayamai Bakshi,Software,925.27,2024-12-12
Dev Bhagat,Meals,4248.81,2025-11-10
Vivaan Kannan,Accommodation,2858.68,2025-03-13
Manya Soman,Meals,3769.81,2025-08-22
Indrajit Kapoor,Internet,4174.98,2025-11-04
Benjamin Zachariah,Software,3638.94,2025-05-07
Dakshesh Sandhu,Meals,1053.58,2024-12-28
Kiaan Lala,Travel,3991.29,2025-04-26
Zaitra Aurora,Software,3586.95,2025-06-29
Ekalinga Dasgupta,Hardware,3748.42,2025-07-20
Benjamin Saini,Taxi,4811.62,2025-02-03
Logan Khurana,Accommodation,2300.39,2025-03-27
Ladli Keer,Travel,3521.51,2025-03-18
Ekaraj Buch,Internet,1116.70,2025-03-12
Widisha Lanka,Office Supplies,1826.19,2025-02-15
Abhimanyu Kala,Hardware,1353.47,2025-01-05
Joshua Purohit,Taxi,4650.12,2025-04-24
Rehaan Buch,Meals,2621.91,2025-10-14
Nirja Sekhon,Office Supplies,4577.34,2025-07-14
Vihaan Sabharwal,Internet,1741.13,2025-02-15
Peter Magar,Internet,4774.23,2025-04-06
Vivaan Kannan,Office Supplies,1844.48,2025-04-14
Yashoda Manne,Office Supplies,1767.26,2025-09-26
Charan Devan,Travel,4273.60,2025-03-18
Dalaja Wagle,Software,2996.19,2025-04-01
Hemani Arora,Training,960.24,2025-01-27
Ranbir Panchal,Travel,3853.44,2025-01-06
Onkar Arya,Internet,2213.37,2025-07-09
Indrajit Kapoor,Hardware,4612.24,2025-05-11
Peter Magar,Meals,2148.83,2025-04-27
Nirja Sekhon,Hardware,3648.70,2025-11-19
Dayamai Bakshi,Team Event,4094.54,2025-01-03
Jacob Thakkar,Internet,4796.11,2024-12-23
Rehaan Buch,Taxi,1254.49,2025-09-21
Chakradev Thakkar,Taxi,1287.35,2025-06-14
Rajeshri Joshi,Office Supplies,4014.27,2025-07-23
Aarna Bahri,Meals,1202.49,2025-10-29
Ekalinga Dasgupta,Internet,509.52,2025-09-23
Advik Dugar,Software,3821.31,2025-02-25
Max Gole,Hardware,4139.51,2024-12-20
Nathaniel Kala,Meals,2873.31,2025-01-15
Dev Bhagat,Team Event,3588.24,2025-09-26
Benjamin Zachariah,Taxi,1897.47,2025-08-21
Hiral Munshi,Training,1727.74,2025-11-22
Varsha Nori,Office Supplies,3449.90,2025-08-04
Sarthak Rajagopal,Hardware,4032.46,2025-01-18
Yadavi Chander,Accommodation,3974.69,2025-06-27
Radhika Baral,Meals,1253.37,2025-01-06
Azad Kurian,Office Supplies,2616.87,2025-06-22
Jhalak Bali,Meals,4744.94,2025-01-09
Watika Deo,Taxi,4758.30,2025-09-13
Kai Goel,Meals,4199.31,2025-03-08
Ladli Keer,Travel,3156.05,2025-07-04
Dakshesh Sandhu,Team Event,4556.97,2025-10-30
Vasatika Ahuja,Accommodation,4053.31,2025-11-20
Nathaniel Kala,Accommodation,3025.30,2025-11-12
Shivansh Saran,Software,681.89,2025-09-30
Widisha Lanka,Accommodation,975.18,2025-09-20
Omisha Murty,Travel,2837.83,2025-03-17
Divya Deshmukh,Training,4221.27,2025-02-14
Zaitra Aurora,Hardware,861.96,2025-05-05
Vivaan Kannan,Internet,1578.38,2025-10-28
Wyatt Handa,Internet,1776.17,2025-01-12
Ekalinga Dasgupta,Accommodation,794.40,2025-10-08
Ekalinga Dasgupta,Travel,2271.06,2024-12-17
Kevin Joshi,Hardware,1672.28,2025-02-18
Yochana Bora,Travel,853.82,2025-06-28
Zaitra Aurora,Hardware,4637.88,2025-02-09
Radhika Baral,Office Supplies,1503.65,2025-02-05
Anika Bansal,Accommodation,4496.79,2025-06-10
Aayush Sandal,Internet,2431.35,2025-04-20
Vedika Mann,Software,1744.01,2025-05-27
Hiral Munshi,Hardware,4087.05,2025-08-20
Yashoda Manne,Office Supplies,2521.72,2025-07-29
Vedika Mann,Training,1950.15,2025-03-10
Nicholas Mukhopadhyay,Hardware,544.10,2025-06-17
Ekaja Kamdar,Travel,1273.40,2025-02-02
Anmol Desai,Software,3173.82,2025-02-27
Wridesh Magar,Meals,3613.42,2025-02-01
Ekaraj Buch,Internet,2287.78,2024-11-27
Watika Kaur,Hardware,3517.37,2025-03-22
Nathaniel Kala,Meals,3036.76,2025-07-13
Indrajit Kapoor,Software,4234.32,2024-12-23
Ladli Dalal,Software,676.56,2025-01-14
Anmol Desai,Meals,4084.58,2025-05-24
Daksha Mitter,Accommodation,1313.96,2025-06-13
Zansi Banik,Software,1080.58,2025-08-30
Ethan Sekhon,Accommodation,2094.87,2025-11-10
Yauvani Sengupta,Accommodation,3694.12,2025-06-11
Dominic Verma,Training,1683.47,2025-10-27
Idika Rastogi,Software,741.96,2025-04-20
Kiaan Lala,Training,4638.43,2025-04-03
Ronith Edwin,Hardware,4631.56,2025-05-12
Yadavi Chander,Office Supplies,2613.13,2025-05-04
Jacob Thakkar,Software,4826.26,2025-07-03
Tanish Oza,Office Supplies,3333.39,2024-12-16
Abhimanyu Kala,Team Event,3962.55,2025-10-21
Idika Rastogi,Travel,2571.83,2025-07-19
Nandini Golla,Taxi,4541.44,2025-03-18
Abhimanyu Kala,Travel,1089.91,2025-10-25
Rudra Sodhi,Taxi,4669.71,2025-11-06
Shivansh Saran,Software,2129.60,2025-10-26
Vedika Mann,Team Event,968.72,2025-02-09
Advik Dugar,Office Supplies,4017.08,2025-04-10
Dayamai Bakshi,Team Event,2712.01,2025-05-03
Kevin Joshi,Internet,1429.92,2025-11-05
Ekaraj Buch,Accommodation,3324.57,2025-07-14
Vedika Mann,Training,4576.98,2025-03-02
Ansh Chaudry,Office Supplies,3340.46,2025-06-19
Hemani Arora,Accommodation,3863.64,2025-02-12
Onkar Arya,Accommodation,4001.19,2025-11-06
Nidhi Dubey,Meals,1071.95,2025-07-14
Idika Ganesan,Accommodation,640.30,2025-09-02
Watika Kaur,Meals,2435.02,2025-08-06
Ronith Edwin,Taxi,4134.93,2025-11-13
Devansh Gara,Software,3295.12,2025-02-14
Shivansh Saran,Software,1341.99,2025-07-26
Joshua Purohit,Team Event,2255.59,2025-01-12
Yashoda Manne,Hardware,4356.48,2025-07-01
Madhavi Johal,Travel,2613.90,2025-11-23
Harinakshi Dhaliwal,Office Supplies,4324.45,2025-09-17
Joshua Purohit,Meals,2967.05,2025-06-28
Onkar Arya,Accommodation,1906.84,2025-10-14
Zaitra Aurora,Taxi,4183.24,2025-10-08
Bishakha Rout,Hardware,2088.38,2025-02-26
Diya Wali,Office Supplies,3257.77,2025-02-06
Dakshesh Sandhu,Hardware,3068.87,2025-07-12
Samar Sharaf,Software,3072.48,2025-05-08
Balvan Bahl,Meals,1863.51,2025-02-01
Balvan Bahl,Internet,739.85,2024-12-21
Indrajit Kapoor,Team Event,2318.71,2025-09-05
Charan Devan,Training,2048.62,2025-05-11
Ladli Keer,Taxi,3937.87,2025-05-26
Siddharth Dugal,Team Event,1053.47,2025-07-19
Advik Dugar,Travel,3754.87,2024-12-16
Nidhi Dubey,Internet,3423.35,2024-12-07
Dalaja Wagle,Software,2790.88,2025-04-19
Rudra Sodhi,Team Event,2041.45,2025-10-01
Nathaniel Kala,Meals,3626.56,2025-10-26
Aayush Sandal,Software,2382.08,2024-12-13
Yochana Bora,Accommodation,2973.39,2025-09-20
Balvan Bahl,Office Supplies,1943.49,2025-03-14
Madhavi Johal,Training,4590.51,2025-05-22
Pushti Dalal,Meals,2512.54,2025-09-25
Omisha Murty,Training,1919.47,2025-09-25
Yadavi Chander,Office Supplies,2194.84,2025-05-18
Idika Ganesan,Internet,1404.51,2025-03-15
Yatin Uppal,Team Event,1274.07,2025-07-17
Abdul Pillai,Travel,1402.69,2025-06-10
Watika Kaur,Accommodation,2142.77,2025-05-07
Vedika Mann,Internet,3653.75,2025-10-06
Faras Dara,Travel,3158.57,2025-11-02
Isaac Choudhry,Meals,2556.00,2025-07-05
Ekaja Kamdar,Meals,4410.15,2025-06-27
Nicholas Mukhopadhyay,Software,560.90,2025-08-27
Robert Mammen,Training,746.39,2025-01-11
Zansi Banik,Software,1670.44,2025-02-10
Nathaniel Kala,Hardware,4527.64,2025-04-09
Balvan Bahl,Hardware,2737.84,2025-07-17
Varsha Nori,Travel,3364.57,2025-04-02
Manya Soman,Internet,1580.28,2025-10-27
Aarna Bahri,Travel,3982.44,2025-06-06
Indali Bhandari,Taxi,4664.54,2025-07-22
Daksha Mitter,Accommodation,2286.86,2025-09-18
Harita Upadhyay,Software,1151.30,2024-12-11
Rehaan Buch,Office Supplies,3807.89,2025-09-29
Yochana Bora,Hardware,4624.11,2025-03-17
Daksha Mitter,Internet,1234.67,2025-09-29
Vihaan Sabharwal,Accommodation,1959.38,2024-12-22
Vivaan Kannan,Team Event,3682.81,2025-02-16
Abdul Pillai,Office Supplies,1131.89,2025-08-26
Harinakshi Dhaliwal,Internet,2224.72,2025-10-29
Anmol Desai,Training,4633.81,2025-10-23
Ranbir Panchal,Internet,1593.16,2024-12-23
Bishakha Rout,Taxi,4859.31,2025-03-26
Faras Dara,Taxi,4849.87,2025-02-18
Dominic Verma,Meals,3539.29,2025-10-16
Harinakshi Dhaliwal,Hardware,3588.35,2025-08-29
Max Gole,Accommodation,2423.33,2025-02-13
Siddharth Dugal,Meals,2423.63,2025-01-24
Charan Devan,Office Supplies,2223.01,2025-09-03
Idika Ganesan,Taxi,4700.53,2025-11-13
Nathaniel Kala,Internet,2098.90,2025-02-05
Rehaan Buch,Training,692.52,2025-05-18
Ronith Edwin,Office Supplies,1273.30,2024-12-08
Vedika Mann,Training,1109.42,2025-02-17
Abhimanyu Kala,Internet,4299.12,2025-08-12
Pushti Dalal,Taxi,3934.41,2024-12-25
Ekalinga Dasgupta,Meals,1045.22,2025-07-27
Hemani Arora,Taxi,4803.60,2025-09-12
Jacob Thakkar,Internet,838.77,2025-01-15
Nirja Sekhon,Internet,3570.40,2025-08-28
Wridesh Magar,Taxi,1065.95,2025-06-04
Ladli Keer,Team Event,1263.57,2025-08-05
Robert Mammen,Internet,2774.88,2025-02-26
Omisha Murty,Taxi,4964.38,2025-01-26
Dominic Verma,Meals,4381.06,2025-09-13
Shivansh Saran,Taxi,3723.38,2025-02-05
Rajata Thakkar,Software,1706.93,2025-11-08
Isaac Choudhry,Office Supplies,1596.65,2025-04-14
Logan Khurana,Team Event,4623.97,2025-07-12
Azad Raghavan,Training,4026.78,2025-09-24
Anika Bansal,Office Supplies,1650.46,2025-04-28
Charan Devan,Software,3524.19,2025-03-30
Yauvani Sengupta,Team Event,1244.39,2025-08-17
Divya Deshmukh,Internet,1657.35,2025-02-13
Rudra Sodhi,Accommodation,4601.69,2025-05-28
Hemani Arora,Meals,1926.31,2025-08-23
Vivaan Kannan,Accommodation,3034.68,2025-02-09
Aarna Bahri,Taxi,3434.77,2025-03-18
Ranbir Panchal,Office Supplies,1819.46,2025-05-19
Ekaraj Buch,Travel,3986.76,2025-07-22
Tanveer Tripathi,Software,2522.65,2025-11-13
Widisha Lanka,Office Supplies,2448.71,2025-09-06
Madhavi Johal,Training,1452.45,2025-08-28
Madhavi Johal,Software,788.64,2025-03-27
Harita Upadhyay,Office Supplies,3294.32,2025-09-17
Bishakha Rout,Office Supplies,2434.57,2025-08-04
Rajeshri Joshi,Taxi,2376.87,2024-12-30
Abdul Pillai,Hardware,3879.67,2025-08-07
Charan Devan,Internet,1121.06,2024-12-26
Zaitra Aurora,Accommodation,2118.22,2025-09-04
Logan Khurana,Travel,4496.34,2025-06-09
Saksham Talwar,Office Supplies,1854.31,2025-06-14
Hemani Arora,Accommodation,2821.12,2025-09-28
Ranbir Panchal,Software,4179.59,2025-08-09
Balvan Bahl,Office Supplies,3714.69,2025-05-09
Nicholas Mukhopadhyay,Travel,1363.10,2025-01-15
Pushti Dalal,Office Supplies,1472.93,2025-04-01
Yashoda Manne,Training,1121.71,2025-07-18
Samar Sharaf,Taxi,882.23,2025-09-05
Zansi Banik,Team Event,4641.80,2025-05-31
Faras Dara,Software,2698.73,2025-06-07
Varsha Nori,Taxi,1646.86,2025-07-05
Max Gole,Software,3257.72,2025-08-15
Kai Goel,Travel,4125.09,2025-08-15
Nicholas Mukhopadhyay,Software,2624.55,2025-11-09
Rehaan Buch,Hardware,1448.79,2024-12-04
Kevin Joshi,Taxi,1941.26,2025-06-23
Chakradev Thakkar,Accommodation,3559.25,2025-08-18
Vihaan Sabharwal,Hardware,1783.91,2025-06-03
Sarthak Rajagopal,Team Event,4410.03,2025-04-30
Diya Wali,Taxi,4731.52,2025-02-15
Ekaja Kamdar,Taxi,3603.12,2025-05-08
Widisha Lanka,Internet,2795.25,2025-08-19
Dakshesh Sandhu,Training,2144.00,2025-04-11
Advik Dugar,Travel,4148.85,2025-11-09
Ekaja Kamdar,Taxi,803.06,2025-09-11
Hiral Munshi,Team Event,2143.63,2025-06-09
Rehaan Buch,Software,1565.79,2025-03-21
Anmol Desai,Travel,3393.44,2025-05-06
Ranbir Panchal,Taxi,3724.37,2025-11-11
Nicholas Mukhopadhyay,Office Supplies,851.17,2025-01-19
Vedika Mann,Hardware,4808.00,2025-08-23
Nidhi Dubey,Accommodation,4354.43,2025-01-17
Madhavi Johal,Hardware,1465.41,2025-11-04
Devansh Gara,Software,754.89,2025-08-09
Krishna Dara,Hardware,638.28,2025-02-25
Ekaraj Buch,Accommodation,1826.12,2025-07-25
Indrajit Kapoor,Accommodation,4202.30,2025-10-12
Chakradev Thakkar,Taxi,3168.71,2025-08-07
Dakshesh Sandhu,Accommodation,4688.47,2025-03-10
Dev Bhagat,Taxi,2768.81,2025-10-17
Shivansh Saran,Travel,2399.10,2025-09-27
Kai Goel,Internet,2339.39,2025-04-29
Dakshesh Sandhu,Software,4487.06,2025-11-16
Rajata Thakkar,Hardware,576.94,2025-04-07
Benjamin Zachariah,Office Supplies,4313.94,2025-10-30
Siddharth Dugal,Hardware,2568.77,2025-09-07
Varsha Nori,Internet,2901.90,2025-01-23
Idika Rastogi,Team Event,3439.00,2025-04-05
Diya Wali,Office Supplies,3636.21,2025-10-06
Krishna Dara,Accommodation,2269.28,2025-03-13
Eesha Dasgupta,Team Event,1991.98,2025-07-16
Dayamai Bakshi,Office Supplies,2641.34,2024-11-26
Abhimanyu Kala,Training,4990.10,2025-03-18
Logan Khurana,Travel,4711.57,2025-02-27
Ansh Chaudry,Meals,1194.60,2025-02-10
Yashoda Manne,Travel,2618.35,2025-04-09
Harinakshi Dhaliwal,Internet,673.02,2025-03-21
Jhalak Bali,Team Event,4242.21,2025-07-11
Yashoda Manne,Accommodation,3818.02,2025-10-16
Harinakshi Dhaliwal,Team Event,4048.96,2025-03-27
Zaitra Aurora,Office Supplies,2847.22,2025-05-24
Yauvani Sengupta,Training,1458.24,2025-02-10
Caleb Sood,Accommodation,1528.37,2025-03-13
Abhimanyu Kala,Travel,3718.59,2025-09-18
Onkar Arya,Travel,1747.94,2025-03-10
Peter Magar,Internet,1504.98,2024-12-26
Tanveer Tripathi,Travel,2822.49,2025-03-21
Yauvani Sengupta,Office Supplies,1682.30,2025-08-26
Zaitra Aurora,Internet,1788.30,2025-07-26
Zaitra Aurora,Accommodation,4397.91,2025-10-29
Manya Soman,Meals,1226.83,2025-07-12
Ranbir Panchal,Travel,4147.12,2025-03-18
Harita Upadhyay,Team Event,4275.59,2025-10-30
Alexander Bhattacharyya,Hardware,535.01,2025-04-13
Kai Goel,Office Supplies,995.65,2025-08-28
Nidhi Dubey,Hardware,1602.00,2025-07-10
Eesha Dasgupta,Accommodation,4768.78,2025-01-28
Ronith Edwin,Software,1200.60,2025-05-23
Onkar Arya,Taxi,3608.99,2024-12-25
Faras Dara,Team Event,1473.03,2025-05-25
Ekaraj Buch,Taxi,3921.01,2025-06-26
Tanveer Tripathi,Travel,3780.29,2025-01-19
Vivaan Kannan,Office Supplies,3776.06,2025-10-20
Ekaraj Buch,Hardware,3704.62,2025-05-23
Nandini Golla,Accommodation,1416.65,2025-02-20
Widisha Lanka,Internet,2394.23,2024-12-28
Yauvani Sengupta,Taxi,4383.35,2025-08-11
Nidhi Dubey,Accommodation,1594.52,2025-11-10
Robert Mammen,Software,3174.66,2025-10-02
Kevin Joshi,Software,2686.23,2025-07-26
Kai Goel,Meals,1609.56,2025-11-04
Madhavi Johal,Hardware,1077.31,2025-10-27
Manya Soman,Accommodation,1347.66,2025-11-06
Tanish Oza,Office Supplies,3202.22,2025-01-24
Nitara Rama,Software,2955.01,2025-08-30
Devansh Gara,Taxi,2009.84,2025-08-25
Logan Khurana,Office Supplies,4497.70,2025-09-13
Krishna Dara,Internet,3005.25,2025-03-28
Jacob Thakkar,Training,3457.64,2025-07-12
Azad Raghavan,Internet,2626.43,2025-09-21
Sarthak Rajagopal,Hardware,2078.06,2024-12-28
Chakradev Thakkar,Software,1314.66,2025-04-28
Nirja Sekhon,Software,2740.80,2025-01-04
Kiaan Lala,Meals,3199.97,2025-08-29
Nicholas Mukhopadhyay,Accommodation,4834.34,2025-06-01
Yochana Bora,Internet,4981.50,2025-02-11
Nathaniel Kala,Hardware,809.76,2025-09-02
Advik Dugar,Travel,2996.55,2025-07-09
Isaac Choudhry,Training,986.50,2025-06-13
Siddharth Dugal,Accommodation,3446.70,2025-04-29
Zansi Banik,Meals,2343.32,2025-10-01
Mugdha Mane,Accommodation,3729.79,2025-11-06
Nitara Rama,Taxi,714.70,2025-03-15
Varsha Nori,Training,3591.22,2025-06-01
Yauvani Sengupta,Team Event,1417.54,2025-04-06
Ranbir Panchal,Office Supplies,3251.17,2025-10-03
Joshua Purohit,Hardware,2055.49,2025-10-11
Samar Sharaf,Travel,3141.50,2025-09-07
Omisha Murty,Software,4639.10,2025-08-10
Ladli Keer,Office Supplies,3878.62,2025-10-10
Ekaja Kamdar,Meals,1624.48,2025-03-27
Jhalak Bali,Internet,2805.48,2025-03-08
Harita Upadhyay,Internet,1977.54,2025-10-26
Tanish Oza,Office Supplies,2009.92,2025-08-23
Nidhi Dubey,Office Supplies,3786.85,2025-01-10
Ansh Chaudry,Internet,2384.47,2025-07-15
Kevin Joshi,Travel,1235.78,2025-10-12
Tanveer Tripathi,Training,853.54,2025-04-10
Anika Bansal,Hardware,3951.06,2025-01-26
Hemani Arora,Team Event,1101.98,2025-06-24
Max Gole,Internet,3197.30,2025-01-18
Advik Dugar,Team Event,2094.62,2025-10-29
Yauvani Sengupta,Taxi,2748.30,2025-09-28
Indali Bhandari,Travel,647.49,2025-08-08
Diya Wali,Travel,3691.70,2025-02-24
Ekalinga Dasgupta,Accommodation,1587.67,2025-03-27
Caleb Sood,Taxi,3543.74,2025-05-21
Omisha Murty,Meals,3993.23,2025-03-17
Azad Kurian,Training,1847.71,2024-12-14
Yadavi Chander,Training,1384.26,2025-05-09
Vasatika Ahuja,Internet,4989.04,2025-01-02
Vedant Dash,Hardware,1715.94,2025-07-14
Abdul Pillai,Office Supplies,758.37,2025-05-02
Akshay Kohli,Team Event,902.61,2025-02-08
Manya Soman,Office Supplies,1172.02,2025-09-12
Hiral Munshi,Travel,3497.90,2025-08-09
Kai Goel,Hardware,4900.77,2025-04-27
Yatin Uppal,Training,2741.07,2025-10-01
Pushti Dalal,Taxi,2273.03,2025-09-04
Daksha Mitter,Internet,2050.50,2025-06-01
Vedant Dash,Accommodation,3547.51,2025-05-05
Benjamin Zachariah,Software,3391.58,2025-08-14
Ranbir Panchal,Taxi,3733.70,2025-03-23
Dominic Verma,Taxi,3747.35,2025-01-21
Ekalinga Dasgupta,Taxi,1914.95,2025-03-27
Faras Dara,Hardware,2506.39,2025-06-02
Alexander Bhattacharyya,Hardware,2240.26,2025-02-25
Watika Deo,Accommodation,4439.60,2025-10-27
Joshua Purohit,Team Event,2018.17,2025-11-16
Yochana Bora,Internet,3590.85,2025-04-28
Yadavi Chander,Accommodation,2627.18,2025-06-12
Madhavi Johal,Internet,3444.71,2025-10-22
Indrajit Kapoor,Hardware,2037.96,2025-02-06
Anika Bansal,Travel,2883.34,2025-03-14
Yatin Uppal,Software,4672.88,2025-01-04
Yatin Uppal,Accommodation,653.58,2025-05-03
Ekaraj Buch,Meals,3829.88,2025-04-08
Alexander Bhattacharyya,Training,2038.14,2025-11-02
Aarna Bahri,Hardware,4333.32,2025-01-21
Nitara Rama,Software,979.01,2025-01-03
Kevin Joshi,Meals,2951.51,2025-02-01
Max Gole,Training,695.32,2025-08-10
Charan Devan,Software,1095.12,2025-02-27
Idika Rastogi,Hardware,1908.07,2025-02-12
Vasatika Ahuja,Team Event,1390.72,2025-02-02
Faras Dara,Team Event,1424.62,2025-01-05
Pushti Dalal,Software,1525.67,2025-01-19
Ekaja Kamdar,Meals,1738.73,2025-07-18
Max Gole,Travel,3621.61,2024-12-21
Benjamin Zachariah,Taxi,1903.91,2025-06-19
Yadavi Chander,Software,4564.09,2025-11-19
Nicholas Mukhopadhyay,Software,1058.23,2025-01-06
Ronith Edwin,Training,1399.50,2025-01-10
Aayush Sandal,Meals,1085.18,2025-09-22
Nandini Golla,Training,3783.99,2025-11-21
Caleb Sood,Hardware,2187.27,2025-05-25
Yadavi Chander,Training,1873.73,2025-08-21
Watika Deo,Software,908.26,2025-05-13
Harita Upadhyay,Travel,1752.03,2025-07-16
Joshua Purohit,Taxi,3136.09,2025-01-20
Yochana Bora,Team Event,815.86,2025-09-18
Saksham Talwar,Training,3777.95,2025-02-11
Widisha Lanka,Training,4423.68,2025-07-14
Zansi Banik,Team Event,3454.83,2025-05-22
Mugdha Mane,Travel,2688.52,2025-07-26
Divya Deshmukh,Software,4936.78,2025-02-13
Dominic Verma,Training,4664.94,2025-04-28
Vivaan Kannan,Training,1622.01,2024-12-20
Nicholas Mukhopadhyay,Software,4975.46,2025-01-02
Idika Ganesan,Meals,4666.46,2025-08-30
Wyatt Handa,Hardware,2652.39,2025-05-29
Kai Goel,Software,708.16,2025-05-03
Abdul Pillai,Team Event,2734.71,2025-07-16
Joshua Purohit,Office Supplies,2380.52,2025-07-18
Diya Wali,Meals,2334.79,2024-12-29
Ekaraj Buch,Accommodation,4965.84,2025-05-16
Rehaan Buch,Taxi,4168.02,2024-12-13
Watika Kaur,Taxi,2977.76,2024-12-09
Harinakshi Dhaliwal,Software,2030.26,2025-07-06
Dalaja Wagle,Hardware,4945.48,2025-01-17
Varsha Nori,Travel,4831.22,2024-11-30
Max Gole,Taxi,1471.69,2025-06-20
Radhika Baral,Office Supplies,2990.63,2025-05-26
Charan Devan,Meals,4878.35,2025-05-14
Divya Deshmukh,Accommodation,2294.20,2025-05-23
Nidhi Dubey,Internet,985.26,2025-11-24
Anika Bansal,Travel,2790.98,2025-08-26
Anmol Desai,Software,3897.58,2025-02-01
Yatin Uppal,Internet,4165.96,2025-01-06
Rudra Sodhi,Team Event,3304.76,2024-11-30
Kai Goel,Taxi,4175.83,2025-04-04
Harita Upadhyay,Team Event,564.05,2025-04-29
Ekaja Kamdar,Internet,1027.80,2025-04-04
Aayush Sandal,Office Supplies,2121.12,2025-01-09
Kevin Joshi,Travel,526.05,2025-04-21
Yochana Bora,Office Supplies,3815.62,2025-04-21
Devansh Gara,Accommodation,3500.29,2025-02-08
Zansi Banik,Office Supplies,1316.01,2025-01-30
Indrajit Kapoor,Travel,3689.25,2025-08-21
Dayamai Bakshi,Internet,2660.41,2025-01-04
Nicholas Mukhopadhyay,Internet,4989.42,2025-08-07
Wridesh Magar,Taxi,594.37,2025-01-19
Joshua Purohit,Training,3172.39,2025-07-31
Madhavi Johal,Training,3793.83,2025-03-24
Samar Sharaf,Accommodation,3395.03,2025-01-24
Dakshesh Sandhu,Training,3868.63,2024-11-26
Yashoda Manne,Office Supplies,3339.71,2025-10-05
Yatin Uppal,Meals,4485.82,2024-12-09
Samar Sharaf,Training,3496.65,2025-02-21
Nicholas Mukhopadhyay,Software,1221.17,2025-10-21
Ansh Chaudry,Hardware,3198.90,2025-03-22
Abhimanyu Kala,Meals,4399.20,2025-06-16
Rajata Thakkar,Hardware,4197.40,2025-11-04
Abhimanyu Kala,Taxi,2940.83,2025-11-02
Omisha Murty,Meals,1301.58,2024-12-31
Vihaan Sabharwal,Training,737.90,2025-08-25
Radhika Baral,Office Supplies,1468.74,2025-04-18
Abhimanyu Kala,Meals,3518.76,2025-03-03
Shivansh Saran,Accommodation,3976.62,2025-02-16
Vedant Dash,Meals,4672.38,2025-03-24
Manya Soman,Taxi,2604.02,2025-01-28
Divya Deshmukh,Software,783.53,2025-11-07
Widisha Lanka,Office Supplies,2794.94,2025-05-23
Kiaan Lala,Accommodation,3065.44,2025-03-23
Ekaraj Buch,Taxi,2001.46,2024-12-12
Harita Upadhyay,Taxi,2131.40,2025-07-02
Faras Dara,Accommodation,4615.66,2025-10-24
Azad Kurian,Office Supplies,2441.66,2025-06-16
Ladli Keer,Accommodation,1787.95,2025-10-01
Kiaan Lala,Taxi,1164.71,2025-01-24
Chakradev Thakkar,Hardware,950.58,2025-05-21
Widisha Lanka,Training,538.34,2025-07-10
Ekalinga Dasgupta,Hardware,1636.91,2025-05-19
Dalaja Wagle,Accommodation,3654.99,2025-07-27
Ethan Sekhon,Taxi,3878.58,2025-01-27
Yauvani Sengupta,Travel,4936.86,2024-11-28
Anmol Desai,Travel,1708.65,2025-07-09
Vivaan Kannan,Meals,4717.33,2025-07-06
Krishna Dara,Taxi,528.85,2025-05-20
Anmol Desai,Travel,4543.18,2025-10-22
Radhika Baral,Travel,4064.50,2025-03-22
Wyatt Handa,Taxi,4301.81,2025-01-23
Alexander Bhattacharyya,Taxi,1982.81,2025-11-15
Anmol Desai,Internet,680.16,2025-05-29
Anika Bansal,Taxi,2453.18,2025-04-08
Benjamin Saini,Meals,1808.63,2025-09-20
Caleb Sood,Training,4534.76,2025-01-31
Krishna Dara,Meals,888.13,2024-12-19
Zaitra Aurora,Travel,4049.43,2025-06-29
Hiral Munshi,Training,1542.59,2025-06-05
Omisha Murty,Meals,1226.57,2025-06-07
Kiaan Lala,Taxi,2384.81,2024-12-09
Zansi Banik,Internet,3901.77,2024-12-02
Widisha Lanka,Hardware,2188.79,2025-11-02
Daksha Mitter,Accommodation,3754.57,2025-08-03
Kai Goel,Team Event,920.89,2025-06-21
Nandini Golla,Internet,534.56,2025-08-19
Benjamin Zachariah,Office Supplies,511.67,2025-01-15
Shivansh Saran,Office Supplies,3182.66,2025-02-24
Ranbir Panchal,Training,2668.83,2025-01-20
Devansh Gara,Training,2458.26,2024-12-30
Krishna Dara,Office Supplies,4953.05,2024-12-01
Harita Upadhyay,Hardware,792.59,2025-11-03
Balvan Bahl,Software,3365.52,2025-09-12
Kevin Joshi,Software,3766.87,2024-12-05
Ethan Sekhon,Office Supplies,2012.83,2025-07-13
Anika Bansal,Accommodation,2489.92,2025-08-08
Vedant Dash,Taxi,2772.04,2025-05-09
Jacob Thakkar,Office Supplies,3067.54,2025-06-23
Max Gole,Meals,904.28,2025-07-15
Azad Raghavan,Internet,2986.21,2025-07-04
Azad Kurian,Training,1696.43,2025-10-26
Indrajit Kapoor,Software,3140.71,2025-09-04
Hemani Arora,Accommodation,2749.93,2025-07-02
Siddharth Dugal,Office Supplies,1573.77,2025-09-17
Watika Kaur,Training,1344.59,2025-03-16
Ronith Edwin,Accommodation,3155.19,2025-03-19
Faras Dara,Travel,1694.14,2025-10-15
Benjamin Zachariah,Accommodation,3849.90,2025-09-05
Kai Goel,Training,1258.26,2025-08-21
Dev Bhagat,Accommodation,2987.33,2025-05-01
Balvan Bahl,Training,1353.26,2025-11-06
Zansi Banik,Taxi,4503.06,2025-05-31
Tanveer Tripathi,Internet,2468.18,2025-03-11
Zansi Banik,Taxi,1843.36,2025-05-11
Zansi Banik,Software,3980.23,2025-09-02
Caleb Sood,Internet,2509.05,2025-03-14
Ladli Keer,Accommodation,2449.99,2025-09-09
Joshua Purohit,Accommodation,4041.40,2025-03-14
Chakradev Thakkar,Taxi,547.32,2025-10-07
Nitara Rama,Hardware,4262.30,2025-04-20
Benjamin Saini,Office Supplies,1540.97,2024-12-22
Ansh Chaudry,Training,895.98,2025-03-15
Chakradev Thakkar,Accommodation,3921.45,2025-01-29
Balvan Bahl,Office Supplies,2289.48,2025-11-01
Radhika Baral,Team Event,4155.64,2025-04-02
Widisha Lanka,Meals,3034.09,2025-09-21
Ladli Dalal,Internet,3612.10,2025-03-08
Ladli Keer,Software,2148.66,2024-12-12
Idika Ganesan,Office Supplies,3221.27,2025-04-02
Robert Mammen,Team Event,4850.17,2025-01-07
Dayamai Bakshi,Accommodation,2045.63,2024-12-20
Varsha Nori,Meals,4936.42,2024-12-27
Rajeshri Joshi,Office Supplies,4209.75,2025-01-25
Caleb Sood,Training,1066.39,2025-01-24
Rajeshri Joshi,Hardware,4374.89,2025-09-02
Vivaan Kannan,Office Supplies,1202.09,2025-07-02
Yauvani Sengupta,Office Supplies,3828.51,2025-11-08
Yauvani Sengupta,Hardware,1486.77,2025-01-19
Robert Mammen,Training,3809.51,2025-02-02
Kiaan Lala,Taxi,3261.70,2025-06-11
Sarthak Rajagopal,Hardware,3888.38,2025-06-06
Zansi Banik,Internet,1010.70,2025-01-31
Ladli Keer,Accommodation,4233.59,2025-09-27
Eesha Dasgupta,Travel,631.04,2025-05-11
Yatin Uppal,Meals,1266.44,2024-12-15
Dalaja Wagle,Team Event,3202.45,2025-07-03
Ekaja Kamdar,Taxi,964.45,2025-04-07
Indrajit Kapoor,Accommodation,2325.83,2025-01-21
Pushti Dalal,Training,2003.21,2025-09-19
Ronith Edwin,Software,4768.02,2024-12-13
Jacob Thakkar,Training,1549.12,2025-07-30
Hiral Munshi,Accommodation,2611.41,2025-08-11
Ekalinga Dasgupta,Training,619.41,2025-08-18
Radhika Baral,Meals,2500.10,2025-09-20
Divya Deshmukh,Hardware,3936.54,2025-11-03
Ladli Dalal,Travel,2030.35,2025-07-01
Omisha Murty,Accommodation,4393.53,2025-03-12
Benjamin Zachariah,Office Supplies,1464.06,2025-09-23
Samar Sharaf,Internet,513.71,2025-04-21
Ekalinga Dasgupta,Accommodation,1615.34,2025-02-07
Yauvani Sengupta,Hardware,663.94,2025-06-10
Vihaan Sabharwal,Software,4896.58,2025-01-01
Sarthak Rajagopal,Accommodation,3280.82,2025-06-22
Watika Kaur,Team Event,1022.41,2025-06-29
Chakradev Thakkar,Software,4436.41,2025-01-10
Bishakha Rout,Office Supplies,3404.71,2025-09-03
Varsha Nori,Office Supplies,1015.17,2025-11-13
Akshay Kohli,Internet,4345.11,2025-06-12
Anmol Desai,Accommodation,2833.52,2024-12-17
Mugdha Mane,Taxi,4698.30,2025-04-27
Robert Mammen,Internet,1415.59,2025-01-23
Pushti Dalal,Travel,1297.64,2025-02-08
Ladli Keer,Hardware,638.85,2025-02-26
Manya Soman,Meals,4290.88,2024-12-15
Harita Upadhyay,Taxi,793.82,2025-11-05
Charan Devan,Accommodation,1709.09,2025-02-22
Nidhi Dubey,Office Supplies,961.83,2025-05-07
Joshua Purohit,Office Supplies,1164.36,2025-07-07
Siddharth Dugal,Software,1014.51,2025-02-28
Yadavi Chander,Taxi,1011.21,2024-12-16
Shivansh Saran,Travel,3722.85,2025-09-15
Indali Bhandari,Meals,3298.80,2025-04-29
Rehaan Buch,Meals,1242.50,2025-01-25
Mugdha Mane,Travel,4525.88,2025-05-09
Widisha Lanka,Office Supplies,3486.70,2025-04-30
Kiaan Lala,Travel,3046.47,2025-01-28
Kai Goel,Travel,2953.84,2025-04-18
Ranbir Panchal,Office Supplies,4182.34,2025-03-02
Nitara Rama,Taxi,2001.12,2025-04-08
Nirja Sekhon,Team Event,4132.41,2025-08-30
Vedika Mann,Travel,3316.47,2025-10-02
Ladli Dalal,Training,3622.74,2025-03-02
Caleb Sood,Hardware,809.33,2024-12-13
Abdul Pillai,Team Event,3292.55,2025-04-12
Dayamai Bakshi,Travel,4122.31,2025-11-01
Kiaan Lala,Training,1871.31,2025-02-06
Rajata Thakkar,Taxi,3921.31,2025-10-19
Omisha Murty,Accommodation,1623.80,2024-12-20
Widisha Lanka,Team Event,4486.79,2025-07-23
Akshay Kohli,Travel,4600.11,2025-02-12
Madhavi Johal,Travel,4199.93,2025-06-01
Jhalak Bali,Taxi,3272.03,2025-01-24
Ethan Sekhon,Travel,866.81,2025-09-02
Harinakshi Dhaliwal,Software,1868.17,2025-03-25
Rajata Thakkar,Internet,2692.03,2024-12-01
Ekalinga Dasgupta,Meals,2708.24,2025-11-05
Akshay Kohli,Accommodation,809.56,2025-06-22
Peter Magar,Team Event,4588.42,2025-09-09
Hiral Munshi,Office Supplies,1046.84,2025-05-11
Wridesh Magar,Accommodation,4733.88,2025-04-09
Kiaan Lala,Software,4789.19,2025-10-28
Devansh Gara,Training,1235.00,2025-10-07
Ladli Dalal,Hardware,2348.17,2025-07-03
Tanveer Tripathi,Training,1083.45,2025-10-14
Eesha Dasgupta,Accommodation,2969.23,2025-01-13
Watika Kaur,Hardware,4012.17,2024-12-15
Watika Kaur,Internet,1485.28,2024-12-08
Krishna Dara,Team Event,1727.58,2025-10-06
Aarna Bahri,Taxi,1318.28,2024-12-12
Krishna Dara,Meals,4731.46,2025-06-02
Krishna Dara,Team Event,3388.76,2024-12-22
Kai Goel,Taxi,4927.09,2025-04-25
Kai Goel,Training,4500.21,2025-01-12
Dominic Verma,Internet,3329.83,2025-10-24
Rudra Sodhi,Meals,1614.92,2025-06-11
Rehaan Buch,Accommodation,2670.64,2025-02-23
Hemani Arora,Hardware,2725.60,2025-07-29
Manya Soman,Internet,3090.00,2025-03-26
Dakshesh Sandhu,Taxi,722.70,2025-11-16
Tanish Oza,Software,3586.63,2025-05-31
Tanish Oza,Hardware,2442.62,2024-11-26
Nitara Rama,Travel,1689.53,2025-07-04
Alexander Bhattacharyya,Software,1962.96,2025-07-14
Yochana Bora,Hardware,1252.77,2025-03-25
Advik Dugar,Software,4691.59,2025-03-14
Kevin Joshi,Internet,4636.42,2025-10-20
Dalaja Wagle,Travel,4242.63,2025-11-06
Manya Soman,Software,1946.12,2024-12-30
Ladli Dalal,Meals,1235.46,2024-12-26
Robert Mammen,Meals,1201.15,2025-02-27
Yadavi Chander,Hardware,3342.44,2025-06-08
Indali Bhandari,Software,2244.47,2025-06-29
Divya Deshmukh,Hardware,2635.83,2025-03-18
Yauvani Sengupta,Internet,1713.42,2025-03-12
Abhimanyu Kala,Hardware,3172.72,2025-02-02
Watika Kaur,Meals,1985.23,2025-02-18
Rajeshri Joshi,Hardware,1096.98,2025-07-05
Eesha Dasgupta,Training,4952.19,2025-10-19
Onkar Arya,Team Event,4573.24,2025-06-17
Nirja Sekhon,Accommodation,2016.52,2025-08-19
Charan Devan,Accommodation,4349.43,2025-04-26
Krishna Dara,Hardware,1038.93,2025-06-30
Vihaan Sabharwal,Team Event,4950.87,2025-02-26
Vedant Dash,Accommodation,564.22,2025-01-29
Yochana Bora,Training,2887.01,2025-08-22
Nathaniel Kala,Internet,1969.09,2025-01-22
Yashoda Manne,Meals,2806.15,2025-03-31
Hiral Munshi,Accommodation,4763.06,2025-09-12
Yauvani Sengupta,Software,1616.07,2025-04-25
Kai Goel,Software,625.65,2025-01-21
Robert Mammen,Training,3537.66,2025-02-10
Akshay Kohli,Software,4818.83,2025-08-31
Onkar Arya,Accommodation,4462.85,2025-04-09
Widisha Lanka,Internet,1313.24,2025-11-10
Rajeshri Joshi,Meals,742.56,2024-12-16
Chakradev Thakkar,Software,3257.76,2025-04-13
Robert Mammen,Travel,3800.60,2025-07-13
Idika Rastogi,Team Event,4262.44,2025-05-26
Ladli Keer,Travel,3212.07,2025-07-12
Bishakha Rout,Accommodation,3200.23,2025-05-05
Samar Sharaf,Accommodation,2665.96,2025-09-16
Vedika Mann,Office Supplies,2685.98,2024-11-25
Dev Bhagat,Team Event,2627.46,2025-10-03
Indrajit Kapoor,Taxi,2958.32,2025-03-29
Nitara Rama,Internet,4095.30,2025-11-17
Samar Sharaf,Software,1386.30,2025-08-26
Caleb Sood,Team Event,2087.93,2025-04-16
Rajata Thakkar,Accommodation,4301.61,2025-07-13
Abhimanyu Kala,Travel,1702.22,2025-06-22
Aayush Sandal,Internet,867.25,2025-06-27
Nitara Rama,Travel,1557.82,2025-11-14
Aayush Sandal,Travel,654.67,2025-04-29
Abdul Pillai,Software,867.16,2025-08-22
Akshay Kohli,Taxi,3662.57,2024-12-20
Samar Sharaf,Taxi,1735.67,2025-06-14
Alexander Bhattacharyya,Team Event,2730.63,2024-12-29
Siddharth Dugal,Office Supplies,1977.41,2025-02-20
Vedika Mann,Software,4500.78,2025-08-02
Jacob Thakkar,Hardware,1684.94,2025-11-22
Dakshesh Sandhu,Taxi,682.25,2025-06-24
Krishna Dara,Internet,2072.58,2025-04-07
Ansh Chaudry,Software,4065.35,2025-01-01
Ronith Edwin,Internet,4305.36,2025-10-21
Alexander Bhattacharyya,Training,4403.88,2024-12-22
Dalaja Wagle,Hardware,3123.33,2025-03-04
Zansi Banik,Meals,2212.79,2025-08-31
Radhika Baral,Travel,3760.43,2025-01-15
Ladli Dalal,Travel,3704.46,2025-04-29
Wyatt Handa,Office Supplies,4662.74,2025-07-14
Tanveer Tripathi,Travel,727.17,2025-02-02
Nathaniel Kala,Software,3390.47,2025-03-25
Ansh Chaudry,Accommodation,3502.25,2025-10-23
Chakradev Thakkar,Taxi,1192.48,2025-04-24
Isaac Choudhry,Hardware,1293.18,2025-11-05
Krishna Dara,Travel,4568.28,2025-05-17
Hemani Arora,Hardware,1463.81,2025-04-19
Aayush Sandal,Software,1278.18,2025-01-22
Jacob Thakkar,Internet,4686.25,2025-03-25
Idika Rastogi,Software,4428.07,2025-04-18
Azad Kurian,Internet,4394.62,2025-01-13
Wridesh Magar,Office Supplies,754.11,2025-05-27
Sarthak Rajagopal,Travel,2021.41,2025-03-12
Idika Rastogi,Meals,4037.85,2025-11-10
Rudra Sodhi,Training,3524.98,2025-07-09
Balvan Bahl,Training,979.01,2025-03-03
Abhimanyu Kala,Hardware,4901.56,2025-04-01
Indrajit Kapoor,Meals,2129.22,2024-12-28
Zansi Banik,Travel,1823.16,2025-09-27
Vihaan Sabharwal,Hardware,4083.58,2025-03-11
Tanish Oza,Office Supplies,2432.28,2025-03-18
Logan Khurana,Hardware,1722.37,2025-05-26
Ekalinga Dasgupta,Team Event,2649.66,2025-08-11
Radhika Baral,Meals,4253.37,2024-12-06
Yochana Bora,Training,3636.77,2025-07-14
Robert Mammen,Taxi,1165.85,2025-02-12
Vivaan Kannan,Internet,1041.87,2025-04-25
Kevin Joshi,Hardware,2921.31,2025-02-25
Caleb Sood,Software,1122.86,2025-04-04
Anmol Desai,Meals,1662.41,2025-06-11
Chakradev Thakkar,Internet,629.18,2025-10-08
Watika Deo,Team Event,4647.07,2025-08-11
Joshua Purohit,Hardware,951.97,2024-12-05
Ansh Chaudry,Taxi,3351.12,2025-09-03
Idika Rastogi,Training,3925.50,2025-07-21
Vedika Mann,Accommodation,2544.79,2025-11-06
Alexander Bhattacharyya,Team Event,2898.17,2025-01-01
Omisha Murty,Office Supplies,1930.87,2025-10-22
Peter Magar,Training,799.23,2025-08-31
Isaac Choudhry,Internet,1981.05,2025-07-16
Manya Soman,Internet,3972.72,2024-12-04
Yochana Bora,Travel,2136.43,2025-07-16
Manya Soman,Taxi,4135.50,2025-11-02
Widisha Lanka,Accommodation,697.37,2025-02-19
Nicholas Mukhopadhyay,Taxi,3517.46,2024-12-27
Caleb Sood,Taxi,1817.98,2025-03-13
Sarthak Rajagopal,Office Supplies,2411.26,2025-06-26
Sarthak Rajagopal,Software,4214.70,2025-01-21
Dev Bhagat,Meals,1976.34,2025-11-10
Akshay Kohli,Software,4274.25,2025-08-04
Peter Magar,Team Event,3875.56,2025-10-02
Zaitra Aurora,Team Event,1819.30,2025-02-19
Shivansh Saran,Hardware,3506.33,2024-11-26
Yauvani Sengupta,Travel,3754.55,2025-01-09
Devansh Gara,Training,4576.56,2025-07-21
Azad Raghavan,Taxi,1584.02,2024-11-29
Manya Soman,Meals,1782.90,2025-05-21
Nirja Sekhon,Taxi,670.83,2025-07-31
Kevin Joshi,Internet,4139.11,2025-04-21
Jacob Thakkar,Hardware,2378.25,2025-05-20
Ekalinga Dasgupta,Internet,1796.67,2025-05-19
Tanish Oza,Meals,1607.00,2025-02-03
Sarthak Rajagopal,Taxi,1520.73,2024-12-24
Varsha Nori,Taxi,4379.99,2025-03-10
Benjamin Zachariah,Office Supplies,4917.63,2025-04-04
Watika Deo,Internet,3239.68,2025-01-19
Wyatt Handa,Software,654.06,2025-01-13
Alexander Bhattacharyya,Internet,4568.38,2025-11-08
Tanish Oza,Internet,2582.15,2025-02-04
Max Gole,Accommodation,2273.80,2025-01-01
Advik Dugar,Accommodation,4129.60,2025-05-29
Robert Mammen,Team Event,2827.93,2025-06-01
Vedant Dash,Team Event,817.63,2025-06-21
Ekaraj Buch,Internet,4683.66,2025-03-29
Madhavi Johal,Team Event,907.41,2025-03-17
Nitara Rama,Team Event,1963.15,2025-06-15
Tanish Oza,Taxi,4959.86,2024-12-24
Radhika Baral,Meals,4607.95,2025-06-01
Dalaja Wagle,Hardware,681.51,2025-11-09
Azad Kurian,Accommodation,651.79,2025-05-02
Charan Devan,Accommodation,1619.94,2024-12-23
Ethan Sekhon,Travel,2295.44,2025-04-04
Samar Sharaf,Software,752.43,2025-02-01
Onkar Arya,Team Event,3608.29,2025-02-14
Shivansh Saran,Taxi,639.66,2025-08-24
Yochana Bora,Training,4273.86,2025-06-15
Ekaraj Buch,Meals,2566.07,2025-06-21
Jhalak Bali,Software,3443.70,2025-05-25
Ethan Sekhon,Accommodation,1475.87,2025-09-07
Jacob Thakkar,Meals,3250.90,2025-05-08
Peter Magar,Software,3048.69,2025-06-07
Zaitra Aurora,Meals,737.23,2024-12-28
Wyatt Handa,Meals,4167.80,2025-01-28
Benjamin Saini,Hardware,4377.98,2025-08-20
Kai Goel,Software,1270.15,2025-03-05
Zaitra Aurora,Travel,2389.61,2025-06-20
Charan Devan,Internet,506.86,2025-05-13
Faras Dara,Training,2115.07,2024-12-15
Samar Sharaf,Internet,4383.27,2025-11-13
Rehaan Buch,Office Supplies,3711.37,2025-01-15
Akshay Kohli,Taxi,2429.38,2025-11-02
Nathaniel Kala,Taxi,2570.70,2025-03-31
Caleb Sood,Travel,2333.56,2025-11-25
Kai Goel,Accommodation,2075.49,2025-10-28
Max Gole,Internet,2108.40,2025-06-03
Max Gole,Travel,2257.28,2025-06-09
Aayush Sandal,Team Event,2825.46,2025-07-29
Ranbir Panchal,Office Supplies,3359.09,2025-02-27
Diya Wali,Office Supplies,3345.60,2025-11-05
Nandini Golla,Travel,2038.43,2025-09-27
Samar Sharaf,Software,3209.33,2025-03-09
Harinakshi Dhaliwal,Taxi,1168.50,2024-12-08
Zansi Banik,Training,2252.47,2025-06-09
Joshua Purohit,Accommodation,3645.73,2025-11-24
Krishna Dara,Taxi,1270.33,2025-04-10
Diya Wali,Team Event,3169.39,2025-10-15
Nirja Sekhon,Travel,4365.44,2025-11-25
Rehaan Buch,Travel,4493.08,2025-01-30
Alexander Bhattacharyya,Accommodation,1587.34,2025-05-12
Charan Devan,Accommodation,1669.12,2025-09-10
Devansh Gara,Meals,1212.39,2025-07-07
Yadavi Chander,Taxi,2669.26,2025-05-14
Idika Ganesan,Training,3051.88,2025-02-07
Nathaniel Kala,Software,3552.94,2025-09-25
Abdul Pillai,Taxi,2034.49,2025-02-12
Dominic Verma,Accommodation,2506.56,2025-05-24
Zaitra Aurora,Internet,3121.70,2025-01-01
Manya Soman,Internet,1024.82,2024-12-29
Benjamin Zachariah,Team Event,1745.23,2025-09-21
Chakradev Thakkar,Team Event,3272.88,2025-05-10
Nitara Rama,Office Supplies,961.60,2025-02-20
Vihaan Sabharwal,Software,1099.78,2025-07-26
Ekaraj Buch,Team Event,2745.18,2024-12-16
Idika Rastogi,Internet,1895.74,2024-12-30
Onkar Arya,Internet,994.35,2025-09-08
Charan Devan,Internet,4426.75,2025-11-19
Caleb Sood,Internet,4208.29,2025-09-05
Dev Bhagat,Team Event,3942.13,2025-03-20
Bishakha Rout,Travel,1220.76,2025-03-12
Nathaniel Kala,Accommodation,2729.13,2025-07-16
Balvan Bahl,Meals,2476.75,2024-12-15
Indrajit Kapoor,Training,1278.83,2025-08-30
Watika Kaur,Accommodation,3745.45,2025-10-31
Max Gole,Software,3997.30,2025-07-24
Rajata Thakkar,Training,1759.02,2025-06-13
Radhika Baral,Training,4049.50,2025-04-21
Yauvani Sengupta,Office Supplies,3274.49,2025-08-07
Advik Dugar,Office Supplies,4787.55,2025-05-04
Wridesh Magar,Taxi,1874.80,2025-04-21
Alexander Bhattacharyya,Hardware,3771.14,2025-02-14
Balvan Bahl,Internet,3620.86,2025-01-09
Nitara Rama,Travel,1999.72,2025-05-15
Krishna Dara,Training,948.17,2025-02-04
Nirja Sekhon,Internet,3205.44,2025-07-06
Indali Bhandari,Office Supplies,4226.41,2025-09-12
Varsha Nori,Internet,2259.96,2025-07-29
Hemani Arora,Meals,3695.65,2025-03-21
Vivaan Kannan,Travel,3603.81,2025-10-21
Rehaan Buch,Meals,729.65,2025-07-01
Zansi Banik,Accommodation,4101.81,2024-12-03
Vedant Dash,Meals,4513.39,2025-06-23
Aarna Bahri,Travel,1971.22,2024-12-17
Ansh Chaudry,Meals,3483.13,2025-02-11
Saksham Talwar,Taxi,3789.05,2025-04-17
Vivaan Kannan,Hardware,3500.87,2025-05-11
Dayamai Bakshi,Taxi,1156.83,2025-11-21
Advik Dugar,Meals,3107.41,2025-07-11
Vedant Dash,Software,2030.17,2025-10-28
Watika Deo,Team Event,4027.11,2025-03-12
Madhavi Johal,Team Event,4882.06,2025-08-04
Charan Devan,Travel,1680.87,2025-08-02
Nirja Sekhon,Accommodation,4763.13,2025-01-29
Ansh Chaudry,Accommodation,4020.40,2025-03-31
Yatin Uppal,Office Supplies,2792.33,2025-07-12
Yadavi Chander,Training,2430.38,2024-12-08
Rehaan Buch,Hardware,697.20,2025-01-13
Akshay Kohli,Office Supplies,3488.28,2025-01-10
Radhika Baral,Accommodation,3425.74,2025-05-08
Dev Bhagat,Accommodation,1402.37,2025-01-15
Caleb Sood,Office Supplies,947.63,2024-12-29
Dominic Verma,Hardware,2935.23,2025-03-11
Ekaraj Buch,Software,1883.25,2025-04-20
Tanveer Tripathi,Software,2010.35,2025-04-15
Rajata Thakkar,Office Supplies,3465.06,2025-02-11
Nidhi Dubey,Taxi,4555.59,2025-07-07
Rajeshri Joshi,Hardware,3637.78,2025-11-13
Nathaniel Kala,Internet,743.04,2025-05-12
Rudra Sodhi,Travel,920.57,2025-04-13
Hiral Munshi,Travel,3358.68,2025-06-22
Divya Deshmukh,Office Supplies,975.48,2025-02-11
Ekaraj Buch,Training,3011.36,2025-06-04
Anika Bansal,Meals,4735.82,2025-07-02
Rehaan Buch,Team Event,2929.33,2025-03-04
Ethan Sekhon,Travel,4907.93,2025-04-26
Vihaan Sabharwal,Internet,556.11,2024-12-13
Caleb Sood,Software,878.87,2025-04-18
Eesha Dasgupta,Team Event,945.01,2025-02-28
Abhimanyu Kala,Accommodation,2885.92,2025-04-23
Ladli Dalal,Office Supplies,4907.85,2025-08-01
Dalaja Wagle,Office Supplies,4974.44,2025-08-29
Krishna Dara,Travel,3920.38,2025-03-13
Kai Goel,Software,2784.33,2025-04-06
Pushti Dalal,Software,2639.25,2025-02-14
Aarna Bahri,Accommodation,971.89,2025-10-19
Balvan Bahl,Meals,3461.20,2024-12-21
Dalaja Wagle,Taxi,4571.77,2025-10-09
Yauvani Sengupta,Team Event,3570.87,2025-05-03
Faras Dara,Team Event,4911.83,2025-06-27
Rudra Sodhi,Hardware,1687.00,2025-01-04
Ekaraj Buch,Taxi,2970.38,2025-06-13
Akshay Kohli,Accommodation,4656.23,2024-11-25
Eesha Dasgupta,Software,4511.07,2025-07-14
Hiral Munshi,Meals,1527.07,2025-01-25
Abdul Pillai,Office Supplies,1576.70,2025-05-03
Krishna Dara,Accommodation,4392.61,2025-02-27
Ekaraj Buch,Team Event,3871.16,2025-04-05
Ekaraj Buch,Training,3570.74,2025-09-01
Rehaan Buch,Travel,4313.19,2025-01-30
Peter Magar,Meals,1507.64,2025-06-08
Omisha Murty,Software,1819.62,2025-01-09
Mugdha Mane,Team Event,2460.47,2025-01-25
Ekaja Kamdar,Internet,2658.99,2025-04-01
Widisha Lanka,Travel,4167.53,2025-06-13
Idika Ganesan,Accommodation,4789.04,2025-04-27
Idika Ganesan,Hardware,977.95,2025-07-10
Logan Khurana,Internet,3685.73,2025-06-03
Ranbir Panchal,Training,797.47,2025-04-15
Chakradev Thakkar,Software,807.50,2025-09-25
Kai Goel,Training,3645.47,2025-09-09
Nitara Rama,Travel,1795.90,2024-12-15
Tanish Oza,Internet,1222.15,2024-12-04
Eesha Dasgupta,Software,4110.17,2025-05-18
Robert Mammen,Travel,1295.05,2025-01-19
Omisha Murty,Travel,4495.31,2025-10-13
Aarna Bahri,Hardware,2449.88,2025-03-27
Harinakshi Dhaliwal,Taxi,1827.01,2025-07-09
Robert Mammen,Accommodation,790.57,2025-10-09
Nicholas Mukhopadhyay,Hardware,1961.67,2025-08-25
Vedant Dash,Hardware,4023.39,2025-09-30
Ekaraj Buch,Taxi,2010.40,2025-08-05
Anmol Desai,Training,3159.27,2025-09-24
Ethan Sekhon,Accommodation,4062.48,2025-05-04
Balvan Bahl,Team Event,3256.34,2025-05-24
Anmol Desai,Accommodation,1275.06,2024-12-17
Chakradev Thakkar,Meals,3028.58,2025-11-09
Ethan Sekhon,Meals,4086.51,2025-02-10
Jacob Thakkar,Accommodation,4145.04,2025-02-24
Eesha Dasgupta,Taxi,2277.13,2025-07-12
Ethan Sekhon,Office Supplies,3405.45,2025-06-02
Max Gole,Accommodation,652.34,2025-05-18
Faras Dara,Hardware,1546.65,2025-03-26
Radhika Baral,Team Event,1291.67,2025-09-02
Yashoda Manne,Hardware,1546.49,2025-11-10
Rehaan Buch,Hardware,3234.49,2025-01-31
Mugdha Mane,Office Supplies,2914.05,2025-03-18
Watika Kaur,Taxi,3071.64,2025-08-22
Divya Deshmukh,Accommodation,3241.19,2025-09-16
Zaitra Aurora,Meals,4735.48,2025-04-28
Yashoda Manne,Meals,1215.19,2025-03-16
Yatin Uppal,Training,1177.65,2025-08-02
Vasatika Ahuja,Office Supplies,3010.45,2025-10-05
Yadavi Chander,Internet,2362.41,2025-09-03
Saksham Talwar,Software,4398.72,2025-01-10
Azad Raghavan,Accommodation,2204.44,2025-05-28
Azad Kurian,Internet,3762.83,2025-09-18
Abdul Pillai,Software,1849.85,2025-09-02
Vedika Mann,Software,4849.20,2025-07-13
Nidhi Dubey,Hardware,1262.99,2025-04-03
Vedant Dash,Internet,3925.24,2025-05-10
Saksham Talwar,Office Supplies,1847.06,2025-03-22
Aayush Sandal,Taxi,4397.41,2024-12-12
Harita Upadhyay,Team Event,3538.69,2025-05-15
Aayush Sandal,Accommodation,4601.70,2025-11-21
Krishna Dara,Accommodation,3234.78,2025-06-03
Bishakha Rout,Accommodation,2096.36,2025-05-24
Varsha Nori,Team Event,2890.57,2025-03-20
Alexander Bhattacharyya,Travel,4244.84,2025-10-01
Yadavi Chander,Office Supplies,856.67,2025-09-05
Pushti Dalal,Taxi,2948.53,2025-11-15
Ladli Keer,Taxi,1899.17,2025-10-16
Onkar Arya,Accommodation,4959.90,2024-12-23
Idika Rastogi,Office Supplies,995.24,2025-02-05
Azad Raghavan,Software,3631.03,2025-09-16
Tanveer Tripathi,Meals,4280.91,2025-09-28
Kiaan Lala,Internet,4332.04,2025-02-26
Varsha Nori,Office Supplies,4022.79,2024-12-08
Vedika Mann,Internet,3363.10,2025-06-29
Yatin Uppal,Hardware,892.37,2025-04-24
Peter Magar,Internet,4555.76,2025-05-08
Devansh Gara,Training,1008.29,2025-09-11
Ronith Edwin,Software,2732.18,2025-07-05
Radhika Baral,Travel,1470.47,2025-01-10
Nidhi Dubey,Hardware,874.68,2025-05-06
Abdul Pillai,Accommodation,1681.17,2025-09-06
Yochana Bora,Office Supplies,3494.75,2025-02-21
Advik Dugar,Training,3984.81,2025-02-10
Zansi Banik,Internet,3359.11,2025-04-05
Kai Goel,Hardware,1413.61,2025-04-25
